system:index,elevation,mean_wind_speed,open_land,slope,suitable,wind_variability,.geo
0,125,1.989330204935546,0,0.1764113008975982,0,1.068192296903658,"{""type"":""MultiPoint"",""coordinates"":[]}"
1,300,1.9958530707866595,1,0.8573378324508667,0,1.009434931686851,"{""type"":""MultiPoint"",""coordinates"":[]}"
2,115,2.0255595874405965,1,0.1701492816209793,1,1.0038241369000604,"{""type"":""MultiPoint"",""coordinates"":[]}"
3,181,1.93059480085746,0,0.4240315556526184,0,1.089874498003912,"{""type"":""MultiPoint"",""coordinates"":[]}"
4,277,0.424513132550473,0,0.6901378035545349,0,0.2185266559926506,"{""type"":""MultiPoint"",""coordinates"":[]}"
5,1295,0.8866194415176893,0,4.456572532653809,0,0.4532179026400169,"{""type"":""MultiPoint"",""coordinates"":[]}"
6,147,2.671199950905012,1,0.3559038341045379,1,1.4216854341052816,"{""type"":""MultiPoint"",""coordinates"":[]}"
7,230,1.9081416166969367,1,0.2601307332515716,0,0.9999233914680258,"{""type"":""MultiPoint"",""coordinates"":[]}"
8,105,2.3751925030801093,0,0.1868650913238525,0,1.1342658425344183,"{""type"":""MultiPoint"",""coordinates"":[]}"
9,557,2.262707373106334,0,0.8285729289054871,0,1.2125403041504406,"{""type"":""MultiPoint"",""coordinates"":[]}"
10,297,1.80747792158444,1,0.872924268245697,0,1.0303626374749932,"{""type"":""MultiPoint"",""coordinates"":[]}"
11,368,1.5999802373158851,0,2.4304933547973637,0,0.6918957457357058,"{""type"":""MultiPoint"",""coordinates"":[]}"
12,362,3.063213650933054,1,0.248214766383171,2,1.5922468361745945,"{""type"":""MultiPoint"",""coordinates"":[]}"
13,11,3.250397918035241,0,0.2730266749858856,0,1.2632219777726683,"{""type"":""MultiPoint"",""coordinates"":[]}"
14,9,3.696512685358357,0,0.1952693462371826,0,1.483320502572696,"{""type"":""MultiPoint"",""coordinates"":[]}"
15,323,1.8448264969024035,1,0.5255231857299805,0,1.073382440510615,"{""type"":""MultiPoint"",""coordinates"":[]}"
16,48,2.372773015873868,1,0.1578301936388015,1,1.168433747457306,"{""type"":""MultiPoint"",""coordinates"":[]}"
17,219,2.887842457159765,0,0.3647397458553314,0,1.6146012371254594,"{""type"":""MultiPoint"",""coordinates"":[]}"
18,68,2.4574455236497936,1,0.1504334211349487,1,1.1712791914940872,"{""type"":""MultiPoint"",""coordinates"":[]}"
19,374,1.5479069531971876,0,2.831970453262329,0,0.8270509858584416,"{""type"":""MultiPoint"",""coordinates"":[]}"
20,464,2.275583103503933,1,0.3463444113731384,1,1.2147005913762654,"{""type"":""MultiPoint"",""coordinates"":[]}"
21,66,2.010569076685928,0,0.1217657253146171,0,0.9398902390791468,"{""type"":""MultiPoint"",""coordinates"":[]}"
22,0,3.7801756705438,1,0.0,2,1.2412172756980309,"{""type"":""MultiPoint"",""coordinates"":[]}"
23,50,2.4820165565990746,1,0.0413687452673912,1,1.1770125307684445,"{""type"":""MultiPoint"",""coordinates"":[]}"
24,17,2.570872964830133,1,0.1790580302476883,1,1.0854037298061996,"{""type"":""MultiPoint"",""coordinates"":[]}"
25,136,1.7179319204005972,0,0.0883362367749214,0,0.9860838006042116,"{""type"":""MultiPoint"",""coordinates"":[]}"
26,176,1.344615355995886,1,0.2753949761390686,0,0.7769218427403821,"{""type"":""MultiPoint"",""coordinates"":[]}"
27,8,3.2011346637161044,0,0.0413924306631088,0,1.2867056208110037,"{""type"":""MultiPoint"",""coordinates"":[]}"
28,113,2.3751925030801093,0,0.2862769663333893,0,1.1342658425344183,"{""type"":""MultiPoint"",""coordinates"":[]}"
29,62,2.409775922076211,1,0.2509152889251709,1,1.1356661307112317,"{""type"":""MultiPoint"",""coordinates"":[]}"
30,558,1.1117906357222478,0,6.736457824707031,0,0.6396632229454594,"{""type"":""MultiPoint"",""coordinates"":[]}"
31,154,1.3861983624674004,1,0.2913289666175842,0,0.8462344102296303,"{""type"":""MultiPoint"",""coordinates"":[]}"
32,136,2.086271675086428,1,0.3568812310695648,1,1.171984507647336,"{""type"":""MultiPoint"",""coordinates"":[]}"
33,64,2.4940483300251106,0,0.06504837423563,0,1.2386088857289692,"{""type"":""MultiPoint"",""coordinates"":[]}"
34,158,1.7901540430231635,0,0.2713596224784851,0,0.899874145093655,"{""type"":""MultiPoint"",""coordinates"":[]}"
35,173,1.2395729616897946,0,0.0828176885843277,0,0.6058636528788668,"{""type"":""MultiPoint"",""coordinates"":[]}"
36,35,1.9106465980127048,1,0.1190890595316886,0,0.9286425818663774,"{""type"":""MultiPoint"",""coordinates"":[]}"
37,77,2.404776655621608,1,0.2418519854545593,1,1.2006613426125037,"{""type"":""MultiPoint"",""coordinates"":[]}"
38,6,3.31791331495791,1,0.0655596330761909,2,1.5321868244882422,"{""type"":""MultiPoint"",""coordinates"":[]}"
39,117,1.6105647609203797,1,0.1952460706233978,0,0.7102347575112434,"{""type"":""MultiPoint"",""coordinates"":[]}"
40,66,2.4940483300251106,1,0.147895872592926,1,1.2386088857289692,"{""type"":""MultiPoint"",""coordinates"":[]}"
41,439,1.2156931564914486,1,2.909339904785156,0,0.6129933176941377,"{""type"":""MultiPoint"",""coordinates"":[]}"
42,866,2.381053709137751,1,6.968434810638428,1,1.1979268573539414,"{""type"":""MultiPoint"",""coordinates"":[]}"
43,383,0.590388433363468,0,12.36350154876709,0,0.3109971947518116,"{""type"":""MultiPoint"",""coordinates"":[]}"
44,164,1.7201416414556538,1,0.1054677292704582,0,0.7339289597706087,"{""type"":""MultiPoint"",""coordinates"":[]}"
45,208,2.0201567637900766,0,0.1063954681158065,0,1.1302002016272803,"{""type"":""MultiPoint"",""coordinates"":[]}"
46,320,2.0533620812852758,0,0.248354434967041,0,1.2033082535085842,"{""type"":""MultiPoint"",""coordinates"":[]}"
47,259,1.3282238294779272,1,0.1710863709449768,0,0.6030637432339563,"{""type"":""MultiPoint"",""coordinates"":[]}"
48,341,1.3610831265959618,1,3.955130100250244,0,0.7311885229780462,"{""type"":""MultiPoint"",""coordinates"":[]}"
49,43,2.0770468859749043,1,0.0289840884506702,1,1.1482930706520855,"{""type"":""MultiPoint"",""coordinates"":[]}"
50,1287,0.7222722287716908,0,3.123098611831665,0,0.3632968141791968,"{""type"":""MultiPoint"",""coordinates"":[]}"
51,115,1.6862434511208249,0,0.2353876084089279,0,1.047083654118848,"{""type"":""MultiPoint"",""coordinates"":[]}"
52,84,1.8238881767620645,0,0.2392314076423645,0,1.09713250309807,"{""type"":""MultiPoint"",""coordinates"":[]}"
53,74,2.008985555141936,0,0.4587573707103729,0,0.923015321995981,"{""type"":""MultiPoint"",""coordinates"":[]}"
54,135,2.257675416646365,0,0.1505212485790252,0,1.2849880021561613,"{""type"":""MultiPoint"",""coordinates"":[]}"
55,13,3.727250890980716,1,0.041263710707426,2,1.662407314695008,"{""type"":""MultiPoint"",""coordinates"":[]}"
56,43,2.1086193444485715,1,0.2393403947353363,1,0.981783923139442,"{""type"":""MultiPoint"",""coordinates"":[]}"
57,376,1.4615545740439078,1,0.289838433265686,0,0.7837795532167808,"{""type"":""MultiPoint"",""coordinates"":[]}"
58,115,2.192453244832324,1,0.3829319775104522,1,1.0480655895478093,"{""type"":""MultiPoint"",""coordinates"":[]}"
59,165,1.8093895401160032,1,0.2863786220550537,0,0.9841623509293064,"{""type"":""MultiPoint"",""coordinates"":[]}"
60,255,2.339747726911436,0,2.7635746002197266,0,1.1804976503169164,"{""type"":""MultiPoint"",""coordinates"":[]}"
61,491,1.4472466380357785,0,2.533583402633667,0,0.7843494939631143,"{""type"":""MultiPoint"",""coordinates"":[]}"
62,125,2.308899777242803,1,0.2693724632263183,1,1.0669823166313734,"{""type"":""MultiPoint"",""coordinates"":[]}"
63,202,2.339747726911436,1,0.3307434618473053,1,1.1804976503169164,"{""type"":""MultiPoint"",""coordinates"":[]}"
64,20,2.3098809182319866,1,0.1875660717487335,1,0.9144714779010386,"{""type"":""MultiPoint"",""coordinates"":[]}"
65,231,1.581695047081311,0,1.5170936584472656,0,0.7108086032618779,"{""type"":""MultiPoint"",""coordinates"":[]}"
66,159,2.1378838878486865,1,0.3570791780948639,1,1.1399050846894918,"{""type"":""MultiPoint"",""coordinates"":[]}"
67,13,2.630827559701042,1,0.0651671811938285,1,1.143407009152817,"{""type"":""MultiPoint"",""coordinates"":[]}"
68,793,2.589710677731332,0,2.568307876586914,0,1.3805008446857812,"{""type"":""MultiPoint"",""coordinates"":[]}"
69,46,2.3707163869308383,0,0.1783736944198608,0,1.1613217571087349,"{""type"":""MultiPoint"",""coordinates"":[]}"
70,239,1.562516013942547,0,1.3682039976119995,0,0.8648833806098261,"{""type"":""MultiPoint"",""coordinates"":[]}"
71,123,2.023783490205445,1,0.289838433265686,1,0.9706077907976944,"{""type"":""MultiPoint"",""coordinates"":[]}"
72,75,1.8203903357715483,1,0.131778746843338,0,0.8637153585854873,"{""type"":""MultiPoint"",""coordinates"":[]}"
73,217,2.050890501332101,1,0.4646886587142944,1,1.104288835877086,"{""type"":""MultiPoint"",""coordinates"":[]}"
74,74,2.0639387645834573,1,0.1469765603542328,1,1.1311356244352513,"{""type"":""MultiPoint"",""coordinates"":[]}"
75,123,1.989330204935546,1,0.0918667688965797,0,1.068192296903658,"{""type"":""MultiPoint"",""coordinates"":[]}"
76,463,1.972207883114236,0,5.969860076904297,0,0.8624236065424389,"{""type"":""MultiPoint"",""coordinates"":[]}"
77,236,1.229993028326091,0,0.2674971520900726,0,0.6362955490627124,"{""type"":""MultiPoint"",""coordinates"":[]}"
78,69,2.3736949227990065,1,0.278070330619812,1,1.169556897738104,"{""type"":""MultiPoint"",""coordinates"":[]}"
79,749,1.5984524292700193,0,2.1836788654327397,0,0.8642031919550477,"{""type"":""MultiPoint"",""coordinates"":[]}"
80,67,2.993705832068715,1,0.2318714708089828,1,1.1834967747592036,"{""type"":""MultiPoint"",""coordinates"":[]}"
81,165,1.559160011587909,1,0.1317821145057678,0,0.6758561725859648,"{""type"":""MultiPoint"",""coordinates"":[]}"
82,341,1.806919845504693,0,0.7522931694984436,0,0.7160985633699634,"{""type"":""MultiPoint"",""coordinates"":[]}"
83,472,2.08283279105721,1,2.668687105178833,1,0.7764510678070663,"{""type"":""MultiPoint"",""coordinates"":[]}"
84,254,1.3233415901636938,1,0.5319539904594421,0,0.6085599989712202,"{""type"":""MultiPoint"",""coordinates"":[]}"
85,151,1.9943921899668164,0,0.9487460255622864,0,1.0253399121221662,"{""type"":""MultiPoint"",""coordinates"":[]}"
86,205,1.440168139386972,1,0.5422430634498596,0,0.6984326299431194,"{""type"":""MultiPoint"",""coordinates"":[]}"
87,834,0.936902241149737,0,5.307217597961426,0,0.4552702009294891,"{""type"":""MultiPoint"",""coordinates"":[]}"
88,8,2.868682072828608,0,0.1219228878617286,0,1.157655987774819,"{""type"":""MultiPoint"",""coordinates"":[]}"
89,56,1.970116464993072,1,0.0659494251012802,0,0.9281518152425076,"{""type"":""MultiPoint"",""coordinates"":[]}"
90,252,2.3917711262856023,1,0.542769730091095,1,1.327900051843739,"{""type"":""MultiPoint"",""coordinates"":[]}"
91,132,1.9267230219495783,1,0.350995123386383,0,0.9353010685327104,"{""type"":""MultiPoint"",""coordinates"":[]}"
92,679,1.6241315793411708,0,16.028535842895508,0,0.7399554799499065,"{""type"":""MultiPoint"",""coordinates"":[]}"
93,82,2.167439215572556,1,0.1196011453866958,1,1.1548776517086072,"{""type"":""MultiPoint"",""coordinates"":[]}"
94,1057,0.914963272231469,1,10.464795112609863,0,0.4364339607588587,"{""type"":""MultiPoint"",""coordinates"":[]}"
95,358,0.6239959494871417,0,2.113566637039185,0,0.2403351964390008,"{""type"":""MultiPoint"",""coordinates"":[]}"
96,404,1.53493863539216,1,1.1875755786895752,0,0.7173948638318259,"{""type"":""MultiPoint"",""coordinates"":[]}"
97,91,2.414083801071938,0,0.4552331268787384,0,1.1158105049311589,"{""type"":""MultiPoint"",""coordinates"":[]}"
98,1791,1.0904574889220595,0,11.254185676574709,0,0.5636423086387681,"{""type"":""MultiPoint"",""coordinates"":[]}"
99,269,0.4100363549972672,0,0.2913435697555542,0,0.2287790031654167,"{""type"":""MultiPoint"",""coordinates"":[]}"
100,323,1.4891826745177232,0,3.8424649238586426,0,0.6971744504904825,"{""type"":""MultiPoint"",""coordinates"":[]}"
101,183,1.2693967427615442,1,0.5225289463996887,0,0.674146131488558,"{""type"":""MultiPoint"",""coordinates"":[]}"
102,373,1.627636450661884,0,2.796389102935791,0,0.648440294314128,"{""type"":""MultiPoint"",""coordinates"":[]}"
103,90,2.0145380665366046,0,0.1159362122416496,0,1.15396923528573,"{""type"":""MultiPoint"",""coordinates"":[]}"
104,302,2.301479268726176,1,0.5589588284492493,1,1.308828832219462,"{""type"":""MultiPoint"",""coordinates"":[]}"
105,108,2.0716556248041917,1,0.1245671063661575,1,1.0164784432786105,"{""type"":""MultiPoint"",""coordinates"":[]}"
106,13,5.076889003252751,0,0.0824245661497116,0,2.076369304303505,"{""type"":""MultiPoint"",""coordinates"":[]}"
107,1070,1.4265786444870092,0,4.64764404296875,0,0.5893091237502357,"{""type"":""MultiPoint"",""coordinates"":[]}"
108,257,2.814307446443726,1,0.5349075198173523,1,1.5734615497582272,"{""type"":""MultiPoint"",""coordinates"":[]}"
109,107,2.0785784333785915,1,0.0,1,0.9611038669959924,"{""type"":""MultiPoint"",""coordinates"":[]}"
110,379,1.7096471638407686,0,0.4506227374076843,0,0.8417001450291085,"{""type"":""MultiPoint"",""coordinates"":[]}"
111,403,3.214826133709053,1,0.2769907712936401,2,1.5779176602777578,"{""type"":""MultiPoint"",""coordinates"":[]}"
112,754,1.741429791115748,0,7.595603466033935,0,0.7489990097954086,"{""type"":""MultiPoint"",""coordinates"":[]}"
113,115,2.599377400124714,0,0.3930786550045013,0,1.3079571782420456,"{""type"":""MultiPoint"",""coordinates"":[]}"
114,240,1.202644680547507,0,0.49360391497612,0,0.5043144269079569,"{""type"":""MultiPoint"",""coordinates"":[]}"
115,299,2.370306699133029,1,0.4608572423458099,1,1.3413064624187938,"{""type"":""MultiPoint"",""coordinates"":[]}"
116,132,1.9849795857750556,1,3.627427577972412,0,0.9753393864456976,"{""type"":""MultiPoint"",""coordinates"":[]}"
117,5,4.220325390257984,1,0.1504377871751785,2,1.5964918598219575,"{""type"":""MultiPoint"",""coordinates"":[]}"
118,8,3.9036553973671415,0,0.0579681657254695,0,1.6680391814352724,"{""type"":""MultiPoint"",""coordinates"":[]}"
119,399,1.490243160746712,1,1.1001243591308594,0,0.5829310548124843,"{""type"":""MultiPoint"",""coordinates"":[]}"
120,268,1.0882707665458964,1,0.1952473521232605,0,0.4820544104404801,"{""type"":""MultiPoint"",""coordinates"":[]}"
121,93,1.7056410902921253,1,0.1056313589215278,0,1.144282281909932,"{""type"":""MultiPoint"",""coordinates"":[]}"
122,105,1.7081722449554957,0,0.5235651731491089,0,0.8035524431485503,"{""type"":""MultiPoint"",""coordinates"":[]}"
123,541,1.7242338724045922,0,3.908236980438232,0,0.7545175971148598,"{""type"":""MultiPoint"",""coordinates"":[]}"
124,740,1.7302708221032854,0,4.061788082122803,0,0.9053685850748944,"{""type"":""MultiPoint"",""coordinates"":[]}"
125,106,1.6443875572388835,0,6.123133659362793,0,0.7074002068440863,"{""type"":""MultiPoint"",""coordinates"":[]}"
126,96,1.9278790362922764,1,0.5234530568122864,0,1.0028276589671363,"{""type"":""MultiPoint"",""coordinates"":[]}"
127,857,1.1180886277824362,0,8.54747200012207,0,0.5155792366495207,"{""type"":""MultiPoint"",""coordinates"":[]}"
128,75,2.3736949227990065,1,0.2358531802892685,1,1.169556897738104,"{""type"":""MultiPoint"",""coordinates"":[]}"
129,86,1.840153981232626,1,0.3514997959136963,0,0.8740432951942065,"{""type"":""MultiPoint"",""coordinates"":[]}"
130,923,2.522896258729107,1,0.9128674268722534,1,1.243019479089752,"{""type"":""MultiPoint"",""coordinates"":[]}"
131,106,2.3402583729185724,0,0.2067099958658218,0,1.0787738628895782,"{""type"":""MultiPoint"",""coordinates"":[]}"
132,6,2.800193339387058,0,0.0937769785523414,0,1.1429407570945105,"{""type"":""MultiPoint"",""coordinates"":[]}"
133,136,2.065330221589885,1,0.2299795001745224,1,1.0547592643887251,"{""type"":""MultiPoint"",""coordinates"":[]}"
134,141,1.505702640229334,1,0.1764934808015823,0,0.7891524934225203,"{""type"":""MultiPoint"",""coordinates"":[]}"
135,144,1.3905291847325485,1,0.3867971301078796,0,0.7448226784200308,"{""type"":""MultiPoint"",""coordinates"":[]}"
136,337,1.70678055786915,1,0.317528486251831,0,0.7946247357501137,"{""type"":""MultiPoint"",""coordinates"":[]}"
137,467,2.275583103503933,1,3.520664691925049,1,1.2147005913762654,"{""type"":""MultiPoint"",""coordinates"":[]}"
138,119,2.235184249889635,1,0.4760001599788666,1,1.266213932103443,"{""type"":""MultiPoint"",""coordinates"":[]}"
139,48,2.0614545973311063,0,0.1210652440786361,0,1.138118941830842,"{""type"":""MultiPoint"",""coordinates"":[]}"
140,64,2.040842300538537,0,0.304397851228714,0,0.9598085531872788,"{""type"":""MultiPoint"",""coordinates"":[]}"
141,795,0.7751033377425832,0,18.71558380126953,0,0.4504174748577105,"{""type"":""MultiPoint"",""coordinates"":[]}"
142,89,2.0241598256045963,0,0.3323098421096802,0,1.0051391778011023,"{""type"":""MultiPoint"",""coordinates"":[]}"
143,13,2.2344147018998086,1,0.0289840884506702,1,0.9638600903504254,"{""type"":""MultiPoint"",""coordinates"":[]}"
144,5,4.484716222830941,1,0.0412712022662162,2,1.912527002372612,"{""type"":""MultiPoint"",""coordinates"":[]}"
145,116,2.049554942131888,1,0.2075736224651336,1,0.9974735105651484,"{""type"":""MultiPoint"",""coordinates"":[]}"
146,686,1.5930156539969214,0,12.12437915802002,0,0.6690939232854187,"{""type"":""MultiPoint"",""coordinates"":[]}"
147,398,2.383130190152734,0,0.1504421383142471,0,1.1193763513817032,"{""type"":""MultiPoint"",""coordinates"":[]}"
148,123,2.037569072579508,1,0.2106395214796066,1,0.9934795659369744,"{""type"":""MultiPoint"",""coordinates"":[]}"
149,34,1.9106465980127048,1,0.1662120223045349,0,0.9286425818663774,"{""type"":""MultiPoint"",""coordinates"":[]}"
150,316,1.0440454783265345,1,0.1478780657052993,0,0.5348155305878518,"{""type"":""MultiPoint"",""coordinates"":[]}"
151,125,1.8575734806033224,1,0.4300764799118042,0,0.9043120035739304,"{""type"":""MultiPoint"",""coordinates"":[]}"
152,48,2.040842300538537,0,0.2947061657905578,0,0.9598085531872788,"{""type"":""MultiPoint"",""coordinates"":[]}"
153,138,2.005662447206786,1,0.3402078151702881,1,0.9785939691888672,"{""type"":""MultiPoint"",""coordinates"":[]}"
154,69,2.1635453510753284,1,0.064985379576683,1,1.022350214820426,"{""type"":""MultiPoint"",""coordinates"":[]}"
155,10,3.400399477243745,0,0.0650444105267524,0,1.254855804442809,"{""type"":""MultiPoint"",""coordinates"":[]}"
156,100,2.2656389214307047,1,0.2318714708089828,1,1.1310721189855693,"{""type"":""MultiPoint"",""coordinates"":[]}"
157,195,1.6194902752875973,1,0.1449201554059982,0,0.8149450699215998,"{""type"":""MultiPoint"",""coordinates"":[]}"
158,48,1.9056091525587504,1,0.1239514127373695,0,1.0142262772840849,"{""type"":""MultiPoint"",""coordinates"":[]}"
159,329,1.806919845504693,0,2.0190699100494385,0,0.7160985633699634,"{""type"":""MultiPoint"",""coordinates"":[]}"
160,8,2.130025816300068,1,0.0413976535201072,1,0.9230255230149704,"{""type"":""MultiPoint"",""coordinates"":[]}"
161,11,2.229462121459919,1,0.0828203558921814,1,0.9624073309961532,"{""type"":""MultiPoint"",""coordinates"":[]}"
162,168,1.5791055335884163,0,0.5447047352790833,0,0.9864940063355162,"{""type"":""MultiPoint"",""coordinates"":[]}"
163,57,2.295521857150627,1,0.1706664711236953,1,1.206107459020797,"{""type"":""MultiPoint"",""coordinates"":[]}"
164,150,1.7901540430231635,0,0.223781406879425,0,0.899874145093655,"{""type"":""MultiPoint"",""coordinates"":[]}"
165,220,1.5131244370298182,1,0.5298058390617371,0,0.7722649610133244,"{""type"":""MultiPoint"",""coordinates"":[]}"
166,232,1.257775838898059,1,1.6364879608154297,0,0.565521217998297,"{""type"":""MultiPoint"",""coordinates"":[]}"
167,194,1.7301155022342996,1,0.1593098789453506,0,0.9741252966418664,"{""type"":""MultiPoint"",""coordinates"":[]}"
168,122,1.5596914185035582,1,0.1471177637577057,0,0.9472280679848272,"{""type"":""MultiPoint"",""coordinates"":[]}"
169,114,2.266137948941157,1,0.4590611457824707,1,1.0772105545849473,"{""type"":""MultiPoint"",""coordinates"":[]}"
170,346,2.086232577309333,1,0.8537503480911255,1,1.0974912587040786,"{""type"":""MultiPoint"",""coordinates"":[]}"
171,628,1.824712321475482,0,7.648712635040283,0,0.9307143042425567,"{""type"":""MultiPoint"",""coordinates"":[]}"
172,66,1.9332562934248445,1,0.3367890119552612,0,0.9028128657500925,"{""type"":""MultiPoint"",""coordinates"":[]}"
173,81,2.0145380665366046,0,0.0825773924589157,0,1.15396923528573,"{""type"":""MultiPoint"",""coordinates"":[]}"
174,200,1.2693967427615442,0,0.4161306023597717,0,0.674146131488558,"{""type"":""MultiPoint"",""coordinates"":[]}"
175,279,1.8448264969024035,1,0.2521644830703735,0,1.073382440510615,"{""type"":""MultiPoint"",""coordinates"":[]}"
176,62,1.9332562934248445,1,0.1242304220795631,0,0.9028128657500925,"{""type"":""MultiPoint"",""coordinates"":[]}"
177,153,2.086271675086428,0,0.2913514971733093,0,1.171984507647336,"{""type"":""MultiPoint"",""coordinates"":[]}"
178,417,1.2353587881021062,1,0.8765091300010681,0,0.5749028677706802,"{""type"":""MultiPoint"",""coordinates"":[]}"
179,398,2.1307389195011783,1,0.2913542687892914,1,1.1509118292961986,"{""type"":""MultiPoint"",""coordinates"":[]}"
180,705,1.5930156539969214,0,20.172605514526367,0,0.6690939232854187,"{""type"":""MultiPoint"",""coordinates"":[]}"
181,529,1.7097419684045287,0,3.464792251586914,0,0.7808814657214053,"{""type"":""MultiPoint"",""coordinates"":[]}"
182,962,2.623922969392914,1,0.9977003931999208,1,1.2727870208212566,"{""type"":""MultiPoint"",""coordinates"":[]}"
183,108,2.214228167826392,1,0.3527819216251373,1,1.1050044406042354,"{""type"":""MultiPoint"",""coordinates"":[]}"
184,385,1.257775838898059,0,6.560329914093018,0,0.565521217998297,"{""type"":""MultiPoint"",""coordinates"":[]}"
185,196,1.124794861069113,1,0.2764648795127868,0,0.5986513695856246,"{""type"":""MultiPoint"",""coordinates"":[]}"
186,213,2.685778959712429,0,0.4637353420257568,0,1.5195772923322075,"{""type"":""MultiPoint"",""coordinates"":[]}"
187,148,1.505702640229334,1,0.1498950868844986,0,0.7891524934225203,"{""type"":""MultiPoint"",""coordinates"":[]}"
188,54,2.226013808441022,1,0.2063230127096176,1,1.073541898206815,"{""type"":""MultiPoint"",""coordinates"":[]}"
189,207,1.0502422247688274,0,1.8711495399475095,0,0.6202176927058112,"{""type"":""MultiPoint"",""coordinates"":[]}"
190,57,1.984474621203263,1,0.4049237072467804,0,0.97892692016483,"{""type"":""MultiPoint"",""coordinates"":[]}"
191,27,2.19969615804166,0,0.2050364762544632,0,0.9560836443942974,"{""type"":""MultiPoint"",""coordinates"":[]}"
192,381,2.9934340465979203,1,0.591560959815979,1,1.4372532312886994,"{""type"":""MultiPoint"",""coordinates"":[]}"
193,780,1.0246379005872974,0,2.3266544342041016,0,0.5642776927779306,"{""type"":""MultiPoint"",""coordinates"":[]}"
194,28,2.316702408624339,1,0.0413073599338531,1,1.181839321485302,"{""type"":""MultiPoint"",""coordinates"":[]}"
195,9,3.2011346637161044,0,0.1479021459817886,0,1.2867056208110037,"{""type"":""MultiPoint"",""coordinates"":[]}"
196,37,3.8028580563392143,0,1.039412021636963,0,1.9963966312138308,"{""type"":""MultiPoint"",""coordinates"":[]}"
197,265,2.3917711262856023,1,0.5227473378181458,1,1.327900051843739,"{""type"":""MultiPoint"",""coordinates"":[]}"
198,308,0.8044527163923082,1,0.7281386256217957,0,0.3688414992881844,"{""type"":""MultiPoint"",""coordinates"":[]}"
199,112,2.1177637662321422,1,0.2675146460533142,1,0.9686937653613796,"{""type"":""MultiPoint"",""coordinates"":[]}"
200,351,2.443693577618349,1,0.6556236743927002,1,1.305968204412328,"{""type"":""MultiPoint"",""coordinates"":[]}"
201,485,1.2456830584798937,0,9.528274536132812,0,0.6818337255692263,"{""type"":""MultiPoint"",""coordinates"":[]}"
202,194,1.5832791589191029,1,0.5322703123092651,0,0.6790427343731306,"{""type"":""MultiPoint"",""coordinates"":[]}"
203,321,0.590388433363468,0,2.3961827754974365,0,0.3109971947518116,"{""type"":""MultiPoint"",""coordinates"":[]}"
204,20,2.003108931994663,1,0.1975522488355636,1,0.8958363081773946,"{""type"":""MultiPoint"",""coordinates"":[]}"
205,356,3.1124446173759326,0,0.6363100409507751,0,1.4599905703486864,"{""type"":""MultiPoint"",""coordinates"":[]}"
206,371,2.207770249376116,0,0.5421327948570251,0,1.170035044285473,"{""type"":""MultiPoint"",""coordinates"":[]}"
207,760,1.482526167863226,0,18.7482967376709,0,0.6037996189749274,"{""type"":""MultiPoint"",""coordinates"":[]}"
208,118,2.35226451331523,1,0.4374805092811584,1,1.1378207334629442,"{""type"":""MultiPoint"",""coordinates"":[]}"
209,15,3.135842213370662,0,0.0654796585440635,0,1.438884866136444,"{""type"":""MultiPoint"",""coordinates"":[]}"
210,184,1.5341757776256593,1,0.3740354776382446,0,0.6019675055174827,"{""type"":""MultiPoint"",""coordinates"":[]}"
211,147,2.257675416646365,0,0.4151153564453125,0,1.2849880021561613,"{""type"":""MultiPoint"",""coordinates"":[]}"
212,72,2.5548406395912093,1,0.0657556354999542,1,1.2918991697221325,"{""type"":""MultiPoint"",""coordinates"":[]}"
213,411,1.942052846298259,1,1.1028586626052856,0,1.0167353396217025,"{""type"":""MultiPoint"",""coordinates"":[]}"
214,8,3.580573824285928,0,0.1696104258298874,0,1.6109334388838634,"{""type"":""MultiPoint"",""coordinates"":[]}"
215,514,1.7412202643767638,0,5.833396911621094,0,0.8546027500630381,"{""type"":""MultiPoint"",""coordinates"":[]}"
216,999,1.2376057899625017,0,12.38485050201416,0,0.574073298716852,"{""type"":""MultiPoint"",""coordinates"":[]}"
217,186,1.497130263435558,1,0.5100365281105042,0,0.7562579700868141,"{""type"":""MultiPoint"",""coordinates"":[]}"
218,483,2.155852290131217,1,0.6255489587783813,1,1.1219718132963958,"{""type"":""MultiPoint"",""coordinates"":[]}"
219,299,2.411627913611372,0,0.4563505053520202,0,1.2922415425240743,"{""type"":""MultiPoint"",""coordinates"":[]}"
220,54,2.4574455236497936,1,0.3153188824653625,1,1.1712791914940872,"{""type"":""MultiPoint"",""coordinates"":[]}"
221,172,1.5618307018856463,1,0.3178476095199585,0,0.6203635870903331,"{""type"":""MultiPoint"",""coordinates"":[]}"
222,64,1.965551117061905,0,0.6855025291442871,0,0.969776637310516,"{""type"":""MultiPoint"",""coordinates"":[]}"
223,357,1.2926838929235565,0,0.347804844379425,0,0.5879096908366442,"{""type"":""MultiPoint"",""coordinates"":[]}"
224,26,2.260932364209865,1,0.0590283796191215,1,1.0091478533639466,"{""type"":""MultiPoint"",""coordinates"":[]}"
225,1522,1.6154651677710825,0,7.045062065124512,0,0.6853129840286423,"{""type"":""MultiPoint"",""coordinates"":[]}"
226,161,2.1916983558645007,1,0.289838433265686,1,1.0385914906155858,"{""type"":""MultiPoint"",""coordinates"":[]}"
227,6,3.5753054358053387,1,0.0289840884506702,2,1.2671349153320193,"{""type"":""MultiPoint"",""coordinates"":[]}"
228,70,2.006353186311157,1,0.1323323547840118,1,0.9599946423234004,"{""type"":""MultiPoint"",""coordinates"":[]}"
229,392,2.4707330730232,0,0.4806182086467743,0,1.19152975959293,"{""type"":""MultiPoint"",""coordinates"":[]}"
230,32,2.1549844194097347,1,0.1238199099898338,1,1.1828644728585924,"{""type"":""MultiPoint"",""coordinates"":[]}"
231,38,2.3374690486380656,1,0.0579681657254695,1,1.07999561607684,"{""type"":""MultiPoint"",""coordinates"":[]}"
232,186,2.3455152403386923,1,0.6152988076210022,1,1.1570419226116906,"{""type"":""MultiPoint"",""coordinates"":[]}"
233,273,0.5292147766867088,0,0.2902937233448028,0,0.2469928254086026,"{""type"":""MultiPoint"",""coordinates"":[]}"
234,61,2.4940483300251106,1,0.0413687452673912,1,1.2386088857289692,"{""type"":""MultiPoint"",""coordinates"":[]}"
235,27,2.298544780443667,1,0.029510686174035,1,0.9913163460935422,"{""type"":""MultiPoint"",""coordinates"":[]}"
236,80,1.9374391006951237,1,0.1301431655883789,0,0.899358812851342,"{""type"":""MultiPoint"",""coordinates"":[]}"
237,419,1.0388211961043652,0,0.4084669649600982,0,0.4065988465440306,"{""type"":""MultiPoint"",""coordinates"":[]}"
238,650,2.381053709137751,0,5.889622688293457,0,1.1979268573539414,"{""type"":""MultiPoint"",""coordinates"":[]}"
239,282,1.331253402555589,1,0.728445291519165,0,0.5482023181233213,"{""type"":""MultiPoint"",""coordinates"":[]}"
240,549,0.8044527163923082,0,4.940210819244385,0,0.3688414992881844,"{""type"":""MultiPoint"",""coordinates"":[]}"
241,1854,0.984048086831178,0,5.214715480804443,0,0.4687113522666465,"{""type"":""MultiPoint"",""coordinates"":[]}"
242,304,2.757095951055113,0,7.285910606384277,0,1.2136010282735823,"{""type"":""MultiPoint"",""coordinates"":[]}"
243,20,2.1573427867248625,0,0.0651588067412376,0,0.9693776187917708,"{""type"":""MultiPoint"",""coordinates"":[]}"
244,41,2.3332584181483624,0,0.2297720164060592,0,1.0003525804023854,"{""type"":""MultiPoint"",""coordinates"":[]}"
245,86,1.9714578588614824,0,0.4584234058856964,0,0.913283897299722,"{""type"":""MultiPoint"",""coordinates"":[]}"
246,165,2.1916983558645007,1,0.3512406647205353,1,1.0385914906155858,"{""type"":""MultiPoint"",""coordinates"":[]}"
247,799,2.872952217517908,0,1.771572232246399,0,1.4911736759811935,"{""type"":""MultiPoint"",""coordinates"":[]}"
248,68,2.474469157199223,1,0.2776991426944732,1,0.977116238692242,"{""type"":""MultiPoint"",""coordinates"":[]}"
249,150,2.086271675086428,1,0.3274408876895904,1,1.171984507647336,"{""type"":""MultiPoint"",""coordinates"":[]}"
250,112,1.6492602998603163,1,0.1498835086822509,0,0.897286921593361,"{""type"":""MultiPoint"",""coordinates"":[]}"
251,118,2.0255595874405965,1,0.2100928127765655,1,1.0038241369000604,"{""type"":""MultiPoint"",""coordinates"":[]}"
252,101,2.078304720271292,0,0.718307375907898,0,1.0465160135966152,"{""type"":""MultiPoint"",""coordinates"":[]}"
253,175,1.5814405711930346,1,0.3734030723571777,0,0.6441467025669999,"{""type"":""MultiPoint"",""coordinates"":[]}"
254,689,1.3733212080216048,0,10.919623374938965,0,0.5260603576148088,"{""type"":""MultiPoint"",""coordinates"":[]}"
255,309,1.5729592329858646,1,1.7781250476837158,0,0.8107232565827517,"{""type"":""MultiPoint"",""coordinates"":[]}"
256,294,0.8044527163923082,1,0.3338353037834167,0,0.3688414992881844,"{""type"":""MultiPoint"",""coordinates"":[]}"
257,124,2.023783490205445,1,0.2475333213806152,1,0.9706077907976944,"{""type"":""MultiPoint"",""coordinates"":[]}"
258,107,2.000542941075095,1,0.7634099721908569,1,1.058241219686175,"{""type"":""MultiPoint"",""coordinates"":[]}"
259,19,3.3203940628041697,1,0.1700798422098159,2,1.3075032450706383,"{""type"":""MultiPoint"",""coordinates"":[]}"
260,150,2.213739715814732,0,3.491138219833374,0,1.2211441592137058,"{""type"":""MultiPoint"",""coordinates"":[]}"
261,296,2.411627913611372,1,0.4646752774715423,1,1.2922415425240743,"{""type"":""MultiPoint"",""coordinates"":[]}"
262,7,4.484716222830941,0,0.0825369879603385,0,1.912527002372612,"{""type"":""MultiPoint"",""coordinates"":[]}"
263,113,2.397161053279313,1,0.4445480108261108,1,1.1244164273060475,"{""type"":""MultiPoint"",""coordinates"":[]}"
264,17,2.4981260670251344,1,0.0413656048476696,1,1.0070335921365734,"{""type"":""MultiPoint"",""coordinates"":[]}"
265,10,3.9036553973671415,1,0.1460307389497757,2,1.6680391814352724,"{""type"":""MultiPoint"",""coordinates"":[]}"
266,79,1.671205173157251,1,0.5846256017684937,0,0.7080971209804702,"{""type"":""MultiPoint"",""coordinates"":[]}"
267,45,2.175535203986444,1,0.0889316424727439,1,0.9948537326456138,"{""type"":""MultiPoint"",""coordinates"":[]}"
268,486,1.9656365647774112,1,4.611277103424072,0,1.012690055534784,"{""type"":""MultiPoint"",""coordinates"":[]}"
269,92,1.7874302549290075,0,0.3335629105567932,0,1.187452506148612,"{""type"":""MultiPoint"",""coordinates"":[]}"
270,18,2.795942643530674,1,0.1784244030714035,1,1.3222583472391365,"{""type"":""MultiPoint"",""coordinates"":[]}"
271,916,0.9207119256399264,0,3.236464738845825,0,0.5136045044454487,"{""type"":""MultiPoint"",""coordinates"":[]}"
272,22,2.290804350628066,1,0.0831233859062194,1,1.0539631506221605,"{""type"":""MultiPoint"",""coordinates"":[]}"
273,130,1.5042219525369624,1,0.2600409686565399,0,0.9539971399024844,"{""type"":""MultiPoint"",""coordinates"":[]}"
274,212,1.072961761141661,1,0.6256206631660461,0,0.480394803299655,"{""type"":""MultiPoint"",""coordinates"":[]}"
275,102,2.30861979426877,1,0.2772703170776367,1,1.086556713014008,"{""type"":""MultiPoint"",""coordinates"":[]}"
276,0,3.7801756705438,1,0.0589439943432807,2,1.2412172756980309,"{""type"":""MultiPoint"",""coordinates"":[]}"
277,373,1.541550479600591,0,2.2865021228790283,0,0.5878089836075542,"{""type"":""MultiPoint"",""coordinates"":[]}"
278,134,2.3351429458439164,1,0.1465436518192291,1,1.1414121858984314,"{""type"":""MultiPoint"",""coordinates"":[]}"
279,14,2.8000439280892198,1,0.1054179593920707,1,1.3561986743936798,"{""type"":""MultiPoint"",""coordinates"":[]}"
280,397,2.0814856100378942,0,1.9547600746154783,0,1.0140682818582918,"{""type"":""MultiPoint"",""coordinates"":[]}"
281,80,2.167439215572556,0,0.1835633516311645,0,1.1548776517086072,"{""type"":""MultiPoint"",""coordinates"":[]}"
282,912,1.795959415659186,0,3.4228219985961914,0,0.9786303545236352,"{""type"":""MultiPoint"",""coordinates"":[]}"
283,106,1.671767778083762,1,0.1478679925203323,0,0.7547243336390591,"{""type"":""MultiPoint"",""coordinates"":[]}"
284,255,1.9081416166969367,1,0.2691391706466675,0,0.9999233914680258,"{""type"":""MultiPoint"",""coordinates"":[]}"
285,852,1.3282317216063488,0,18.43469619750977,0,0.7128581429733604,"{""type"":""MultiPoint"",""coordinates"":[]}"
286,7,3.270920647136681,0,0.1782823801040649,0,1.4302298705784455,"{""type"":""MultiPoint"",""coordinates"":[]}"
287,92,2.0384465767168685,1,0.2232955247163772,1,0.9419402813949814,"{""type"":""MultiPoint"",""coordinates"":[]}"
288,53,1.923451656536672,1,0.1053537279367446,0,0.8998809046874864,"{""type"":""MultiPoint"",""coordinates"":[]}"
289,148,2.0212697025409443,1,0.2866800725460052,1,1.040477337507809,"{""type"":""MultiPoint"",""coordinates"":[]}"
290,118,1.9943921899668164,1,0.2887014150619507,0,1.0253399121221662,"{""type"":""MultiPoint"",""coordinates"":[]}"
291,993,1.666338561386427,0,7.4788641929626465,0,0.7131278878444582,"{""type"":""MultiPoint"",""coordinates"":[]}"
292,251,1.331253402555589,1,0.4892801940441131,0,0.5482023181233213,"{""type"":""MultiPoint"",""coordinates"":[]}"
293,937,1.2595911609413082,0,1.4446650743484497,0,0.6991365526696025,"{""type"":""MultiPoint"",""coordinates"":[]}"
294,11,3.296197566081565,1,0.0932163372635841,2,1.300311494062237,"{""type"":""MultiPoint"",""coordinates"":[]}"
295,215,1.871513071119783,1,0.4347530305385589,0,0.8186410397709963,"{""type"":""MultiPoint"",""coordinates"":[]}"
296,14,2.1956045869927308,1,0.0869522094726562,1,0.9720802496112436,"{""type"":""MultiPoint"",""coordinates"":[]}"
297,228,0.9873686342570468,1,0.2937053442001343,0,0.4680277514187679,"{""type"":""MultiPoint"",""coordinates"":[]}"
298,287,0.958510706432984,1,0.8204106688499451,0,0.5146952480218067,"{""type"":""MultiPoint"",""coordinates"":[]}"
299,184,1.8152208222852475,0,0.2231892347335815,0,0.7869891805566256,"{""type"":""MultiPoint"",""coordinates"":[]}"
300,662,1.562516013942547,0,10.763714790344238,0,0.8648833806098261,"{""type"":""MultiPoint"",""coordinates"":[]}"
301,24,2.8183431705906083,0,0.3577377498149872,0,1.134009020297249,"{""type"":""MultiPoint"",""coordinates"":[]}"
302,205,1.26222354402996,0,0.3595087230205536,0,0.5621628062649789,"{""type"":""MultiPoint"",""coordinates"":[]}"
303,631,2.3693159571079674,1,0.6428487300872803,1,1.270104420348297,"{""type"":""MultiPoint"",""coordinates"":[]}"
304,386,1.4615545740439078,0,0.4643361866474151,0,0.7837795532167808,"{""type"":""MultiPoint"",""coordinates"":[]}"
305,169,1.3861983624674004,1,0.4637353420257568,0,0.8462344102296303,"{""type"":""MultiPoint"",""coordinates"":[]}"
306,311,1.2118354413796384,1,0.7186793684959412,0,0.5381303974449783,"{""type"":""MultiPoint"",""coordinates"":[]}"
307,53,2.175535203986444,1,0.4117479920387268,1,0.9948537326456138,"{""type"":""MultiPoint"",""coordinates"":[]}"
308,12,3.727250890980716,0,0.0412631817162036,0,1.662407314695008,"{""type"":""MultiPoint"",""coordinates"":[]}"
309,405,2.2470718729652104,0,2.833411693572998,0,1.2957750075048893,"{""type"":""MultiPoint"",""coordinates"":[]}"
310,113,1.7221039293843317,0,0.1312444806098938,0,1.075387827227876,"{""type"":""MultiPoint"",""coordinates"":[]}"
311,707,1.8242419730265589,0,11.757411003112791,0,0.9598417601498442,"{""type"":""MultiPoint"",""coordinates"":[]}"
312,842,1.5353033584540965,1,0.83516526222229,0,0.8950433260978984,"{""type"":""MultiPoint"",""coordinates"":[]}"
313,17,2.2786746007704624,1,0.1241538301110267,1,1.0098406416461263,"{""type"":""MultiPoint"",""coordinates"":[]}"
314,29,2.290412878890094,1,0.1465161293745041,1,0.9817058749755094,"{""type"":""MultiPoint"",""coordinates"":[]}"
315,107,1.897806734288321,0,0.289838433265686,0,0.9722481594308688,"{""type"":""MultiPoint"",""coordinates"":[]}"
316,31,2.278866217228426,0,0.0649863928556442,0,1.2294660124340169,"{""type"":""MultiPoint"",""coordinates"":[]}"
317,96,1.735099879878923,1,0.2081223726272583,0,1.0792649419725828,"{""type"":""MultiPoint"",""coordinates"":[]}"
318,902,1.514380309241293,1,1.1123298406600952,0,0.8689239755567435,"{""type"":""MultiPoint"",""coordinates"":[]}"
319,540,2.614649547942069,1,1.6716967821121216,1,1.3999183297498423,"{""type"":""MultiPoint"",""coordinates"":[]}"
320,50,2.2303287724879777,1,0.1760244816541671,1,1.109310912587507,"{""type"":""MultiPoint"",""coordinates"":[]}"
321,85,2.05231950878926,1,0.122469276189804,1,1.0068307604015068,"{""type"":""MultiPoint"",""coordinates"":[]}"
322,74,2.0419460986333413,0,0.0651438161730766,0,0.9756747275046472,"{""type"":""MultiPoint"",""coordinates"":[]}"
323,194,2.520828397268659,1,0.3553965985774994,1,1.3431762636495073,"{""type"":""MultiPoint"",""coordinates"":[]}"
324,15,2.810553572146565,1,0.0588632449507713,1,1.280525992684996,"{""type"":""MultiPoint"",""coordinates"":[]}"
325,131,2.2095389772555016,1,1.5134016275405884,1,1.1284533465246096,"{""type"":""MultiPoint"",""coordinates"":[]}"
326,350,3.214826133709053,0,0.4638664722442627,0,1.5779176602777578,"{""type"":""MultiPoint"",""coordinates"":[]}"
327,103,1.888831775979104,1,0.1872841864824295,0,1.1907699382420682,"{""type"":""MultiPoint"",""coordinates"":[]}"
328,154,1.7538868224805408,0,0.2375477850437164,0,0.8674084068021187,"{""type"":""MultiPoint"",""coordinates"":[]}"
329,3,4.591636762713184,1,0.0657244101166725,2,1.6273784474898614,"{""type"":""MultiPoint"",""coordinates"":[]}"
330,183,1.9429463613732785,1,0.4249623417854309,0,1.0077443564545814,"{""type"":""MultiPoint"",""coordinates"":[]}"
331,238,1.3102892528384564,0,0.6171945929527283,0,0.7542784577775778,"{""type"":""MultiPoint"",""coordinates"":[]}"
332,737,1.5984524292700193,1,1.326680064201355,0,0.8642031919550477,"{""type"":""MultiPoint"",""coordinates"":[]}"
333,534,2.439260532105558,1,0.7587908506393433,1,1.3054530314640032,"{""type"":""MultiPoint"",""coordinates"":[]}"
334,588,1.7017127565520775,0,5.557326316833496,0,0.7037100684447265,"{""type"":""MultiPoint"",""coordinates"":[]}"
335,761,1.744901164518591,0,5.247962474822998,0,0.7929212242531937,"{""type"":""MultiPoint"",""coordinates"":[]}"
336,1154,1.550143223870268,0,17.422399520874023,0,0.6312344336029411,"{""type"":""MultiPoint"",""coordinates"":[]}"
337,951,1.4209160745325276,0,4.800102233886719,0,0.7245326618784717,"{""type"":""MultiPoint"",""coordinates"":[]}"
338,56,2.040842300538537,1,0.1473609209060669,1,0.9598085531872788,"{""type"":""MultiPoint"",""coordinates"":[]}"
339,29,2.5880399644683187,1,0.0289840884506702,1,1.3184770109943205,"{""type"":""MultiPoint"",""coordinates"":[]}"
340,94,2.446447544896265,1,0.3754446506500244,1,1.1792967607189917,"{""type"":""MultiPoint"",""coordinates"":[]}"
341,99,1.909610978900916,0,0.1763738542795181,0,1.12766017027658,"{""type"":""MultiPoint"",""coordinates"":[]}"
342,201,1.751044154817072,1,2.59386944770813,0,0.9325950072808764,"{""type"":""MultiPoint"",""coordinates"":[]}"
343,652,2.154569054096696,0,8.227794647216797,0,1.107137171880758,"{""type"":""MultiPoint"",""coordinates"":[]}"
344,322,2.086232577309333,1,0.4653259515762329,1,1.0974912587040786,"{""type"":""MultiPoint"",""coordinates"":[]}"
345,343,2.7522984475725547,1,0.5066802501678467,1,1.4267621157173778,"{""type"":""MultiPoint"",""coordinates"":[]}"
346,112,2.235184249889635,0,0.1181026399135589,0,1.266213932103443,"{""type"":""MultiPoint"",""coordinates"":[]}"
347,47,2.118599578217152,1,0.2515812218189239,1,1.149190790198498,"{""type"":""MultiPoint"",""coordinates"":[]}"
348,42,2.764702453811012,0,0.2604798674583435,0,1.1221537938846309,"{""type"":""MultiPoint"",""coordinates"":[]}"
349,29,2.1494848059143785,0,0.146549180150032,0,0.9395237677766868,"{""type"":""MultiPoint"",""coordinates"":[]}"
350,187,2.0542483723281806,1,0.2675097286701202,1,1.195668084217728,"{""type"":""MultiPoint"",""coordinates"":[]}"
351,17,2.810553572146565,0,0.065612182021141,0,1.280525992684996,"{""type"":""MultiPoint"",""coordinates"":[]}"
352,1326,0.7693519925214879,0,0.6086430549621582,0,0.3931635335292209,"{""type"":""MultiPoint"",""coordinates"":[]}"
353,435,2.9934340465979203,1,0.224179059267044,1,1.4372532312886994,"{""type"":""MultiPoint"",""coordinates"":[]}"
354,37,2.7142908378038912,1,0.1308737695217132,1,1.2633049572210235,"{""type"":""MultiPoint"",""coordinates"":[]}"
355,798,0.9502485108094212,0,1.971688270568848,0,0.5160339438735938,"{""type"":""MultiPoint"",""coordinates"":[]}"
356,1158,1.6517983089992938,0,4.947744369506836,0,0.7522326795072478,"{""type"":""MultiPoint"",""coordinates"":[]}"
357,382,2.6120082202415427,0,0.3448971509933471,0,1.31704546735355,"{""type"":""MultiPoint"",""coordinates"":[]}"
358,449,1.2495826778361232,0,0.7479099035263062,0,0.6366693311922899,"{""type"":""MultiPoint"",""coordinates"":[]}"
359,119,2.023783490205445,1,0.3321067988872528,1,0.9706077907976944,"{""type"":""MultiPoint"",""coordinates"":[]}"
360,9,3.152903174834133,1,0.0294669643044471,2,1.084404833228892,"{""type"":""MultiPoint"",""coordinates"":[]}"
361,320,2.021718327035225,1,2.9538376331329346,1,1.1508545796959573,"{""type"":""MultiPoint"",""coordinates"":[]}"
362,84,2.0050257142424868,1,0.2487263679504394,1,0.9988558719205746,"{""type"":""MultiPoint"",""coordinates"":[]}"
363,152,1.9013688291895736,1,0.2911679148674011,0,0.911877233505204,"{""type"":""MultiPoint"",""coordinates"":[]}"
364,208,1.9131939355811451,1,0.3515813946723938,0,1.0898861784725191,"{""type"":""MultiPoint"",""coordinates"":[]}"
365,96,1.758897143644027,0,0.1697065979242324,0,1.0959963165880626,"{""type"":""MultiPoint"",""coordinates"":[]}"
366,266,2.3917711262856023,0,0.4167393445968628,0,1.327900051843739,"{""type"":""MultiPoint"",""coordinates"":[]}"
367,32,2.284367302317185,1,0.2113026082515716,1,1.0533928401600483,"{""type"":""MultiPoint"",""coordinates"":[]}"
368,20,2.3236957165140293,1,0.0413581170141696,1,0.9614417544338149,"{""type"":""MultiPoint"",""coordinates"":[]}"
369,339,2.780821110896866,0,0.6613788604736328,0,1.2935047681928766,"{""type"":""MultiPoint"",""coordinates"":[]}"
370,100,2.0327740631834503,1,0.2078194320201873,1,1.0793418842073628,"{""type"":""MultiPoint"",""coordinates"":[]}"
371,74,2.0639387645834573,0,0.1210949793457984,0,1.1311356244352513,"{""type"":""MultiPoint"",""coordinates"":[]}"
372,14,2.4981260670251344,1,0.0650523751974105,1,1.0070335921365734,"{""type"":""MultiPoint"",""coordinates"":[]}"
373,13,2.5474804875293584,1,0.0289840884506702,1,0.9245107734293332,"{""type"":""MultiPoint"",""coordinates"":[]}"
374,263,1.2118354413796384,1,0.6339917182922363,0,0.5381303974449783,"{""type"":""MultiPoint"",""coordinates"":[]}"
375,131,2.0537491532827814,0,0.1784021109342575,0,1.0279110750382665,"{""type"":""MultiPoint"",""coordinates"":[]}"
376,97,1.9880742808305985,0,0.3093494176864624,0,0.9693281273075351,"{""type"":""MultiPoint"",""coordinates"":[]}"
377,316,2.204535848390983,0,7.739967823028564,0,1.2199516225617644,"{""type"":""MultiPoint"",""coordinates"":[]}"
378,38,2.7142908378038912,1,0.1577125340700149,1,1.2633049572210235,"{""type"":""MultiPoint"",""coordinates"":[]}"
379,186,2.515996820424739,1,0.3396066725254059,1,1.306135334308581,"{""type"":""MultiPoint"",""coordinates"":[]}"
380,311,0.9637899358282246,1,0.5391197204589844,0,0.5709343496743694,"{""type"":""MultiPoint"",""coordinates"":[]}"
381,254,1.9940263273884185,0,1.2460484504699707,0,1.0900795391873226,"{""type"":""MultiPoint"",""coordinates"":[]}"
382,470,1.897451831372988,1,0.3938961029052734,0,0.9654793824061276,"{""type"":""MultiPoint"",""coordinates"":[]}"
383,441,2.439500571204455,0,1.217148780822754,0,1.393165234279148,"{""type"":""MultiPoint"",""coordinates"":[]}"
384,99,1.632462639847111,1,0.3775596022605896,0,0.7643427625040963,"{""type"":""MultiPoint"",""coordinates"":[]}"
385,89,2.1284576866011413,0,0.4152158498764038,0,1.0754998313439286,"{""type"":""MultiPoint"",""coordinates"":[]}"
386,819,2.08283279105721,0,13.149431228637695,0,0.7764510678070663,"{""type"":""MultiPoint"",""coordinates"":[]}"
387,60,1.896093817163664,1,0.1799788624048233,0,0.9042637616116588,"{""type"":""MultiPoint"",""coordinates"":[]}"
388,72,2.1505283871478125,0,0.3311723470687866,0,0.9912477322656004,"{""type"":""MultiPoint"",""coordinates"":[]}"
389,326,1.2656835367879586,1,0.4897488057613373,0,0.5775946426777983,"{""type"":""MultiPoint"",""coordinates"":[]}"
390,21,3.515080211557886,1,0.3332869708538055,2,1.3654031426659636,"{""type"":""MultiPoint"",""coordinates"":[]}"
391,20,2.795942643530674,1,0.1455743759870529,1,1.3222583472391365,"{""type"":""MultiPoint"",""coordinates"":[]}"
392,225,2.743479661053794,0,3.8272125720977774,0,1.466970640658127,"{""type"":""MultiPoint"",""coordinates"":[]}"
393,854,1.5997842258630586,0,1.0420249700546265,0,0.6465191223637886,"{""type"":""MultiPoint"",""coordinates"":[]}"
394,186,1.8093895401160032,1,0.359313040971756,0,0.9841623509293064,"{""type"":""MultiPoint"",""coordinates"":[]}"
395,15,4.4205533808736766,0,0.1867851763963699,0,1.7358224011571812,"{""type"":""MultiPoint"",""coordinates"":[]}"
396,1546,1.3094079629475326,1,4.409377574920654,0,0.6230038874788038,"{""type"":""MultiPoint"",""coordinates"":[]}"
397,20,2.5474804875293584,1,0.1240446120500564,1,0.9245107734293332,"{""type"":""MultiPoint"",""coordinates"":[]}"
398,245,1.5131244370298182,1,0.156517282128334,0,0.7722649610133244,"{""type"":""MultiPoint"",""coordinates"":[]}"
399,206,2.520828397268659,1,0.4296441376209259,1,1.3431762636495073,"{""type"":""MultiPoint"",""coordinates"":[]}"
400,99,1.9374391006951237,1,0.3726032376289367,0,0.899358812851342,"{""type"":""MultiPoint"",""coordinates"":[]}"
401,180,1.8348848225587413,1,0.2440249472856521,0,0.9698711085940532,"{""type"":""MultiPoint"",""coordinates"":[]}"
402,228,1.667235225023241,1,6.920942783355713,0,0.8897923281849475,"{""type"":""MultiPoint"",""coordinates"":[]}"
403,19,3.4751317949126164,1,0.1495761275291443,2,1.5419011161103784,"{""type"":""MultiPoint"",""coordinates"":[]}"
404,59,2.7142908378038912,0,0.1159362122416496,0,1.2633049572210235,"{""type"":""MultiPoint"",""coordinates"":[]}"
405,33,2.135617035590709,1,0.0415507815778255,1,0.9901842087419594,"{""type"":""MultiPoint"",""coordinates"":[]}"
406,26,1.9780620592278777,1,0.0655624270439148,0,1.1657015362483876,"{""type"":""MultiPoint"",""coordinates"":[]}"
407,53,3.8028580563392143,0,0.2859484553337097,0,1.9963966312138308,"{""type"":""MultiPoint"",""coordinates"":[]}"
408,216,1.26222354402996,1,0.367366075515747,0,0.5621628062649789,"{""type"":""MultiPoint"",""coordinates"":[]}"
409,36,2.235765982737603,1,0.1050593480467796,1,1.0066438015319157,"{""type"":""MultiPoint"",""coordinates"":[]}"
410,293,2.1976467753790443,0,9.69336223602295,0,1.0667507685924082,"{""type"":""MultiPoint"",""coordinates"":[]}"
411,280,1.5729592329858646,1,1.0433329343795776,0,0.8107232565827517,"{""type"":""MultiPoint"",""coordinates"":[]}"
412,11,3.472634419658419,0,0.1060754060745239,0,1.374373702396745,"{""type"":""MultiPoint"",""coordinates"":[]}"
413,356,1.627636450661884,0,0.2214539349079132,0,0.648440294314128,"{""type"":""MultiPoint"",""coordinates"":[]}"
414,325,1.70678055786915,1,0.3767877519130707,0,0.7946247357501137,"{""type"":""MultiPoint"",""coordinates"":[]}"
415,280,2.359339829239384,1,0.6934652924537659,1,0.985266440719838,"{""type"":""MultiPoint"",""coordinates"":[]}"
416,287,3.3594297759706966,1,0.4446067214012146,2,1.7484056569308168,"{""type"":""MultiPoint"",""coordinates"":[]}"
417,403,1.9166357015871835,0,0.7537161111831665,0,1.0349429341781196,"{""type"":""MultiPoint"",""coordinates"":[]}"
418,82,2.0384465767168685,1,0.2923839092254638,1,0.9419402813949814,"{""type"":""MultiPoint"",""coordinates"":[]}"
419,333,1.2926838929235565,1,0.6860257387161255,0,0.5879096908366442,"{""type"":""MultiPoint"",""coordinates"":[]}"
420,271,2.023959366021848,1,0.4151461124420166,1,1.1965752604875162,"{""type"":""MultiPoint"",""coordinates"":[]}"
421,766,1.7487272618680816,0,6.740384578704834,0,0.869918451208872,"{""type"":""MultiPoint"",""coordinates"":[]}"
422,161,2.709728817887074,1,0.2280606925487518,1,1.479769531880792,"{""type"":""MultiPoint"",""coordinates"":[]}"
423,468,1.8473123133353129,0,0.6655526161193848,0,0.7259023913862547,"{""type"":""MultiPoint"",""coordinates"":[]}"
424,46,2.118599578217152,0,0.0881447866559028,0,1.149190790198498,"{""type"":""MultiPoint"",""coordinates"":[]}"
425,185,1.7201416414556538,0,0.3828589916229248,0,0.7339289597706087,"{""type"":""MultiPoint"",""coordinates"":[]}"
426,370,2.482434841184193,0,0.4135000109672546,0,1.0960786866726342,"{""type"":""MultiPoint"",""coordinates"":[]}"
427,389,3.1680271155024,0,0.4576448798179626,0,1.5545917663605922,"{""type"":""MultiPoint"",""coordinates"":[]}"
428,227,0.9538523072694828,1,0.211258128285408,0,0.5081228122415963,"{""type"":""MultiPoint"",""coordinates"":[]}"
429,331,1.229993028326091,1,2.323499917984009,0,0.6362955490627124,"{""type"":""MultiPoint"",""coordinates"":[]}"
430,95,1.8238881767620645,0,0.4962431788444519,0,1.09713250309807,"{""type"":""MultiPoint"",""coordinates"":[]}"
431,755,0.590388433363468,0,13.683511734008787,0,0.3109971947518116,"{""type"":""MultiPoint"",""coordinates"":[]}"
432,129,1.925394411909376,1,0.0592700876295566,0,0.9686687640810038,"{""type"":""MultiPoint"",""coordinates"":[]}"
433,534,1.7422853558048306,0,1.488112211227417,0,0.9374809213762872,"{""type"":""MultiPoint"",""coordinates"":[]}"
434,202,2.339747726911436,1,0.2669771015644073,1,1.1804976503169164,"{""type"":""MultiPoint"",""coordinates"":[]}"
435,93,1.9748499913295736,0,0.2752739489078522,0,0.966657180603901,"{""type"":""MultiPoint"",""coordinates"":[]}"
436,548,1.1682246953470692,0,7.334978580474853,0,0.6413192025679206,"{""type"":""MultiPoint"",""coordinates"":[]}"
437,7,3.472634419658419,1,0.0289840884506702,2,1.374373702396745,"{""type"":""MultiPoint"",""coordinates"":[]}"
438,180,1.765550469883385,1,0.6270241737365723,0,0.745755946386213,"{""type"":""MultiPoint"",""coordinates"":[]}"
439,400,1.1764139391825288,0,4.522838115692139,0,0.5773902150109429,"{""type"":""MultiPoint"",""coordinates"":[]}"
440,434,1.7096471638407686,0,1.2247689962387085,0,0.8417001450291085,"{""type"":""MultiPoint"",""coordinates"":[]}"
441,25,4.246873116020533,1,0.1052986606955528,2,1.7146205748618,"{""type"":""MultiPoint"",""coordinates"":[]}"
442,61,1.7672514351740545,0,0.2861855924129486,0,1.1538629006469336,"{""type"":""MultiPoint"",""coordinates"":[]}"
443,252,1.0882707665458964,1,0.3727467358112335,0,0.4820544104404801,"{""type"":""MultiPoint"",""coordinates"":[]}"
444,202,1.063505955979872,1,0.2957596480846405,0,0.5416701865291405,"{""type"":""MultiPoint"",""coordinates"":[]}"
445,234,1.79821677720833,0,1.4963809251785278,0,0.7546480935971488,"{""type"":""MultiPoint"",""coordinates"":[]}"
446,236,3.056020806323047,1,0.7177725434303284,2,1.6872120001588151,"{""type"":""MultiPoint"",""coordinates"":[]}"
447,323,1.0440454783265345,1,0.8145774602890015,0,0.5348155305878518,"{""type"":""MultiPoint"",""coordinates"":[]}"
448,233,1.613535409702708,0,4.751861095428467,0,0.7315895442386353,"{""type"":""MultiPoint"",""coordinates"":[]}"
449,228,1.3941285156725884,1,0.5683826804161072,0,0.6539356259678245,"{""type"":""MultiPoint"",""coordinates"":[]}"
450,244,1.6443875572388835,0,11.27621078491211,0,0.7074002068440863,"{""type"":""MultiPoint"",""coordinates"":[]}"
451,235,3.116440855321408,1,0.6310865879058838,2,1.6967924257083182,"{""type"":""MultiPoint"",""coordinates"":[]}"
452,104,1.7688213698717272,0,0.1763795018196106,0,1.022249742594675,"{""type"":""MultiPoint"",""coordinates"":[]}"
453,152,1.9654001816491795,0,0.3564479947090149,0,1.07878139791955,"{""type"":""MultiPoint"",""coordinates"":[]}"
454,121,1.948794607732201,1,0.3854633569717407,0,1.015261189608036,"{""type"":""MultiPoint"",""coordinates"":[]}"
455,1116,0.7883568858392318,1,17.000144958496094,0,0.3933613813732576,"{""type"":""MultiPoint"",""coordinates"":[]}"
456,851,1.1093991031836337,0,13.070212364196776,0,0.5683985492627103,"{""type"":""MultiPoint"",""coordinates"":[]}"
457,155,2.5480381290756293,1,0.4357534945011139,1,1.4086195151573675,"{""type"":""MultiPoint"",""coordinates"":[]}"
458,58,2.1086193444485715,1,0.2028877884149551,1,0.981783923139442,"{""type"":""MultiPoint"",""coordinates"":[]}"
459,283,1.5999802373158851,1,0.2697979509830475,0,0.6918957457357058,"{""type"":""MultiPoint"",""coordinates"":[]}"
460,214,1.2921279513466042,1,0.4813674092292785,0,0.5625875635163692,"{""type"":""MultiPoint"",""coordinates"":[]}"
461,2,3.828765266112223,0,0.0414882823824882,0,1.4623091873082827,"{""type"":""MultiPoint"",""coordinates"":[]}"
462,11,2.46254168276631,1,0.35157510638237,1,0.9632302035094896,"{""type"":""MultiPoint"",""coordinates"":[]}"
463,85,2.1505283871478125,0,0.3302638828754425,0,0.9912477322656004,"{""type"":""MultiPoint"",""coordinates"":[]}"
464,112,1.8111657515863155,0,0.3718601167201996,0,1.0399272955928378,"{""type"":""MultiPoint"",""coordinates"":[]}"
465,2053,0.8955512404603164,1,27.695777893066406,0,0.5250658554465338,"{""type"":""MultiPoint"",""coordinates"":[]}"
466,235,1.4891826745177232,0,3.32842755317688,0,0.6971744504904825,"{""type"":""MultiPoint"",""coordinates"":[]}"
467,23,2.260932364209865,1,0.0295150782912969,1,1.0091478533639466,"{""type"":""MultiPoint"",""coordinates"":[]}"
468,130,2.168998689358088,1,0.400353729724884,1,1.0969384748088222,"{""type"":""MultiPoint"",""coordinates"":[]}"
469,105,1.7764046346202054,0,0.357213020324707,0,0.9239683872012356,"{""type"":""MultiPoint"",""coordinates"":[]}"
470,231,2.339747726911436,1,0.6016680598258972,1,1.1804976503169164,"{""type"":""MultiPoint"",""coordinates"":[]}"
471,402,2.175663089874013,0,0.0918709337711334,0,1.163124376586831,"{""type"":""MultiPoint"",""coordinates"":[]}"
472,277,0.9422293819287956,0,8.492759704589844,0,0.6223165707828542,"{""type"":""MultiPoint"",""coordinates"":[]}"
473,56,1.8680290226720828,1,0.2505801320075989,0,1.190999734828575,"{""type"":""MultiPoint"",""coordinates"":[]}"
474,134,2.069870512057886,1,0.3565862774848938,1,1.029222091587706,"{""type"":""MultiPoint"",""coordinates"":[]}"
475,2134,0.91453184028237,0,8.295302391052246,0,0.5511523434337091,"{""type"":""MultiPoint"",""coordinates"":[]}"
476,123,2.0227306967743552,1,0.2901948690414428,1,1.053610794696671,"{""type"":""MultiPoint"",""coordinates"":[]}"
477,17,2.003108931994663,0,0.0650750249624252,0,0.8958363081773946,"{""type"":""MultiPoint"",""coordinates"":[]}"
478,114,2.2163036601794066,0,0.3729013204574585,0,1.0104542609916265,"{""type"":""MultiPoint"",""coordinates"":[]}"
479,151,1.560810435125923,1,0.2527322173118591,0,0.6518463947948696,"{""type"":""MultiPoint"",""coordinates"":[]}"
480,102,1.8417131648502696,1,0.4186973571777344,0,0.8989112911627106,"{""type"":""MultiPoint"",""coordinates"":[]}"
481,68,2.0988124483179624,1,0.1310338824987411,1,1.0135742599130222,"{""type"":""MultiPoint"",""coordinates"":[]}"
482,296,1.4891826745177232,0,0.8319019675254822,0,0.6971744504904825,"{""type"":""MultiPoint"",""coordinates"":[]}"
483,397,1.7145947324393396,1,11.849894523620604,0,0.7581230544489206,"{""type"":""MultiPoint"",""coordinates"":[]}"
484,137,2.0227306967743552,1,0.2075064182281494,1,1.053610794696671,"{""type"":""MultiPoint"",""coordinates"":[]}"
485,24,2.608239876981464,1,0.0414666682481765,1,1.0855303638713312,"{""type"":""MultiPoint"",""coordinates"":[]}"
486,68,2.0419460986333413,1,0.1472792774438858,1,0.9756747275046472,"{""type"":""MultiPoint"",""coordinates"":[]}"
487,88,2.1598476073445965,1,0.2658490240573883,1,1.05161235003313,"{""type"":""MultiPoint"",""coordinates"":[]}"
488,-1,4.286767711268862,0,0.0289840884506702,0,1.4146615339048787,"{""type"":""MultiPoint"",""coordinates"":[]}"
489,101,1.909610978900916,0,0.1651767939329147,0,1.12766017027658,"{""type"":""MultiPoint"",""coordinates"":[]}"
490,1350,1.7427547596147346,0,11.586398124694824,0,0.7715009046774661,"{""type"":""MultiPoint"",""coordinates"":[]}"
491,822,1.514380309241293,1,2.428776502609253,0,0.8689239755567435,"{""type"":""MultiPoint"",""coordinates"":[]}"
492,160,1.8993703875191728,1,0.2643627822399139,0,0.9642304681687548,"{""type"":""MultiPoint"",""coordinates"":[]}"
493,217,1.8348848225587413,1,1.291841745376587,0,0.9698711085940532,"{""type"":""MultiPoint"",""coordinates"":[]}"
494,698,1.795959415659186,0,7.998087882995605,0,0.9786303545236352,"{""type"":""MultiPoint"",""coordinates"":[]}"
495,177,2.8310909077614177,1,0.1836466342210769,1,1.5767959171127464,"{""type"":""MultiPoint"",""coordinates"":[]}"
496,92,1.840153981232626,0,0.183703064918518,0,0.8740432951942065,"{""type"":""MultiPoint"",""coordinates"":[]}"
497,330,0.9637899358282246,1,0.5931604504585266,0,0.5709343496743694,"{""type"":""MultiPoint"",""coordinates"":[]}"
498,6,4.370330472364077,1,0.0655049011111259,2,1.862196094096915,"{""type"":""MultiPoint"",""coordinates"":[]}"
499,406,3.1124446173759326,1,0.312954843044281,2,1.4599905703486864,"{""type"":""MultiPoint"",""coordinates"":[]}"
500,108,1.7874302549290075,1,0.2623722851276397,0,1.187452506148612,"{""type"":""MultiPoint"",""coordinates"":[]}"
501,991,0.590388433363468,0,5.144439220428467,0,0.3109971947518116,"{""type"":""MultiPoint"",""coordinates"":[]}"
502,11,3.2011346637161044,0,0.0827848240733146,0,1.2867056208110037,"{""type"":""MultiPoint"",""coordinates"":[]}"
503,82,2.4138560221977032,1,0.2899925410747528,1,1.1514869986583305,"{""type"":""MultiPoint"",""coordinates"":[]}"
504,430,2.1976467753790443,0,12.984930038452148,0,1.0667507685924082,"{""type"":""MultiPoint"",""coordinates"":[]}"
505,388,2.118257958694973,0,2.3242669105529785,0,1.1064264628845188,"{""type"":""MultiPoint"",""coordinates"":[]}"
506,271,2.566463615724703,1,0.3490527272224426,1,1.3782401279595409,"{""type"":""MultiPoint"",""coordinates"":[]}"
507,23,2.3816246730182944,1,0.0650009661912918,1,1.270548471617031,"{""type"":""MultiPoint"",""coordinates"":[]}"
508,430,1.220412026914318,0,1.325702667236328,0,0.5147515017393656,"{""type"":""MultiPoint"",""coordinates"":[]}"
509,382,1.942052846298259,0,0.3402158915996551,0,1.0167353396217025,"{""type"":""MultiPoint"",""coordinates"":[]}"
510,240,1.1180886277824362,0,0.2318714708089828,0,0.5155792366495207,"{""type"":""MultiPoint"",""coordinates"":[]}"
511,160,1.560810435125923,1,0.2214482873678207,0,0.6518463947948696,"{""type"":""MultiPoint"",""coordinates"":[]}"
512,33,2.352879008589135,0,0.0295265894383192,0,1.101632561277817,"{""type"":""MultiPoint"",""coordinates"":[]}"
513,333,2.083155002841365,1,0.2913405895233154,1,1.052664372666994,"{""type"":""MultiPoint"",""coordinates"":[]}"
514,265,1.6437523469089603,0,9.05976390838623,0,0.6994719132404654,"{""type"":""MultiPoint"",""coordinates"":[]}"
515,16,5.076889003252751,0,0.2699596881866455,0,2.076369304303505,"{""type"":""MultiPoint"",""coordinates"":[]}"
516,247,0.6569669577796318,0,0.5934852957725525,0,0.3585157183972629,"{""type"":""MultiPoint"",""coordinates"":[]}"
517,57,1.896093817163664,1,0.1460559666156768,0,0.9042637616116588,"{""type"":""MultiPoint"",""coordinates"":[]}"
518,186,1.5832791589191029,1,0.2103515714406967,0,0.6790427343731306,"{""type"":""MultiPoint"",""coordinates"":[]}"
519,879,2.9389729516091823,0,0.7541289329528809,0,1.4703900287185852,"{""type"":""MultiPoint"",""coordinates"":[]}"
520,98,2.397161053279313,1,0.242888331413269,1,1.1244164273060475,"{""type"":""MultiPoint"",""coordinates"":[]}"
521,229,1.9461653963129637,1,0.1953563690185547,0,1.1195601930278385,"{""type"":""MultiPoint"",""coordinates"":[]}"
522,76,2.0327740631834503,1,0.1175782531499862,1,1.0793418842073628,"{""type"":""MultiPoint"",""coordinates"":[]}"
523,620,2.154569054096696,0,3.551267385482788,0,1.107137171880758,"{""type"":""MultiPoint"",""coordinates"":[]}"
524,95,2.5149827891582093,0,0.1180848851799964,0,1.3340871808603882,"{""type"":""MultiPoint"",""coordinates"":[]}"
525,120,1.745677907953321,1,0.2112434208393097,0,0.9887906873004324,"{""type"":""MultiPoint"",""coordinates"":[]}"
526,707,2.709111539189216,1,0.2958617210388183,1,1.4367531177532162,"{""type"":""MultiPoint"",""coordinates"":[]}"
527,121,2.021999469160153,1,0.2688683867454529,1,0.987045172708322,"{""type"":""MultiPoint"",""coordinates"":[]}"
528,289,1.9359130776270967,0,0.289838433265686,0,1.09561885035678,"{""type"":""MultiPoint"",""coordinates"":[]}"
529,238,1.2921279513466042,1,0.4014395475387573,0,0.5625875635163692,"{""type"":""MultiPoint"",""coordinates"":[]}"
530,12,3.4435160397678573,0,0.0588664710521698,0,1.4468531194205192,"{""type"":""MultiPoint"",""coordinates"":[]}"
531,8,3.828765266112223,1,0.0289840884506702,2,1.4623091873082827,"{""type"":""MultiPoint"",""coordinates"":[]}"
532,54,2.0614545973311063,1,0.0917845889925956,1,1.138118941830842,"{""type"":""MultiPoint"",""coordinates"":[]}"
533,54,2.3541110631672284,1,0.2112870216369629,1,1.0774508696116123,"{""type"":""MultiPoint"",""coordinates"":[]}"
534,187,1.3447916421612485,0,0.404425173997879,0,0.6458027840937361,"{""type"":""MultiPoint"",""coordinates"":[]}"
535,51,2.1939305066929173,0,1.88733971118927,0,0.9776776464201248,"{""type"":""MultiPoint"",""coordinates"":[]}"
536,355,0.90206543549895,1,4.943890571594238,0,0.5485617460055154,"{""type"":""MultiPoint"",""coordinates"":[]}"
537,67,2.4923539015163496,1,0.1564719974994659,1,1.17648591442247,"{""type"":""MultiPoint"",""coordinates"":[]}"
538,17,2.3824569037113883,1,0.0930502563714981,1,0.909709619629656,"{""type"":""MultiPoint"",""coordinates"":[]}"
539,1674,1.0926319120850605,0,13.30838680267334,0,0.5715738573120102,"{""type"":""MultiPoint"",""coordinates"":[]}"
540,17,2.4246190569512374,0,0.130116730928421,0,1.0254019645522532,"{""type"":""MultiPoint"",""coordinates"":[]}"
541,62,1.896093817163664,1,0.0918557718396186,0,0.9042637616116588,"{""type"":""MultiPoint"",""coordinates"":[]}"
542,326,1.541550479600591,0,1.010895013809204,0,0.5878089836075542,"{""type"":""MultiPoint"",""coordinates"":[]}"
543,38,2.5100614786846163,1,0.2473331093788147,1,1.1237174694748568,"{""type"":""MultiPoint"",""coordinates"":[]}"
544,247,1.5832791589191029,0,5.638389587402344,0,0.6790427343731306,"{""type"":""MultiPoint"",""coordinates"":[]}"
545,45,2.115225080354576,0,0.2481411844491958,0,0.9591376087419944,"{""type"":""MultiPoint"",""coordinates"":[]}"
546,103,2.743479661053794,0,1.7592798471450806,0,1.466970640658127,"{""type"":""MultiPoint"",""coordinates"":[]}"
547,317,3.3450571063206653,1,0.6194496750831604,2,1.6961739374812048,"{""type"":""MultiPoint"",""coordinates"":[]}"
548,186,2.0542483723281806,1,0.2389773577451706,1,1.195668084217728,"{""type"":""MultiPoint"",""coordinates"":[]}"
549,45,2.0369488522600427,1,0.0888816490769386,1,0.948655000485824,"{""type"":""MultiPoint"",""coordinates"":[]}"
550,95,2.0384465767168685,1,0.210991233587265,1,0.9419402813949814,"{""type"":""MultiPoint"",""coordinates"":[]}"
551,304,1.2571589847499378,1,0.4590462148189544,0,0.6375893246430799,"{""type"":""MultiPoint"",""coordinates"":[]}"
552,87,1.984474621203263,1,0.1592675447463989,0,0.97892692016483,"{""type"":""MultiPoint"",""coordinates"":[]}"
553,22,2.2549781050458084,0,0.091898925602436,0,0.9843145069694156,"{""type"":""MultiPoint"",""coordinates"":[]}"
554,66,1.9772015245798376,1,0.2294454425573349,0,0.9638475032056366,"{""type"":""MultiPoint"",""coordinates"":[]}"
555,69,2.3707163869308383,1,0.3201684951782226,1,1.1613217571087349,"{""type"":""MultiPoint"",""coordinates"":[]}"
556,111,2.02689541319641,1,0.1302415281534195,1,0.9969272903853366,"{""type"":""MultiPoint"",""coordinates"":[]}"
557,21,2.3098809182319866,0,0.0289840884506702,0,0.9144714779010386,"{""type"":""MultiPoint"",""coordinates"":[]}"
558,854,1.5997842258630586,0,0.3154253661632538,0,0.6465191223637886,"{""type"":""MultiPoint"",""coordinates"":[]}"
559,54,3.829115522686016,1,0.2097085863351822,2,1.4962851546841405,"{""type"":""MultiPoint"",""coordinates"":[]}"
560,82,2.1635453510753284,1,0.3767877519130707,1,1.022350214820426,"{""type"":""MultiPoint"",""coordinates"":[]}"
561,367,1.7103526455417346,1,0.4151622653007507,0,0.9271995075013888,"{""type"":""MultiPoint"",""coordinates"":[]}"
562,10,2.6994591758728346,1,0.0289840884506702,1,1.188473571859693,"{""type"":""MultiPoint"",""coordinates"":[]}"
563,128,2.023783490205445,1,0.2480368167161941,1,0.9706077907976944,"{""type"":""MultiPoint"",""coordinates"":[]}"
564,52,2.4923539015163496,1,0.1465937942266464,1,1.17648591442247,"{""type"":""MultiPoint"",""coordinates"":[]}"
565,123,2.021999469160153,1,0.2688499391078949,1,0.987045172708322,"{""type"":""MultiPoint"",""coordinates"":[]}"
566,26,2.35375255836849,1,0.0289840884506702,1,0.9515416028136016,"{""type"":""MultiPoint"",""coordinates"":[]}"
567,195,2.3455152403386923,0,0.3188217282295227,0,1.1570419226116906,"{""type"":""MultiPoint"",""coordinates"":[]}"
568,185,1.063505955979872,1,0.2862001955509186,0,0.5416701865291405,"{""type"":""MultiPoint"",""coordinates"":[]}"
569,12,3.727250890980716,1,0.0579681657254695,2,1.662407314695008,"{""type"":""MultiPoint"",""coordinates"":[]}"
570,455,1.973339745410363,1,0.9775485396385192,0,0.9882268760097608,"{""type"":""MultiPoint"",""coordinates"":[]}"
571,138,1.505702640229334,1,0.2625083029270172,0,0.7891524934225203,"{""type"":""MultiPoint"",""coordinates"":[]}"
572,263,1.491861754761503,0,1.154715895652771,0,0.5721642647655814,"{""type"":""MultiPoint"",""coordinates"":[]}"
573,75,1.8290004346460536,1,0.2664435505867004,0,0.8763881125122542,"{""type"":""MultiPoint"",""coordinates"":[]}"
574,121,1.7764046346202054,1,0.2318714708089828,0,0.9239683872012356,"{""type"":""MultiPoint"",""coordinates"":[]}"
575,128,2.069943352754785,1,0.2720571160316467,1,0.94360706843876,"{""type"":""MultiPoint"",""coordinates"":[]}"
576,19,2.8000439280892198,1,0.0654678717255592,1,1.3561986743936798,"{""type"":""MultiPoint"",""coordinates"":[]}"
577,3,4.220325390257984,1,0.0657794177532196,2,1.5964918598219575,"{""type"":""MultiPoint"",""coordinates"":[]}"
578,10,4.370330472364077,0,0.0293695908039808,0,1.862196094096915,"{""type"":""MultiPoint"",""coordinates"":[]}"
579,126,2.2257651991813376,1,0.2392739057540893,1,1.1819722301456357,"{""type"":""MultiPoint"",""coordinates"":[]}"
580,23,2.988909539571328,1,0.4764221608638763,1,1.2250435326091096,"{""type"":""MultiPoint"",""coordinates"":[]}"
581,167,1.9968617862348896,1,0.4600225985050201,0,1.0273501785591308,"{""type"":""MultiPoint"",""coordinates"":[]}"
582,80,2.1683963670613355,1,0.2602649927139282,1,1.007022232198593,"{""type"":""MultiPoint"",""coordinates"":[]}"
583,119,2.2163036601794066,1,0.5054261088371277,1,1.0104542609916265,"{""type"":""MultiPoint"",""coordinates"":[]}"
584,497,2.041037653239399,0,12.21410083770752,0,1.1182123654656848,"{""type"":""MultiPoint"",""coordinates"":[]}"
585,155,2.1039365485968675,1,0.2685858607292175,1,1.1071219338946456,"{""type"":""MultiPoint"",""coordinates"":[]}"
586,115,1.758649941338315,1,0.5980008840560913,0,0.7713226877654048,"{""type"":""MultiPoint"",""coordinates"":[]}"
587,777,2.322381376183638,0,6.744843006134033,0,1.2499884715203136,"{""type"":""MultiPoint"",""coordinates"":[]}"
588,63,3.829115522686016,1,0.2776760458946228,2,1.4962851546841405,"{""type"":""MultiPoint"",""coordinates"":[]}"
589,740,1.7357335362513466,0,12.427922248840332,0,0.7277560530858656,"{""type"":""MultiPoint"",""coordinates"":[]}"
590,20,2.286559856230589,0,0.3476905822753906,0,1.0519074378233286,"{""type"":""MultiPoint"",""coordinates"":[]}"
591,59,2.226013808441022,0,0.1706568449735641,0,1.073541898206815,"{""type"":""MultiPoint"",""coordinates"":[]}"
592,47,2.469624827667045,0,0.2744104862213135,0,1.2317181383221305,"{""type"":""MultiPoint"",""coordinates"":[]}"
593,1021,1.5353033584540965,1,3.507216215133667,0,0.8950433260978984,"{""type"":""MultiPoint"",""coordinates"":[]}"
594,353,2.797748672554069,0,0.4099326431751251,0,1.4031366163036485,"{""type"":""MultiPoint"",""coordinates"":[]}"
595,500,1.4265786444870092,0,3.0865466594696045,0,0.5893091237502357,"{""type"":""MultiPoint"",""coordinates"":[]}"
596,501,1.7717244920737516,1,0.6617655754089355,0,0.8508001127958511,"{""type"":""MultiPoint"",""coordinates"":[]}"
597,585,2.757200717599005,1,0.3336354196071625,1,1.4532985503594034,"{""type"":""MultiPoint"",""coordinates"":[]}"
598,322,1.3979727253956495,0,1.2253984212875366,0,0.5824297727968549,"{""type"":""MultiPoint"",""coordinates"":[]}"
599,62,2.006353186311157,1,0.1159362122416496,1,0.9599946423234004,"{""type"":""MultiPoint"",""coordinates"":[]}"
600,305,2.932622123331306,0,1.2151193618774414,0,1.280220975328059,"{""type"":""MultiPoint"",""coordinates"":[]}"
601,63,2.2224758335435832,0,0.3992628455162048,0,1.007234460645068,"{""type"":""MultiPoint"",""coordinates"":[]}"
602,718,1.7723582065156538,0,12.82676887512207,0,0.9733183442676924,"{""type"":""MultiPoint"",""coordinates"":[]}"
603,280,2.566463615724703,0,0.1465381234884262,0,1.3782401279595409,"{""type"":""MultiPoint"",""coordinates"":[]}"
604,24,2.507170439164776,0,0.1239796206355094,0,1.0311741677945163,"{""type"":""MultiPoint"",""coordinates"":[]}"
605,117,1.581695047081311,1,0.1855536103248596,0,0.7108086032618779,"{""type"":""MultiPoint"",""coordinates"":[]}"
606,32,1.995431168788552,0,0.0579681657254695,0,0.928599951940948,"{""type"":""MultiPoint"",""coordinates"":[]}"
607,116,1.7553587522477971,1,0.2602816224098205,0,0.7710815206218904,"{""type"":""MultiPoint"",""coordinates"":[]}"
608,19,3.074210892970932,1,0.1052968055009841,2,1.2253674441452318,"{""type"":""MultiPoint"",""coordinates"":[]}"
609,108,1.7995724607405323,1,0.3567187786102295,0,0.877428183598956,"{""type"":""MultiPoint"",""coordinates"":[]}"
610,17,2.76623344880158,1,0.0869522094726562,1,1.3563923054914993,"{""type"":""MultiPoint"",""coordinates"":[]}"
611,574,1.7017127565520775,0,13.259156227111816,0,0.7037100684447265,"{""type"":""MultiPoint"",""coordinates"":[]}"
612,12,3.419319837322534,0,0.4097502827644348,0,1.334079478905734,"{""type"":""MultiPoint"",""coordinates"":[]}"
613,410,1.6998090153353431,1,1.5909806489944458,0,0.7257703734831741,"{""type"":""MultiPoint"",""coordinates"":[]}"
614,521,2.155852290131217,0,1.496364712715149,0,1.1219718132963958,"{""type"":""MultiPoint"",""coordinates"":[]}"
615,2242,1.0348736083546977,1,2.057360887527466,0,0.528145752286905,"{""type"":""MultiPoint"",""coordinates"":[]}"
616,81,2.294812533359307,1,0.6708542108535767,1,1.0780094846793993,"{""type"":""MultiPoint"",""coordinates"":[]}"
617,274,2.859379403973136,0,0.177239641547203,0,1.4981800855094811,"{""type"":""MultiPoint"",""coordinates"":[]}"
618,128,2.026957208579443,0,0.1583357453346252,0,0.93479984773115,"{""type"":""MultiPoint"",""coordinates"":[]}"
619,83,2.326890361556091,1,0.2318714708089828,1,1.1009737534791255,"{""type"":""MultiPoint"",""coordinates"":[]}"
620,123,1.7688213698717272,0,0.2365202754735946,0,1.022249742594675,"{""type"":""MultiPoint"",""coordinates"":[]}"
621,363,1.7782638243715374,0,1.494413137435913,0,0.9420326145580314,"{""type"":""MultiPoint"",""coordinates"":[]}"
622,70,2.4568972128858846,0,0.1564700305461883,0,1.1372184224275492,"{""type"":""MultiPoint"",""coordinates"":[]}"
623,232,1.1492662840202104,1,0.3943807780742645,0,0.5019438815085241,"{""type"":""MultiPoint"",""coordinates"":[]}"
625,350,1.2926838929235565,1,0.6115169525146484,0,0.5879096908366442,"{""type"":""MultiPoint"",""coordinates"":[]}"
626,77,1.7199518795196225,0,0.1311925500631332,0,1.163797340250066,"{""type"":""MultiPoint"",""coordinates"":[]}"
627,101,2.0128422229215146,1,0.1884102374315261,1,0.9795304925095526,"{""type"":""MultiPoint"",""coordinates"":[]}"
628,368,2.2064734927800718,0,1.457488179206848,0,1.238005245665513,"{""type"":""MultiPoint"",""coordinates"":[]}"
629,283,2.859379403973136,0,0.325303167104721,0,1.4981800855094811,"{""type"":""MultiPoint"",""coordinates"":[]}"
630,169,1.9429463613732785,1,0.3027170300483703,0,1.0077443564545814,"{""type"":""MultiPoint"",""coordinates"":[]}"
631,177,1.7538868224805408,1,0.4049263000488281,0,0.8674084068021187,"{""type"":""MultiPoint"",""coordinates"":[]}"
632,265,1.697954597229979,1,1.5162750482559204,0,0.6638169401251471,"{""type"":""MultiPoint"",""coordinates"":[]}"
633,340,3.003856724470759,1,0.414367526769638,2,1.6064816529214705,"{""type"":""MultiPoint"",""coordinates"":[]}"
634,320,1.933553949436766,0,1.7089643478393557,0,1.0217557924938403,"{""type"":""MultiPoint"",""coordinates"":[]}"
635,68,2.0762379443625067,1,0.2050507217645645,1,0.9687966741844356,"{""type"":""MultiPoint"",""coordinates"":[]}"
636,676,1.9247879392769796,0,3.1437768936157227,0,1.0703750408946655,"{""type"":""MultiPoint"",""coordinates"":[]}"
637,430,2.434789458820881,0,1.6374303102493286,0,1.002738989223768,"{""type"":""MultiPoint"",""coordinates"":[]}"
638,52,2.0538180187475445,1,0.3243022263050079,1,0.9598960152828812,"{""type"":""MultiPoint"",""coordinates"":[]}"
639,61,1.8750652225049356,1,0.207100361585617,0,0.8840551954395648,"{""type"":""MultiPoint"",""coordinates"":[]}"
640,246,1.9508537231252607,1,0.2447729110717773,0,1.077486727879766,"{""type"":""MultiPoint"",""coordinates"":[]}"
641,382,2.797748672554069,1,0.5146019458770752,1,1.4031366163036485,"{""type"":""MultiPoint"",""coordinates"":[]}"
642,302,0.5292147766867088,1,0.6484944224357605,0,0.2469928254086026,"{""type"":""MultiPoint"",""coordinates"":[]}"
643,64,2.407334671356267,1,0.0654306262731552,1,1.143364207617077,"{""type"":""MultiPoint"",""coordinates"":[]}"
644,476,2.1514531233815206,1,9.10029411315918,1,1.0049885167315835,"{""type"":""MultiPoint"",""coordinates"":[]}"
645,179,1.9429463613732785,1,0.4565967321395874,0,1.0077443564545814,"{""type"":""MultiPoint"",""coordinates"":[]}"
646,36,2.1669869154937227,0,0.4870057106018066,0,0.9713429299621524,"{""type"":""MultiPoint"",""coordinates"":[]}"
647,58,3.283683498548585,0,0.3563351035118103,0,2.2332737197554438,"{""type"":""MultiPoint"",""coordinates"":[]}"
648,208,1.1180886277824362,0,1.057822346687317,0,0.5155792366495207,"{""type"":""MultiPoint"",""coordinates"":[]}"
649,7,3.01301361255501,1,0.0591256208717823,2,1.2391661260236466,"{""type"":""MultiPoint"",""coordinates"":[]}"
650,22,2.3559485023862496,0,0.1159362122416496,0,1.2206651231985404,"{""type"":""MultiPoint"",""coordinates"":[]}"
651,283,2.359339829239384,0,0.3172600865364074,0,0.985266440719838,"{""type"":""MultiPoint"",""coordinates"":[]}"
652,111,1.739137627821939,1,0.2688367068767547,0,0.8462796114017832,"{""type"":""MultiPoint"",""coordinates"":[]}"
653,89,2.4140042541882805,1,0.5197103023529053,1,1.149332654550691,"{""type"":""MultiPoint"",""coordinates"":[]}"
654,13,3.4369017480228576,1,0.1649670600891113,2,1.5041077415747506,"{""type"":""MultiPoint"",""coordinates"":[]}"
655,248,0.914963272231469,1,5.284377574920654,0,0.4364339607588587,"{""type"":""MultiPoint"",""coordinates"":[]}"
656,113,2.4349036725234177,1,0.3551102876663208,1,1.211331508928924,"{""type"":""MultiPoint"",""coordinates"":[]}"
657,349,1.0440454783265345,0,2.035708427429199,0,0.5348155305878518,"{""type"":""MultiPoint"",""coordinates"":[]}"
658,560,1.220412026914318,0,3.1845803260803223,0,0.5147515017393656,"{""type"":""MultiPoint"",""coordinates"":[]}"
659,101,1.904223198361357,1,0.2276838272809982,0,0.9639135600518648,"{""type"":""MultiPoint"",""coordinates"":[]}"
660,159,2.076607026953737,1,0.2337456494569778,1,1.1935656940698796,"{""type"":""MultiPoint"",""coordinates"":[]}"
661,676,2.39063751708585,1,5.771565914154053,1,1.3122425698391087,"{""type"":""MultiPoint"",""coordinates"":[]}"
662,367,0.958510706432984,0,7.477499485015869,0,0.5146952480218067,"{""type"":""MultiPoint"",""coordinates"":[]}"
663,1099,1.2571589847499378,0,22.758920669555664,0,0.6375893246430799,"{""type"":""MultiPoint"",""coordinates"":[]}"
664,0,3.7801756705438,1,0.0589439943432807,2,1.2412172756980309,"{""type"":""MultiPoint"",""coordinates"":[]}"
665,206,1.072961761141661,1,0.5826741456985474,0,0.480394803299655,"{""type"":""MultiPoint"",""coordinates"":[]}"
666,14,2.630827559701042,0,0.3403289020061493,0,1.143407009152817,"{""type"":""MultiPoint"",""coordinates"":[]}"
667,37,2.2975418379344577,1,0.1793632805347442,1,1.0438341684094354,"{""type"":""MultiPoint"",""coordinates"":[]}"
668,129,2.6346532034173635,1,0.1196324601769447,1,1.3551939638365855,"{""type"":""MultiPoint"",""coordinates"":[]}"
669,5,4.438335026040506,0,0.0657540634274482,0,1.6189982186630254,"{""type"":""MultiPoint"",""coordinates"":[]}"
670,326,2.213739715814732,0,5.896493911743164,0,1.2211441592137058,"{""type"":""MultiPoint"",""coordinates"":[]}"
671,29,2.462034616713609,1,0.2396197915077209,1,1.034758313643206,"{""type"":""MultiPoint"",""coordinates"":[]}"
672,411,1.5999802373158851,0,0.3874474167823791,0,0.6918957457357058,"{""type"":""MultiPoint"",""coordinates"":[]}"
673,357,2.797748672554069,0,0.302455186843872,0,1.4031366163036485,"{""type"":""MultiPoint"",""coordinates"":[]}"
674,336,1.2926838929235565,1,0.7927370667457581,0,0.5879096908366442,"{""type"":""MultiPoint"",""coordinates"":[]}"
675,638,1.9853954305260664,1,4.615622520446777,0,1.048188214487977,"{""type"":""MultiPoint"",""coordinates"":[]}"
676,696,1.8093267236436943,1,3.0872089862823486,0,0.9821756752819258,"{""type"":""MultiPoint"",""coordinates"":[]}"
677,28,3.9859106545231486,0,0.6334910988807678,0,1.823745154639664,"{""type"":""MultiPoint"",""coordinates"":[]}"
678,2352,0.9339461717146862,0,6.215975284576416,0,0.4783562176467341,"{""type"":""MultiPoint"",""coordinates"":[]}"
679,354,2.0116324575538265,1,0.4384835958480835,1,1.1318893501599927,"{""type"":""MultiPoint"",""coordinates"":[]}"
680,-1,5.47077515326074,0,0.0294577926397323,0,1.817984120163356,"{""type"":""MultiPoint"",""coordinates"":[]}"
681,109,2.182515638154854,1,0.1864270865917205,1,1.0519452867936665,"{""type"":""MultiPoint"",""coordinates"":[]}"
682,666,1.8242419730265589,0,2.6346302032470703,0,0.9598417601498442,"{""type"":""MultiPoint"",""coordinates"":[]}"
683,287,2.1369395163277627,1,0.6486155390739441,1,1.2332031118258668,"{""type"":""MultiPoint"",""coordinates"":[]}"
684,109,2.294812533359307,0,0.4478701651096344,0,1.0780094846793993,"{""type"":""MultiPoint"",""coordinates"":[]}"
685,771,1.5997842258630586,0,1.027906894683838,0,0.6465191223637886,"{""type"":""MultiPoint"",""coordinates"":[]}"
686,118,2.214228167826392,1,0.3778479993343353,1,1.1050044406042354,"{""type"":""MultiPoint"",""coordinates"":[]}"
687,67,2.372773015873868,1,0.233723297715187,1,1.168433747457306,"{""type"":""MultiPoint"",""coordinates"":[]}"
688,403,2.744700487538522,0,0.4723295271396637,0,1.2419342746927704,"{""type"":""MultiPoint"",""coordinates"":[]}"
689,681,1.6784466555484834,0,5.60504150390625,0,0.7820336566740402,"{""type"":""MultiPoint"",""coordinates"":[]}"
690,298,1.3743292296940834,0,0.3031421899795532,0,0.6138725909949576,"{""type"":""MultiPoint"",""coordinates"":[]}"
691,78,2.05231950878926,0,0.0661854147911071,0,1.0068307604015068,"{""type"":""MultiPoint"",""coordinates"":[]}"
692,65,2.757095951055113,1,6.8311872482299805,1,1.2136010282735823,"{""type"":""MultiPoint"",""coordinates"":[]}"
693,106,1.793979578376686,0,0.2647819817066192,0,1.1481423320301616,"{""type"":""MultiPoint"",""coordinates"":[]}"
694,556,0.9894105338592432,0,7.650238513946533,0,0.6106169836030625,"{""type"":""MultiPoint"",""coordinates"":[]}"
695,131,1.4493776272118688,1,0.2476549297571182,0,0.6881436368162053,"{""type"":""MultiPoint"",""coordinates"":[]}"
696,437,0.9894105338592432,0,4.975371837615967,0,0.6106169836030625,"{""type"":""MultiPoint"",""coordinates"":[]}"
697,523,2.5009830957196386,1,0.5477696657180786,1,1.3539433120527693,"{""type"":""MultiPoint"",""coordinates"":[]}"
698,194,2.8560684715919704,1,0.4173357486724853,1,1.608191438513046,"{""type"":""MultiPoint"",""coordinates"":[]}"
699,1094,0.7340935300548931,0,6.510157108306885,0,0.368195421902083,"{""type"":""MultiPoint"",""coordinates"":[]}"
700,81,1.9278790362922764,0,0.251215398311615,0,1.0028276589671363,"{""type"":""MultiPoint"",""coordinates"":[]}"
701,829,3.1127530519053828,1,0.4833456575870514,2,1.5637980651906522,"{""type"":""MultiPoint"",""coordinates"":[]}"
702,215,3.116440855321408,1,0.5629274249076843,2,1.6967924257083182,"{""type"":""MultiPoint"",""coordinates"":[]}"
703,10,3.242573291650058,0,0.0825126096606254,0,1.469048200324495,"{""type"":""MultiPoint"",""coordinates"":[]}"
704,596,1.5341757776256593,0,10.2723388671875,0,0.6019675055174827,"{""type"":""MultiPoint"",""coordinates"":[]}"
705,1022,1.7123444555967136,0,13.985464096069336,0,1.041028766998309,"{""type"":""MultiPoint"",""coordinates"":[]}"
706,172,1.9429463613732785,1,0.2126268297433853,0,1.0077443564545814,"{""type"":""MultiPoint"",""coordinates"":[]}"
707,377,2.6120082202415427,0,0.2796317338943481,0,1.31704546735355,"{""type"":""MultiPoint"",""coordinates"":[]}"
709,233,1.5131244370298182,0,0.4346179366111755,0,0.7722649610133244,"{""type"":""MultiPoint"",""coordinates"":[]}"
710,86,2.3157121864575685,1,0.2744300365447998,1,1.1351641147415787,"{""type"":""MultiPoint"",""coordinates"":[]}"
711,80,2.0241598256045963,1,0.2815653383731842,1,1.0051391778011023,"{""type"":""MultiPoint"",""coordinates"":[]}"
712,104,2.599377400124714,1,0.2671789228916168,1,1.3079571782420456,"{""type"":""MultiPoint"",""coordinates"":[]}"
713,110,1.8686871753988128,1,0.1195910274982452,0,0.9396686248204348,"{""type"":""MultiPoint"",""coordinates"":[]}"
714,41,2.175535203986444,1,0.0592956952750682,1,0.9948537326456138,"{""type"":""MultiPoint"",""coordinates"":[]}"
715,913,2.181395246319999,0,5.539352893829346,0,1.122098510666942,"{""type"":""MultiPoint"",""coordinates"":[]}"
716,427,1.2011499197530948,1,0.6418268084526062,0,0.624665659212447,"{""type"":""MultiPoint"",""coordinates"":[]}"
717,570,1.8184831977831264,0,16.159975051879883,0,0.9817468124264698,"{""type"":""MultiPoint"",""coordinates"":[]}"
718,44,2.138001300276209,0,0.146198958158493,0,0.9645446520258474,"{""type"":""MultiPoint"",""coordinates"":[]}"
719,392,3.2846530751594294,1,0.4505013823509216,2,1.6578267745207054,"{""type"":""MultiPoint"",""coordinates"":[]}"
720,233,1.1492662840202104,1,0.3521929085254669,0,0.5019438815085241,"{""type"":""MultiPoint"",""coordinates"":[]}"
721,114,2.2656389214307047,1,0.2231181114912033,1,1.1310721189855693,"{""type"":""MultiPoint"",""coordinates"":[]}"
722,605,1.6877174799546553,0,5.420094013214111,0,0.9173964656875736,"{""type"":""MultiPoint"",""coordinates"":[]}"
723,713,1.587057277825116,0,7.984858989715576,0,0.7206624113184849,"{""type"":""MultiPoint"",""coordinates"":[]}"
724,273,3.001020128610526,1,0.4964126050472259,2,1.6535381388161965,"{""type"":""MultiPoint"",""coordinates"":[]}"
725,106,1.735099879878923,0,0.276542067527771,0,1.0792649419725828,"{""type"":""MultiPoint"",""coordinates"":[]}"
726,215,1.027084734350019,1,0.2755306959152221,0,0.4347798711672243,"{""type"":""MultiPoint"",""coordinates"":[]}"
727,168,1.9793476899338716,0,0.4125069677829742,0,0.9053155560448372,"{""type"":""MultiPoint"",""coordinates"":[]}"
728,367,2.434789458820881,0,2.3149948120117188,0,1.002738989223768,"{""type"":""MultiPoint"",""coordinates"":[]}"
729,109,2.034166895451313,0,0.0655361115932464,0,1.0030494541626758,"{""type"":""MultiPoint"",""coordinates"":[]}"
730,907,0.6569669577796318,0,19.89776611328125,0,0.3585157183972629,"{""type"":""MultiPoint"",""coordinates"":[]}"
731,417,2.052540043945101,1,6.012847900390625,1,1.068842908696514,"{""type"":""MultiPoint"",""coordinates"":[]}"
732,64,2.0988124483179624,1,0.1706955283880233,1,1.0135742599130222,"{""type"":""MultiPoint"",""coordinates"":[]}"
733,35,2.392218198030502,1,0.4637353420257568,1,1.023101451337869,"{""type"":""MultiPoint"",""coordinates"":[]}"
734,420,1.1985492874369263,0,9.003791809082031,0,0.6538320879479183,"{""type"":""MultiPoint"",""coordinates"":[]}"
735,335,2.7522984475725547,1,0.4553997218608856,1,1.4267621157173778,"{""type"":""MultiPoint"",""coordinates"":[]}"
736,81,2.250055273122852,0,0.2658990621566772,0,1.044692166556868,"{""type"":""MultiPoint"",""coordinates"":[]}"
737,30,2.27438250629955,1,0.375921368598938,1,0.9835860851499806,"{""type"":""MultiPoint"",""coordinates"":[]}"
738,297,1.8448264969024035,1,1.0204342603683472,0,1.073382440510615,"{""type"":""MultiPoint"",""coordinates"":[]}"
739,191,1.7201416414556538,1,0.3976838588714599,0,0.7339289597706087,"{""type"":""MultiPoint"",""coordinates"":[]}"
740,199,1.5497406099336624,1,0.1952105611562729,0,0.7649252692926983,"{""type"":""MultiPoint"",""coordinates"":[]}"
741,246,1.3941285156725884,1,0.5804157257080078,0,0.6539356259678245,"{""type"":""MultiPoint"",""coordinates"":[]}"
742,476,0.914963272231469,0,2.318626880645752,0,0.4364339607588587,"{""type"":""MultiPoint"",""coordinates"":[]}"
743,28,5.365138441631322,0,0.2479492127895355,0,2.0138573787901675,"{""type"":""MultiPoint"",""coordinates"":[]}"
744,15,2.4246190569512374,1,0.0869522094726562,1,1.0254019645522532,"{""type"":""MultiPoint"",""coordinates"":[]}"
745,63,2.8410632176775223,0,0.8035679459571838,0,1.744181476849681,"{""type"":""MultiPoint"",""coordinates"":[]}"
746,108,1.8417131648502696,1,0.2439193576574325,0,0.8989112911627106,"{""type"":""MultiPoint"",""coordinates"":[]}"
747,16,2.075809488385063,0,0.0650674924254417,0,0.9229136229329722,"{""type"":""MultiPoint"",""coordinates"":[]}"
748,101,2.034166895451313,1,0.147869199514389,1,1.0030494541626758,"{""type"":""MultiPoint"",""coordinates"":[]}"
749,100,1.9880742808305985,1,0.2969190776348114,0,0.9693281273075351,"{""type"":""MultiPoint"",""coordinates"":[]}"
750,62,2.027329455645628,1,0.1063504293560981,1,0.9530128639881198,"{""type"":""MultiPoint"",""coordinates"":[]}"
751,118,1.6105647609203797,1,0.2958163619041443,0,0.7102347575112434,"{""type"":""MultiPoint"",""coordinates"":[]}"
752,260,2.814307446443726,1,0.5421957969665527,1,1.5734615497582272,"{""type"":""MultiPoint"",""coordinates"":[]}"
753,86,2.034166895451313,0,0.1871771663427353,0,1.0030494541626758,"{""type"":""MultiPoint"",""coordinates"":[]}"
754,321,2.0533620812852758,0,0.8451720476150513,0,1.2033082535085842,"{""type"":""MultiPoint"",""coordinates"":[]}"
755,98,2.214228167826392,1,0.211307555437088,1,1.1050044406042354,"{""type"":""MultiPoint"",""coordinates"":[]}"
757,6,3.5753054358053387,1,0.0413537882268428,2,1.2671349153320193,"{""type"":""MultiPoint"",""coordinates"":[]}"
758,80,2.393273019685949,0,0.9129545092582704,0,1.0117611607796793,"{""type"":""MultiPoint"",""coordinates"":[]}"
759,47,4.200403303363268,0,0.3307048678398132,0,1.5678915878089972,"{""type"":""MultiPoint"",""coordinates"":[]}"
760,301,3.3594297759706966,1,0.8404783606529236,2,1.7484056569308168,"{""type"":""MultiPoint"",""coordinates"":[]}"
761,245,1.7608049205797722,1,0.2981480956077575,0,0.9749339247252902,"{""type"":""MultiPoint"",""coordinates"":[]}"
762,152,2.4964881377029213,1,0.3777860999107361,1,1.2527675946769083,"{""type"":""MultiPoint"",""coordinates"":[]}"
763,142,1.344615355995886,0,0.1763762533664703,0,0.7769218427403821,"{""type"":""MultiPoint"",""coordinates"":[]}"
764,200,1.751044154817072,0,1.0371350049972534,0,0.9325950072808764,"{""type"":""MultiPoint"",""coordinates"":[]}"
765,117,1.5596914185035582,0,0.0294188391417264,0,0.9472280679848272,"{""type"":""MultiPoint"",""coordinates"":[]}"
766,161,2.6373947079838347,1,0.2918030023574829,1,1.4956269054305869,"{""type"":""MultiPoint"",""coordinates"":[]}"
767,1068,1.7427547596147346,0,9.817644119262695,0,0.7715009046774661,"{""type"":""MultiPoint"",""coordinates"":[]}"
768,99,1.9748499913295736,1,0.2105607092380523,0,0.966657180603901,"{""type"":""MultiPoint"",""coordinates"":[]}"
769,102,2.1348555451300806,1,0.1478625535964965,1,1.061130496981581,"{""type"":""MultiPoint"",""coordinates"":[]}"
770,3,4.208848805432868,1,0.0650650113821029,2,1.6501399636221887,"{""type"":""MultiPoint"",""coordinates"":[]}"
771,319,1.806919845504693,0,0.6060425639152527,0,0.7160985633699634,"{""type"":""MultiPoint"",""coordinates"":[]}"
772,33,4.246873116020533,0,0.435030996799469,0,1.7146205748618,"{""type"":""MultiPoint"",""coordinates"":[]}"
773,221,3.156610732073078,0,0.626274824142456,0,1.713995312551578,"{""type"":""MultiPoint"",""coordinates"":[]}"
774,145,1.978130616390684,0,0.1874017864465713,0,0.9809060706288252,"{""type"":""MultiPoint"",""coordinates"":[]}"
775,92,1.7056410902921253,0,0.2337315529584884,0,1.144282281909932,"{""type"":""MultiPoint"",""coordinates"":[]}"
776,288,1.5999802373158851,0,0.2337358891963958,0,0.6918957457357058,"{""type"":""MultiPoint"",""coordinates"":[]}"
777,286,0.8081290910926276,1,0.3963903188705444,0,0.4277897792625033,"{""type"":""MultiPoint"",""coordinates"":[]}"
778,90,2.1505283871478125,0,0.3800491392612457,0,0.9912477322656004,"{""type"":""MultiPoint"",""coordinates"":[]}"
779,9,3.0714209339339598,1,0.6013460159301758,2,1.2700744088207092,"{""type"":""MultiPoint"",""coordinates"":[]}"
780,1355,1.684534031361176,0,3.534336805343628,0,0.9786684901821489,"{""type"":""MultiPoint"",""coordinates"":[]}"
781,91,2.034166895451313,0,0.2744979858398437,0,1.0030494541626758,"{""type"":""MultiPoint"",""coordinates"":[]}"
782,344,1.1117906357222478,0,1.428020715713501,0,0.6396632229454594,"{""type"":""MultiPoint"",""coordinates"":[]}"
783,52,3.515080211557886,0,0.6151549816131592,0,1.3654031426659636,"{""type"":""MultiPoint"",""coordinates"":[]}"
784,19,2.507170439164776,0,0.1501011550426483,0,1.0311741677945163,"{""type"":""MultiPoint"",""coordinates"":[]}"
785,287,0.4100363549972672,0,0.7199207544326782,0,0.2287790031654167,"{""type"":""MultiPoint"",""coordinates"":[]}"
786,397,2.161788080734226,1,0.2389773577451706,1,1.1885135520696497,"{""type"":""MultiPoint"",""coordinates"":[]}"
787,78,2.2865196730253947,0,0.2602451741695404,0,1.0712257014689797,"{""type"":""MultiPoint"",""coordinates"":[]}"
788,312,1.3743292296940834,0,0.4772036075592041,0,0.6138725909949576,"{""type"":""MultiPoint"",""coordinates"":[]}"
789,445,1.6487676788720065,0,2.5941967964172363,0,0.9142142275011496,"{""type"":""MultiPoint"",""coordinates"":[]}"
790,143,1.8432383035193995,0,0.5793214440345764,0,0.9390615947338564,"{""type"":""MultiPoint"",""coordinates"":[]}"
791,252,1.4671644105728088,0,0.3395106792449951,0,0.6425585770453649,"{""type"":""MultiPoint"",""coordinates"":[]}"
792,27,3.3469782978874507,1,0.2534258365631103,2,1.3043208803266186,"{""type"":""MultiPoint"",""coordinates"":[]}"
793,7,3.152903174834133,1,0.171093612909317,2,1.084404833228892,"{""type"":""MultiPoint"",""coordinates"":[]}"
794,42,2.0149579718092663,1,0.0579681657254695,1,1.147746779894302,"{""type"":""MultiPoint"",""coordinates"":[]}"
795,69,2.4065181092234385,0,0.4814031422138214,0,1.1445074922349985,"{""type"":""MultiPoint"",""coordinates"":[]}"
796,119,1.915444685119298,1,0.2700725197792053,0,0.8199650180028971,"{""type"":""MultiPoint"",""coordinates"":[]}"
797,478,1.4395333881595826,0,1.856450438499451,0,0.6826313518906794,"{""type"":""MultiPoint"",""coordinates"":[]}"
798,86,2.250055273122852,0,0.4867247641086578,0,1.044692166556868,"{""type"":""MultiPoint"",""coordinates"":[]}"
799,1096,1.5189974710194931,0,17.274877548217773,0,0.6610196240493245,"{""type"":""MultiPoint"",""coordinates"":[]}"
800,199,2.7328411087425435,1,0.3559646010398865,1,1.5448706784026265,"{""type"":""MultiPoint"",""coordinates"":[]}"
801,163,2.3455152403386923,1,0.3294772803783417,1,1.1570419226116906,"{""type"":""MultiPoint"",""coordinates"":[]}"
802,71,2.053390745727516,0,0.5505741238594055,0,1.0287678255692372,"{""type"":""MultiPoint"",""coordinates"":[]}"
803,382,1.7160565515423594,0,2.037189245223999,0,0.691144891169714,"{""type"":""MultiPoint"",""coordinates"":[]}"
804,391,3.1124446173759326,0,0.6262686252593994,0,1.4599905703486864,"{""type"":""MultiPoint"",""coordinates"":[]}"
805,358,1.7723582065156538,0,4.211685657501221,0,0.9733183442676924,"{""type"":""MultiPoint"",""coordinates"":[]}"
806,66,2.102739730498381,0,0.1049568578600883,0,1.1344593465104953,"{""type"":""MultiPoint"",""coordinates"":[]}"
807,541,1.8372268595330707,0,7.542456150054932,0,0.878225774821369,"{""type"":""MultiPoint"",""coordinates"":[]}"
808,14,2.6994591758728346,1,0.0651696622371673,1,1.188473571859693,"{""type"":""MultiPoint"",""coordinates"":[]}"
809,309,2.103153413248472,0,0.3400905728340149,0,1.2109915685436912,"{""type"":""MultiPoint"",""coordinates"":[]}"
810,74,1.6768184449513204,1,0.3028897941112518,0,0.7365384026839878,"{""type"":""MultiPoint"",""coordinates"":[]}"
811,307,2.021718327035225,1,0.4357678294181824,1,1.1508545796959573,"{""type"":""MultiPoint"",""coordinates"":[]}"
812,327,2.301479268726176,0,2.139148235321045,0,1.308828832219462,"{""type"":""MultiPoint"",""coordinates"":[]}"
813,601,1.741429791115748,0,2.2422752380371094,0,0.7489990097954086,"{""type"":""MultiPoint"",""coordinates"":[]}"
814,114,2.088412484436005,1,0.1876318752765655,1,1.0532641148981878,"{""type"":""MultiPoint"",""coordinates"":[]}"
815,488,2.268243528646589,1,0.966465950012207,1,1.2054239574515595,"{""type"":""MultiPoint"",""coordinates"":[]}"
816,21,2.2732417784726247,1,0.041371900588274,1,0.9937698446144936,"{""type"":""MultiPoint"",""coordinates"":[]}"
818,147,2.6558239025111066,1,0.464673787355423,1,1.4791094314036304,"{""type"":""MultiPoint"",""coordinates"":[]}"
819,119,1.9523964503169269,0,0.2796700298786163,0,0.9042044154565928,"{""type"":""MultiPoint"",""coordinates"":[]}"
820,307,1.974638032741504,1,0.4761784374713897,0,1.0794485345297955,"{""type"":""MultiPoint"",""coordinates"":[]}"
821,188,1.560669101096576,0,0.3414140343666076,0,0.6891209809674436,"{""type"":""MultiPoint"",""coordinates"":[]}"
822,43,2.013918779374087,0,0.1723397672176361,0,0.9641205523081022,"{""type"":""MultiPoint"",""coordinates"":[]}"
823,137,2.5480381290756293,1,0.3581397533416748,1,1.4086195151573675,"{""type"":""MultiPoint"",""coordinates"":[]}"
824,26,2.3854595464693262,1,0.2363529801368713,1,1.0989797061070237,"{""type"":""MultiPoint"",""coordinates"":[]}"
825,318,1.229993028326091,0,2.587360382080078,0,0.6362955490627124,"{""type"":""MultiPoint"",""coordinates"":[]}"
826,29,2.003108931994663,0,0.365249752998352,0,0.8958363081773946,"{""type"":""MultiPoint"",""coordinates"":[]}"
827,170,1.5814405711930346,1,0.243660569190979,0,0.6441467025669999,"{""type"":""MultiPoint"",""coordinates"":[]}"
828,28,2.2853544541254798,1,0.1216140985488891,1,1.031258530807923,"{""type"":""MultiPoint"",""coordinates"":[]}"
829,366,0.9978458936171164,1,0.802361011505127,0,0.5069012647792266,"{""type"":""MultiPoint"",""coordinates"":[]}"
830,94,1.957760820174261,1,0.4370105266571045,0,0.9972201819342476,"{""type"":""MultiPoint"",""coordinates"":[]}"
831,84,1.8680290226720828,0,0.4365346431732178,0,1.190999734828575,"{""type"":""MultiPoint"",""coordinates"":[]}"
832,6,4.724730678566143,0,0.0657197684049606,0,1.636595115986225,"{""type"":""MultiPoint"",""coordinates"":[]}"
833,18,2.810553572146565,1,0.0650099292397499,1,1.280525992684996,"{""type"":""MultiPoint"",""coordinates"":[]}"
834,665,2.245956656386427,0,3.2521088123321533,0,1.1626437644204233,"{""type"":""MultiPoint"",""coordinates"":[]}"
835,115,2.023783490205445,1,0.123778261244297,1,0.9706077907976944,"{""type"":""MultiPoint"",""coordinates"":[]}"
836,91,2.929828299049244,1,0.2776073217391968,1,1.1882817165656967,"{""type"":""MultiPoint"",""coordinates"":[]}"
837,115,2.2656389214307047,1,0.2075169831514358,1,1.1310721189855693,"{""type"":""MultiPoint"",""coordinates"":[]}"
838,245,1.7242338724045922,0,0.5605724453926086,0,0.7545175971148598,"{""type"":""MultiPoint"",""coordinates"":[]}"
839,65,2.0241598256045963,1,0.2693574726581573,1,1.0051391778011023,"{""type"":""MultiPoint"",""coordinates"":[]}"
840,280,2.6791914144296918,1,0.5960421562194824,1,1.1643397945707716,"{""type"":""MultiPoint"",""coordinates"":[]}"
841,64,2.149712260057518,1,0.2337478250265121,1,1.001066307233956,"{""type"":""MultiPoint"",""coordinates"":[]}"
842,316,1.0270460504474794,0,2.5943443775177,0,0.490472908574674,"{""type"":""MultiPoint"",""coordinates"":[]}"
843,73,2.0754231123861797,0,0.0594173111021518,0,0.9745836911122772,"{""type"":""MultiPoint"",""coordinates"":[]}"
844,201,1.8993703875191728,1,3.215853214263916,0,0.9642304681687548,"{""type"":""MultiPoint"",""coordinates"":[]}"
845,96,2.250055273122852,0,0.1974585503339767,0,1.044692166556868,"{""type"":""MultiPoint"",""coordinates"":[]}"
846,25,2.76623344880158,1,0.0412647761404514,1,1.3563923054914993,"{""type"":""MultiPoint"",""coordinates"":[]}"
847,18,2.3816246730182944,1,0.065555453300476,1,1.270548471617031,"{""type"":""MultiPoint"",""coordinates"":[]}"
848,165,2.749503657962065,1,0.3646805584430694,1,1.5205084291749662,"{""type"":""MultiPoint"",""coordinates"":[]}"
849,86,2.294812533359307,0,0.6065220832824707,0,1.0780094846793993,"{""type"":""MultiPoint"",""coordinates"":[]}"
850,20,2.771414063290932,1,0.0587984584271907,1,1.3826366599027482,"{""type"":""MultiPoint"",""coordinates"":[]}"
851,165,1.8993703875191728,1,0.2376018017530441,0,0.9642304681687548,"{""type"":""MultiPoint"",""coordinates"":[]}"
852,158,1.7458953454772652,1,0.3201877474784851,0,0.7546303456224948,"{""type"":""MultiPoint"",""coordinates"":[]}"
853,172,1.6194902752875973,1,0.3559429049491882,0,0.8149450699215998,"{""type"":""MultiPoint"",""coordinates"":[]}"
854,113,2.266137948941157,1,0.2791632413864136,1,1.0772105545849473,"{""type"":""MultiPoint"",""coordinates"":[]}"
855,5,3.083716871790444,0,0.105147898197174,0,1.255070566544462,"{""type"":""MultiPoint"",""coordinates"":[]}"
856,312,1.974638032741504,1,0.3255743682384491,0,1.0794485345297955,"{""type"":""MultiPoint"",""coordinates"":[]}"
857,149,1.505702640229334,0,0.196741446852684,0,0.7891524934225203,"{""type"":""MultiPoint"",""coordinates"":[]}"
858,1838,1.7427547596147346,0,8.028475761413574,0,0.7715009046774661,"{""type"":""MultiPoint"",""coordinates"":[]}"
859,55,2.4574455236497936,1,0.1564885824918747,1,1.1712791914940872,"{""type"":""MultiPoint"",""coordinates"":[]}"
860,26,3.1313731337463127,1,0.1962911933660507,2,1.3778607319501874,"{""type"":""MultiPoint"",""coordinates"":[]}"
861,924,1.2608697945089231,1,1.5325535535812378,0,0.6909675818586022,"{""type"":""MultiPoint"",""coordinates"":[]}"
862,58,2.2679229004352086,1,0.2050025910139084,1,1.1406975186924555,"{""type"":""MultiPoint"",""coordinates"":[]}"
863,125,1.948794607732201,1,0.6486514806747437,0,1.015261189608036,"{""type"":""MultiPoint"",""coordinates"":[]}"
864,255,2.411627913611372,0,0.7300019264221191,0,1.2922415425240743,"{""type"":""MultiPoint"",""coordinates"":[]}"
865,67,2.008985555141936,1,0.5629178881645203,1,0.923015321995981,"{""type"":""MultiPoint"",""coordinates"":[]}"
866,18,2.276168578346088,1,0.0650511756539344,1,0.9767782745446596,"{""type"":""MultiPoint"",""coordinates"":[]}"
867,908,1.184832638084061,1,9.25162410736084,0,0.6143459881772335,"{""type"":""MultiPoint"",""coordinates"":[]}"
868,1211,1.5166034428342954,0,1.287827491760254,0,0.7416903968253785,"{""type"":""MultiPoint"",""coordinates"":[]}"
869,329,0.9978458936171164,1,0.7470748424530029,0,0.5069012647792266,"{""type"":""MultiPoint"",""coordinates"":[]}"
870,1376,1.7357335362513466,0,1.5901838541030884,0,0.7277560530858656,"{""type"":""MultiPoint"",""coordinates"":[]}"
871,383,1.14861813411308,1,0.8542754054069519,0,0.6083761604690234,"{""type"":""MultiPoint"",""coordinates"":[]}"
872,86,2.011740697682556,1,0.1739040166139602,1,0.97149736848816,"{""type"":""MultiPoint"",""coordinates"":[]}"
873,372,1.554057779029695,1,0.6937561631202698,0,0.7191190818915735,"{""type"":""MultiPoint"",""coordinates"":[]}"
874,162,1.9429463613732785,1,0.3124814033508301,0,1.0077443564545814,"{""type"":""MultiPoint"",""coordinates"":[]}"
875,63,2.4940483300251106,1,0.0827361866831779,1,1.2386088857289692,"{""type"":""MultiPoint"",""coordinates"":[]}"
876,79,2.05231950878926,1,0.1876258105039596,1,1.0068307604015068,"{""type"":""MultiPoint"",""coordinates"":[]}"
877,168,1.9793476899338716,0,0.2375295013189315,0,0.9053155560448372,"{""type"":""MultiPoint"",""coordinates"":[]}"
878,52,2.372773015873868,0,0.1209863945841789,0,1.168433747457306,"{""type"":""MultiPoint"",""coordinates"":[]}"
879,68,1.9068042229903783,1,0.1576150506734848,0,0.8290586482149802,"{""type"":""MultiPoint"",""coordinates"":[]}"
880,12,3.135842213370662,1,0.041254237294197,2,1.438884866136444,"{""type"":""MultiPoint"",""coordinates"":[]}"
881,16,2.9549510700589625,1,0.1177489981055259,1,1.2526361923334544,"{""type"":""MultiPoint"",""coordinates"":[]}"
882,3,4.220325390257984,1,0.0413776189088821,2,1.5964918598219575,"{""type"":""MultiPoint"",""coordinates"":[]}"
884,6,3.5753054358053387,1,0.0413537882268428,2,1.2671349153320193,"{""type"":""MultiPoint"",""coordinates"":[]}"
885,104,1.7764046346202054,0,0.1299975365400314,0,0.9239683872012356,"{""type"":""MultiPoint"",""coordinates"":[]}"
886,20,2.9549510700589625,1,0.0929627120494842,1,1.2526361923334544,"{""type"":""MultiPoint"",""coordinates"":[]}"
887,80,1.957760820174261,0,0.1661933660507202,0,0.9972201819342476,"{""type"":""MultiPoint"",""coordinates"":[]}"
888,80,2.008985555141936,1,0.5613466501235962,1,0.923015321995981,"{""type"":""MultiPoint"",""coordinates"":[]}"
889,133,2.237773227747402,0,0.2239056676626205,0,1.066586934829263,"{""type"":""MultiPoint"",""coordinates"":[]}"
890,7,2.7643481898600397,1,0.1313270181417465,1,1.0698789933490491,"{""type"":""MultiPoint"",""coordinates"":[]}"
891,1742,1.2273826346559984,0,15.61102294921875,0,0.5764822544383231,"{""type"":""MultiPoint"",""coordinates"":[]}"
892,54,2.0614545973311063,1,0.065534733235836,1,1.138118941830842,"{""type"":""MultiPoint"",""coordinates"":[]}"
893,613,1.741749839543677,0,6.333264827728272,0,0.8292319922589695,"{""type"":""MultiPoint"",""coordinates"":[]}"
894,35,2.2224758335435832,1,0.1058997958898544,1,1.007234460645068,"{""type"":""MultiPoint"",""coordinates"":[]}"
895,62,2.527676413538081,0,0.1654519587755203,0,1.269981520811828,"{""type"":""MultiPoint"",""coordinates"":[]}"
896,73,1.9877866356380056,1,0.1835781037807464,0,1.1975621642937992,"{""type"":""MultiPoint"",""coordinates"":[]}"
897,407,1.5519300603457844,1,2.632075071334839,0,0.6345126223174369,"{""type"":""MultiPoint"",""coordinates"":[]}"
898,332,1.6011406661848924,1,5.171323299407959,0,0.624729932770918,"{""type"":""MultiPoint"",""coordinates"":[]}"
899,16,2.5005390416487407,1,0.0295239221304655,1,1.0269418407305848,"{""type"":""MultiPoint"",""coordinates"":[]}"
900,88,1.9065465821938905,1,0.1300088912248611,0,1.1692963905089864,"{""type"":""MultiPoint"",""coordinates"":[]}"
901,519,1.7554474928741874,0,7.648622512817383,0,0.7733480851064848,"{""type"":""MultiPoint"",""coordinates"":[]}"
902,10,3.727250890980716,0,0.0655008852481842,0,1.662407314695008,"{""type"":""MultiPoint"",""coordinates"":[]}"
903,65,2.006353186311157,1,0.0651471689343452,1,0.9599946423234004,"{""type"":""MultiPoint"",""coordinates"":[]}"
904,1324,1.7357335362513466,0,13.686569213867188,0,0.7277560530858656,"{""type"":""MultiPoint"",""coordinates"":[]}"
905,118,1.671767778083762,0,0.2957349121570587,0,0.7547243336390591,"{""type"":""MultiPoint"",""coordinates"":[]}"
906,265,1.3565931549838457,1,0.3201943039894104,0,0.6675342553995586,"{""type"":""MultiPoint"",""coordinates"":[]}"
907,166,1.5618307018856463,1,0.290225088596344,0,0.6203635870903331,"{""type"":""MultiPoint"",""coordinates"":[]}"
908,28,2.2375714079170046,1,0.0579681657254695,1,0.9750754386703602,"{""type"":""MultiPoint"",""coordinates"":[]}"
909,144,1.9851450080270567,1,0.3028605878353119,0,1.0093834809499829,"{""type"":""MultiPoint"",""coordinates"":[]}"
910,296,1.3743292296940834,1,0.3760635554790497,0,0.6138725909949576,"{""type"":""MultiPoint"",""coordinates"":[]}"
911,1060,1.050891731090793,0,8.353354454040527,0,0.6056321559090924,"{""type"":""MultiPoint"",""coordinates"":[]}"
912,42,2.0149579718092663,1,0.1049500107765197,1,1.147746779894302,"{""type"":""MultiPoint"",""coordinates"":[]}"
913,9,3.3510432143396542,1,0.0657698661088943,2,1.263107259836128,"{""type"":""MultiPoint"",""coordinates"":[]}"
914,420,2.150720174524942,1,0.4366321563720703,1,1.1283752173248784,"{""type"":""MultiPoint"",""coordinates"":[]}"
915,258,0.7494873588547746,1,0.9292777180671692,0,0.4019499802814667,"{""type"":""MultiPoint"",""coordinates"":[]}"
916,455,1.541550479600591,0,6.413360118865967,0,0.5878089836075542,"{""type"":""MultiPoint"",""coordinates"":[]}"
917,109,2.2656389214307047,1,0.1309355795383453,1,1.1310721189855693,"{""type"":""MultiPoint"",""coordinates"":[]}"
918,10,3.580573824285928,1,0.0412674434483051,2,1.6109334388838634,"{""type"":""MultiPoint"",""coordinates"":[]}"
919,13,3.112438207015709,1,0.0649904981255531,2,1.4716031485262364,"{""type"":""MultiPoint"",""coordinates"":[]}"
920,176,1.2395729616897946,1,0.3179452419281006,0,0.6058636528788668,"{""type"":""MultiPoint"",""coordinates"":[]}"
922,901,1.5353033584540965,1,1.3629250526428225,0,0.8950433260978984,"{""type"":""MultiPoint"",""coordinates"":[]}"
923,180,1.2950354550825411,1,0.6150127649307251,0,0.6793595850152345,"{""type"":""MultiPoint"",""coordinates"":[]}"
924,378,1.8242419730265589,0,0.4593085348606109,0,0.9598417601498442,"{""type"":""MultiPoint"",""coordinates"":[]}"
925,175,1.7201416414556538,1,0.2782332301139831,0,0.7339289597706087,"{""type"":""MultiPoint"",""coordinates"":[]}"
926,66,2.027329455645628,1,0.1223829388618469,1,0.9530128639881198,"{""type"":""MultiPoint"",""coordinates"":[]}"
927,98,2.002886541634349,1,0.3098788261413574,1,0.9304254013966669,"{""type"":""MultiPoint"",""coordinates"":[]}"
928,59,2.076380722886942,1,0.0661227852106094,1,0.9569060832810306,"{""type"":""MultiPoint"",""coordinates"":[]}"
929,131,1.7543511976305244,0,0.2958274185657501,0,0.8328187862403896,"{""type"":""MultiPoint"",""coordinates"":[]}"
930,104,2.599377400124714,1,0.3201843798160553,1,1.3079571782420456,"{""type"":""MultiPoint"",""coordinates"":[]}"
931,638,2.614649547942069,0,2.7760040760040283,0,1.3999183297498423,"{""type"":""MultiPoint"",""coordinates"":[]}"
932,60,2.0382469465213418,1,0.176370233297348,1,1.1457349451270944,"{""type"":""MultiPoint"",""coordinates"":[]}"
933,18,3.4369017480228576,1,0.1649548858404159,2,1.5041077415747506,"{""type"":""MultiPoint"",""coordinates"":[]}"
934,220,1.6011406661848924,1,2.8923282623291016,0,0.624729932770918,"{""type"":""MultiPoint"",""coordinates"":[]}"
935,111,2.049554942131888,1,0.2351631969213485,1,0.9974735105651484,"{""type"":""MultiPoint"",""coordinates"":[]}"
936,8,3.4751317949126164,0,0.1195926144719123,0,1.5419011161103784,"{""type"":""MultiPoint"",""coordinates"":[]}"
937,130,2.2095389772555016,1,0.3352795839309692,1,1.1284533465246096,"{""type"":""MultiPoint"",""coordinates"":[]}"
938,433,1.1764139391825288,0,2.461914300918579,0,0.5773902150109429,"{""type"":""MultiPoint"",""coordinates"":[]}"
939,50,2.0296566352292964,0,0.1497732400894165,0,1.1465619701092111,"{""type"":""MultiPoint"",""coordinates"":[]}"
940,330,3.2806755057216934,1,0.4808256030082702,2,1.69557885268887,"{""type"":""MultiPoint"",""coordinates"":[]}"
941,298,2.859379403973136,0,0.606143593788147,0,1.4981800855094811,"{""type"":""MultiPoint"",""coordinates"":[]}"
942,410,2.3235836482839383,0,4.4484710693359375,0,1.319722623382346,"{""type"":""MultiPoint"",""coordinates"":[]}"
943,457,2.3010457503036155,0,0.4953534603118896,0,1.276800540873673,"{""type"":""MultiPoint"",""coordinates"":[]}"
944,415,1.155516999409218,0,13.6043119430542,0,0.4913395757729343,"{""type"":""MultiPoint"",""coordinates"":[]}"
945,256,1.8023968247437585,0,13.709356307983398,0,0.768915950055204,"{""type"":""MultiPoint"",""coordinates"":[]}"
946,718,1.7487272618680816,0,9.761088371276855,0,0.869918451208872,"{""type"":""MultiPoint"",""coordinates"":[]}"
947,67,2.4863289421819954,1,0.3426153361797333,1,1.212644654071403,"{""type"":""MultiPoint"",""coordinates"":[]}"
948,416,1.719611745092309,0,8.34748363494873,0,0.8733997622288261,"{""type"":""MultiPoint"",""coordinates"":[]}"
949,148,1.505702640229334,1,0.1498950868844986,0,0.7891524934225203,"{""type"":""MultiPoint"",""coordinates"":[]}"
950,319,1.70678055786915,1,0.5266481041908264,0,0.7946247357501137,"{""type"":""MultiPoint"",""coordinates"":[]}"
951,2149,0.977925713009646,0,6.86534309387207,0,0.5412456564112493,"{""type"":""MultiPoint"",""coordinates"":[]}"
953,339,1.554057779029695,0,0.2755794525146484,0,0.7191190818915735,"{""type"":""MultiPoint"",""coordinates"":[]}"
954,202,2.7328411087425435,1,0.3647964298725128,1,1.5448706784026265,"{""type"":""MultiPoint"",""coordinates"":[]}"
955,137,2.088412484436005,0,0.147940456867218,0,1.0532641148981878,"{""type"":""MultiPoint"",""coordinates"":[]}"
956,809,2.764367459818837,1,1.270067811012268,1,1.4099907285643012,"{""type"":""MultiPoint"",""coordinates"":[]}"
957,234,0.9362105930157784,0,0.2703514099121094,0,0.3691189127299447,"{""type"":""MultiPoint"",""coordinates"":[]}"
958,407,1.490243160746712,1,1.927995443344116,0,0.5829310548124843,"{""type"":""MultiPoint"",""coordinates"":[]}"
959,87,2.019650128643471,1,0.2392118126153946,1,1.1254407702942757,"{""type"":""MultiPoint"",""coordinates"":[]}"
960,15,3.4435160397678573,1,0.0656136274337768,2,1.4468531194205192,"{""type"":""MultiPoint"",""coordinates"":[]}"
961,114,2.021999469160153,1,0.0936997011303901,1,0.987045172708322,"{""type"":""MultiPoint"",""coordinates"":[]}"
962,412,2.242346549235826,1,0.3402073681354522,1,1.2274409587268864,"{""type"":""MultiPoint"",""coordinates"":[]}"
963,176,1.7182660760316537,1,0.6194753050804138,0,0.7177992997940137,"{""type"":""MultiPoint"",""coordinates"":[]}"
964,185,1.2950354550825411,1,0.214004099369049,0,0.6793595850152345,"{""type"":""MultiPoint"",""coordinates"":[]}"
965,64,2.27438250629955,0,0.4221667945384979,0,0.9835860851499806,"{""type"":""MultiPoint"",""coordinates"":[]}"
966,805,1.0388211961043652,0,7.426530361175537,0,0.4065988465440306,"{""type"":""MultiPoint"",""coordinates"":[]}"
967,47,2.344002118188232,1,0.3300879001617431,1,1.0385871276031855,"{""type"":""MultiPoint"",""coordinates"":[]}"
968,389,1.671205173157251,0,2.80621337890625,0,0.7080971209804702,"{""type"":""MultiPoint"",""coordinates"":[]}"
969,187,2.0542483723281806,1,0.2640355825424194,1,1.195668084217728,"{""type"":""MultiPoint"",""coordinates"":[]}"
970,611,2.439500571204455,0,5.687530517578125,0,1.393165234279148,"{""type"":""MultiPoint"",""coordinates"":[]}"
971,20,2.7643481898600397,0,0.0650251060724258,0,1.0698789933490491,"{""type"":""MultiPoint"",""coordinates"":[]}"
972,394,1.1117906357222478,0,6.98734188079834,0,0.6396632229454594,"{""type"":""MultiPoint"",""coordinates"":[]}"
973,389,1.2353587881021062,1,0.7291454672813416,0,0.5749028677706802,"{""type"":""MultiPoint"",""coordinates"":[]}"
974,170,1.9429463613732785,1,0.3026966452598572,0,1.0077443564545814,"{""type"":""MultiPoint"",""coordinates"":[]}"
975,108,2.0785784333785915,1,0.3589262962341308,1,0.9611038669959924,"{""type"":""MultiPoint"",""coordinates"":[]}"
976,239,0.7494873588547746,1,0.2600718140602112,0,0.4019499802814667,"{""type"":""MultiPoint"",""coordinates"":[]}"
977,375,1.7160565515423594,1,0.7103797197341919,0,0.691144891169714,"{""type"":""MultiPoint"",""coordinates"":[]}"
978,19,2.35375255836849,1,0.0589917674660682,1,0.9515416028136016,"{""type"":""MultiPoint"",""coordinates"":[]}"
979,36,1.9780620592278777,1,0.1498681157827377,0,1.1657015362483876,"{""type"":""MultiPoint"",""coordinates"":[]}"
980,778,1.7608049205797722,0,5.94490909576416,0,0.9749339247252902,"{""type"":""MultiPoint"",""coordinates"":[]}"
981,158,2.050010317903169,1,0.2702471315860748,1,1.0813183451517556,"{""type"":""MultiPoint"",""coordinates"":[]}"
983,399,1.2353587881021062,1,0.8473192453384399,0,0.5749028677706802,"{""type"":""MultiPoint"",""coordinates"":[]}"
984,376,2.052540043945101,1,0.4031676054000854,1,1.068842908696514,"{""type"":""MultiPoint"",""coordinates"":[]}"
985,86,2.44164787777341,0,0.0413700081408023,0,1.2138075610219312,"{""type"":""MultiPoint"",""coordinates"":[]}"
986,448,2.261136553505791,1,0.931892454624176,1,1.1778701854987146,"{""type"":""MultiPoint"",""coordinates"":[]}"
987,161,2.709728817887074,1,0.2280606925487518,1,1.479769531880792,"{""type"":""MultiPoint"",""coordinates"":[]}"
988,210,1.8554753992765984,0,0.7291021347045898,0,0.8340518638229248,"{""type"":""MultiPoint"",""coordinates"":[]}"
989,159,1.559160011587909,1,0.3779474794864654,0,0.6758561725859648,"{""type"":""MultiPoint"",""coordinates"":[]}"
990,13,2.616496620769912,0,0.0413568764925003,0,0.959741696521171,"{""type"":""MultiPoint"",""coordinates"":[]}"
991,758,2.589710677731332,1,0.9518611431121826,1,1.3805008446857812,"{""type"":""MultiPoint"",""coordinates"":[]}"
992,137,1.8023968247437585,1,0.5596014261245728,0,0.768915950055204,"{""type"":""MultiPoint"",""coordinates"":[]}"
993,505,2.2626477521000283,1,2.087827205657959,1,1.2003657769798153,"{""type"":""MultiPoint"",""coordinates"":[]}"
994,179,1.8093895401160032,1,0.3884464204311371,0,0.9841623509293064,"{""type"":""MultiPoint"",""coordinates"":[]}"
995,93,1.984474621203263,1,0.1159362122416496,0,0.97892692016483,"{""type"":""MultiPoint"",""coordinates"":[]}"
996,915,2.558798585247073,1,2.1037709712982178,1,1.282320038157156,"{""type"":""MultiPoint"",""coordinates"":[]}"
997,39,2.115225080354576,0,0.2028877884149551,0,0.9591376087419944,"{""type"":""MultiPoint"",""coordinates"":[]}"
998,57,2.0614545973311063,0,0.0881630405783653,0,1.138118941830842,"{""type"":""MultiPoint"",""coordinates"":[]}"
999,353,1.9773287772748216,1,1.0163707733154297,0,1.0991717769509493,"{""type"":""MultiPoint"",""coordinates"":[]}"
1000,225,2.2508798976054463,1,0.3538945317268371,1,1.2575684738564552,"{""type"":""MultiPoint"",""coordinates"":[]}"
1001,44,2.602150053227961,1,0.2395114004611969,1,1.0695977444986828,"{""type"":""MultiPoint"",""coordinates"":[]}"
1002,240,1.0882707665458964,1,0.3531228303909302,0,0.4820544104404801,"{""type"":""MultiPoint"",""coordinates"":[]}"
1003,45,2.4207545419384964,1,0.1794513314962387,1,1.1331215703512287,"{""type"":""MultiPoint"",""coordinates"":[]}"
1004,135,1.6862434511208249,0,0.2518526315689087,0,1.047083654118848,"{""type"":""MultiPoint"",""coordinates"":[]}"
1005,387,3.1680271155024,0,0.2917546927928924,0,1.5545917663605922,"{""type"":""MultiPoint"",""coordinates"":[]}"
1006,75,2.3157121864575685,1,0.2993384599685669,1,1.1351641147415787,"{""type"":""MultiPoint"",""coordinates"":[]}"
1007,68,2.3943042951290314,1,0.6798928380012512,1,1.0966088333077748,"{""type"":""MultiPoint"",""coordinates"":[]}"
1008,44,2.13178008436859,1,0.1884593218564987,1,0.9545885580542528,"{""type"":""MultiPoint"",""coordinates"":[]}"
1009,298,2.920782140127154,0,0.2318714708089828,0,1.5237509035270471,"{""type"":""MultiPoint"",""coordinates"":[]}"
1010,827,2.965334377577373,1,1.3107988834381104,1,1.5190221709253364,"{""type"":""MultiPoint"",""coordinates"":[]}"
1011,294,1.0578283664553123,1,0.6957559585571289,0,0.4937509541371072,"{""type"":""MultiPoint"",""coordinates"":[]}"
1012,40,2.2679229004352086,1,0.0880997851490974,1,1.1406975186924555,"{""type"":""MultiPoint"",""coordinates"":[]}"
1013,901,2.3693159571079674,0,9.957315444946287,0,1.270104420348297,"{""type"":""MultiPoint"",""coordinates"":[]}"
1014,75,1.7199518795196225,0,0.3776446282863617,0,1.163797340250066,"{""type"":""MultiPoint"",""coordinates"":[]}"
1015,141,1.9958351623602448,1,0.2605113089084625,0,0.9824868860850364,"{""type"":""MultiPoint"",""coordinates"":[]}"
1016,218,2.515996820424739,0,0.4139151275157928,0,1.306135334308581,"{""type"":""MultiPoint"",""coordinates"":[]}"
1017,278,2.932622123331306,0,0.5348794460296631,0,1.280220975328059,"{""type"":""MultiPoint"",""coordinates"":[]}"
1018,99,2.019650128643471,1,0.2422852516174316,1,1.1254407702942757,"{""type"":""MultiPoint"",""coordinates"":[]}"
1019,760,2.872952217517908,1,0.1884716749191284,1,1.4911736759811935,"{""type"":""MultiPoint"",""coordinates"":[]}"
1020,130,2.0255595874405965,1,0.1884716749191284,1,1.0038241369000604,"{""type"":""MultiPoint"",""coordinates"":[]}"
1021,192,1.9968617862348896,1,0.6431132555007935,0,1.0273501785591308,"{""type"":""MultiPoint"",""coordinates"":[]}"
1022,11,1.9936513517306025,1,0.1197047159075737,0,0.9330435730478652,"{""type"":""MultiPoint"",""coordinates"":[]}"
1023,85,2.05231950878926,1,0.105353370308876,1,1.0068307604015068,"{""type"":""MultiPoint"",""coordinates"":[]}"
1024,238,0.9362105930157784,1,0.2913429141044616,0,0.3691189127299447,"{""type"":""MultiPoint"",""coordinates"":[]}"
1025,27,2.298544780443667,1,0.041360605508089,1,0.9913163460935422,"{""type"":""MultiPoint"",""coordinates"":[]}"
1026,20,2.9287861359738283,1,0.0289840884506702,1,1.4088050571044974,"{""type"":""MultiPoint"",""coordinates"":[]}"
1027,149,2.671199950905012,1,0.0931557267904281,1,1.4216854341052816,"{""type"":""MultiPoint"",""coordinates"":[]}"
1028,793,1.995546439118264,0,12.490167617797852,0,1.0001176999341423,"{""type"":""MultiPoint"",""coordinates"":[]}"
1029,167,1.957760820174261,0,2.6707205772399902,0,0.9972201819342476,"{""type"":""MultiPoint"",""coordinates"":[]}"
1030,29,2.316702408624339,1,0.0579681657254695,1,1.181839321485302,"{""type"":""MultiPoint"",""coordinates"":[]}"
1031,85,2.0145380665366046,1,0.0928535386919975,1,1.15396923528573,"{""type"":""MultiPoint"",""coordinates"":[]}"
1032,56,2.0538180187475445,1,0.2253059893846511,1,0.9598960152828812,"{""type"":""MultiPoint"",""coordinates"":[]}"
1033,135,2.2112643577076114,0,0.1501913517713546,0,1.0470011492371412,"{""type"":""MultiPoint"",""coordinates"":[]}"
1034,174,1.9968617862348896,1,0.4783928692340851,0,1.0273501785591308,"{""type"":""MultiPoint"",""coordinates"":[]}"
1035,302,1.491861754761503,0,0.9466342329978944,0,0.5721642647655814,"{""type"":""MultiPoint"",""coordinates"":[]}"
1036,606,2.872952217517908,0,0.1485898196697235,0,1.4911736759811935,"{""type"":""MultiPoint"",""coordinates"":[]}"
1037,144,1.9654001816491795,1,0.1196645721793174,0,1.07878139791955,"{""type"":""MultiPoint"",""coordinates"":[]}"
1038,12,2.630827559701042,1,0.106487289071083,1,1.143407009152817,"{""type"":""MultiPoint"",""coordinates"":[]}"
1039,15,3.135842213370662,1,0.041254237294197,2,1.438884866136444,"{""type"":""MultiPoint"",""coordinates"":[]}"
1040,198,1.6820672920012605,0,0.5995568633079529,0,0.8973120711580305,"{""type"":""MultiPoint"",""coordinates"":[]}"
1041,82,2.008985555141936,0,0.2150803655385971,0,0.923015321995981,"{""type"":""MultiPoint"",""coordinates"":[]}"
1042,20,3.112438207015709,0,0.0655374825000763,0,1.4716031485262364,"{""type"":""MultiPoint"",""coordinates"":[]}"
1043,249,0.9362105930157784,1,0.3309313356876373,0,0.3691189127299447,"{""type"":""MultiPoint"",""coordinates"":[]}"
1044,173,1.9542075903542773,1,0.2255204617977142,0,1.0237817021256497,"{""type"":""MultiPoint"",""coordinates"":[]}"
1045,235,1.6594003732532308,1,1.6526944637298584,0,0.6728735834065964,"{""type"":""MultiPoint"",""coordinates"":[]}"
1046,276,1.9777471441717536,0,3.5068142414093018,0,1.0509397199831674,"{""type"":""MultiPoint"",""coordinates"":[]}"
1047,1059,1.666338561386427,0,4.087924957275391,0,0.7131278878444582,"{""type"":""MultiPoint"",""coordinates"":[]}"
1048,292,0.8440728420795995,1,0.6789519786834717,0,0.4486552445428983,"{""type"":""MultiPoint"",""coordinates"":[]}"
1049,110,2.235184249889635,1,0.1654998660087585,1,1.266213932103443,"{""type"":""MultiPoint"",""coordinates"":[]}"
1050,347,3.2806755057216934,0,0.6831874251365662,0,1.69557885268887,"{""type"":""MultiPoint"",""coordinates"":[]}"
1051,761,1.0502422247688274,0,15.2990140914917,0,0.6202176927058112,"{""type"":""MultiPoint"",""coordinates"":[]}"
1052,46,2.344002118188232,1,0.2337604463100433,1,1.0385871276031855,"{""type"":""MultiPoint"",""coordinates"":[]}"
1053,40,2.041969116181897,0,0.1212355345487594,0,1.1797195552165327,"{""type"":""MultiPoint"",""coordinates"":[]}"
1054,68,2.0230092821312216,0,0.306998074054718,0,1.1162361341731648,"{""type"":""MultiPoint"",""coordinates"":[]}"
1055,620,1.2456830584798937,0,12.001043319702148,0,0.6818337255692263,"{""type"":""MultiPoint"",""coordinates"":[]}"
1056,242,1.3565931549838457,0,0.4816701412200928,0,0.6675342553995586,"{""type"":""MultiPoint"",""coordinates"":[]}"
1057,11,2.6994591758728346,1,0.1517261415719986,1,1.188473571859693,"{""type"":""MultiPoint"",""coordinates"":[]}"
1058,146,1.068970471870467,1,0.3106186091899872,0,0.6167717581979921,"{""type"":""MultiPoint"",""coordinates"":[]}"
1059,50,1.995431168788552,0,0.5206165909767151,0,0.928599951940948,"{""type"":""MultiPoint"",""coordinates"":[]}"
1060,103,1.916989124284917,0,0.1739040166139602,0,1.0417198986542282,"{""type"":""MultiPoint"",""coordinates"":[]}"
1061,114,2.0639767040893053,1,0.3339428305625915,1,0.9765029064711752,"{""type"":""MultiPoint"",""coordinates"":[]}"
1062,422,1.7934272227370491,1,1.2401973009109497,0,0.8591448947326265,"{""type"":""MultiPoint"",""coordinates"":[]}"
1063,160,1.5618307018856463,1,0.2634287476539612,0,0.6203635870903331,"{""type"":""MultiPoint"",""coordinates"":[]}"
1064,30,2.764702453811012,1,0.3000868260860443,1,1.1221537938846309,"{""type"":""MultiPoint"",""coordinates"":[]}"
1065,113,1.7543511976305244,1,0.0918542295694351,0,0.8328187862403896,"{""type"":""MultiPoint"",""coordinates"":[]}"
1066,74,2.525223014652472,0,0.1240853816270828,0,1.287440359206909,"{""type"":""MultiPoint"",""coordinates"":[]}"
1067,93,1.8575734806033224,1,0.1869479566812515,0,0.9043120035739304,"{""type"":""MultiPoint"",""coordinates"":[]}"
1068,438,1.8650040638786676,0,0.1869446039199829,0,0.747103804988939,"{""type"":""MultiPoint"",""coordinates"":[]}"
1069,149,1.5815072108469683,0,0.2337340116500854,0,0.8920296650266389,"{""type"":""MultiPoint"",""coordinates"":[]}"
1070,198,1.5814405711930346,1,0.2958141267299652,0,0.6441467025669999,"{""type"":""MultiPoint"",""coordinates"":[]}"
1072,171,2.3455152403386923,1,0.6408567428588867,1,1.1570419226116906,"{""type"":""MultiPoint"",""coordinates"":[]}"
1073,114,1.9523964503169269,1,0.4694725573062897,0,0.9042044154565928,"{""type"":""MultiPoint"",""coordinates"":[]}"
1074,467,2.3201084644524053,0,3.4689056873321533,0,1.2600452220584617,"{""type"":""MultiPoint"",""coordinates"":[]}"
1075,60,1.6768184449513204,0,0.3101416230201721,0,0.7365384026839878,"{""type"":""MultiPoint"",""coordinates"":[]}"
1076,267,2.023959366021848,1,0.4412083327770233,1,1.1965752604875162,"{""type"":""MultiPoint"",""coordinates"":[]}"
1077,141,1.505702640229334,1,0.1764934808015823,0,0.7891524934225203,"{""type"":""MultiPoint"",""coordinates"":[]}"
1078,308,0.3051108396630596,0,0.4867197573184967,0,0.179258296811627,"{""type"":""MultiPoint"",""coordinates"":[]}"
1079,135,1.7901540430231635,0,0.2066173553466797,0,0.899874145093655,"{""type"":""MultiPoint"",""coordinates"":[]}"
1080,1102,1.403476903994285,0,10.995002746582031,0,0.6125195449365191,"{""type"":""MultiPoint"",""coordinates"":[]}"
1081,722,2.5248788889691616,1,0.6275402307510376,1,1.36306435557141,"{""type"":""MultiPoint"",""coordinates"":[]}"
1082,143,2.1916983558645007,0,0.2507821917533874,0,1.0385914906155858,"{""type"":""MultiPoint"",""coordinates"":[]}"
1083,213,2.4677943445198105,1,0.3672727048397064,1,1.3490857040101534,"{""type"":""MultiPoint"",""coordinates"":[]}"
1084,119,1.671767778083762,1,0.169621005654335,0,0.7547243336390591,"{""type"":""MultiPoint"",""coordinates"":[]}"
1085,1049,1.1985492874369263,0,9.238773345947266,0,0.6538320879479183,"{""type"":""MultiPoint"",""coordinates"":[]}"
1086,215,2.7328411087425435,1,0.5508655309677124,1,1.5448706784026265,"{""type"":""MultiPoint"",""coordinates"":[]}"
1087,118,1.6359889091720794,1,0.2392246425151825,0,1.0748538325657255,"{""type"":""MultiPoint"",""coordinates"":[]}"
1088,36,2.344002118188232,0,0.2113788723945617,0,1.0385871276031855,"{""type"":""MultiPoint"",""coordinates"":[]}"
1089,4,4.187677193308486,1,0.0289840884506702,2,1.8281400524694296,"{""type"":""MultiPoint"",""coordinates"":[]}"
1090,632,1.7422853558048306,0,5.669615745544434,0,0.9374809213762872,"{""type"":""MultiPoint"",""coordinates"":[]}"
1091,172,1.5341757776256593,1,0.2348108738660812,0,0.6019675055174827,"{""type"":""MultiPoint"",""coordinates"":[]}"
1092,76,1.8721799101080117,0,0.4100254774093628,0,0.9305330214776664,"{""type"":""MultiPoint"",""coordinates"":[]}"
1093,133,2.257675416646365,0,0.3527840375900268,0,1.2849880021561613,"{""type"":""MultiPoint"",""coordinates"":[]}"
1094,448,1.5729592329858646,0,4.573257446289063,0,0.8107232565827517,"{""type"":""MultiPoint"",""coordinates"":[]}"
1095,45,2.0149579718092663,0,0.0917845889925956,0,1.147746779894302,"{""type"":""MultiPoint"",""coordinates"":[]}"
1096,177,2.743479661053794,0,3.336174249649048,0,1.466970640658127,"{""type"":""MultiPoint"",""coordinates"":[]}"
1097,746,1.7145947324393396,0,19.96261405944824,0,0.7581230544489206,"{""type"":""MultiPoint"",""coordinates"":[]}"
1098,342,1.0497370427767343,1,0.7553804516792297,0,0.4475999928184658,"{""type"":""MultiPoint"",""coordinates"":[]}"
1099,62,2.167439215572556,0,0.1049406975507736,0,1.1548776517086072,"{""type"":""MultiPoint"",""coordinates"":[]}"
1100,71,2.000386466239464,1,0.0825740620493888,1,1.1841605262122243,"{""type"":""MultiPoint"",""coordinates"":[]}"
1101,423,2.4677943445198105,0,5.959861278533936,0,1.3490857040101534,"{""type"":""MultiPoint"",""coordinates"":[]}"
1102,10,2.27438250629955,1,0.2384479194879531,1,0.9835860851499806,"{""type"":""MultiPoint"",""coordinates"":[]}"
1103,24,2.474292125316459,1,0.0928138718008995,1,1.2725444695771717,"{""type"":""MultiPoint"",""coordinates"":[]}"
1104,274,1.1180886277824362,1,0.2975587844848633,0,0.5155792366495207,"{""type"":""MultiPoint"",""coordinates"":[]}"
1105,4,4.591636762713184,0,0.0413574986159801,0,1.6273784474898614,"{""type"":""MultiPoint"",""coordinates"":[]}"
1106,294,0.9893022443968428,1,6.190154075622559,0,0.5695554228565312,"{""type"":""MultiPoint"",""coordinates"":[]}"
1107,210,1.2693967427615442,0,0.4387216866016388,0,0.674146131488558,"{""type"":""MultiPoint"",""coordinates"":[]}"
1108,55,2.3374690486380656,0,0.3525132536888122,0,1.07999561607684,"{""type"":""MultiPoint"",""coordinates"":[]}"
1109,263,0.968201318801544,1,0.6062490344047546,0,0.4524544970867372,"{""type"":""MultiPoint"",""coordinates"":[]}"
1110,11,2.1409018724094837,1,0.065071664750576,1,0.9277353566231704,"{""type"":""MultiPoint"",""coordinates"":[]}"
1111,229,1.664679013336893,0,0.4227900505065918,0,0.8122663098522047,"{""type"":""MultiPoint"",""coordinates"":[]}"
1112,25,2.156109069860447,1,0.0412793420255184,1,1.1896924408759053,"{""type"":""MultiPoint"",""coordinates"":[]}"
1113,14,2.630827559701042,0,0.0297733899205923,0,1.143407009152817,"{""type"":""MultiPoint"",""coordinates"":[]}"
1114,7,2.7509368078023853,1,0.0657074674963951,1,0.955261890945505,"{""type"":""MultiPoint"",""coordinates"":[]}"
1115,389,1.671205173157251,0,2.80621337890625,0,0.7080971209804702,"{""type"":""MultiPoint"",""coordinates"":[]}"
1116,116,1.8686871753988128,1,0.3897977471351623,0,0.9396686248204348,"{""type"":""MultiPoint"",""coordinates"":[]}"
1117,119,2.088412484436005,1,0.3160825371742248,1,1.0532641148981878,"{""type"":""MultiPoint"",""coordinates"":[]}"
1118,87,2.1120066764009686,1,0.2062187045812606,1,1.056252694940343,"{""type"":""MultiPoint"",""coordinates"":[]}"
1119,121,2.397161053279313,0,0.4230874478816986,0,1.1244164273060475,"{""type"":""MultiPoint"",""coordinates"":[]}"
1120,943,2.623922969392914,1,1.605367660522461,1,1.2727870208212566,"{""type"":""MultiPoint"",""coordinates"":[]}"
1121,704,0.9502485108094212,0,6.239218711853027,0,0.5160339438735938,"{""type"":""MultiPoint"",""coordinates"":[]}"
1122,25,2.059810391493828,1,0.2119740694761276,1,0.9365711310686644,"{""type"":""MultiPoint"",""coordinates"":[]}"
1123,182,2.9240723719151096,1,0.4504848420619964,1,1.631696881071326,"{""type"":""MultiPoint"",""coordinates"":[]}"
1124,223,1.822939408282726,1,0.4760717749595642,0,0.9863192780142565,"{""type"":""MultiPoint"",""coordinates"":[]}"
1125,37,3.2100057863145253,1,0.0586177743971347,2,1.361939925327554,"{""type"":""MultiPoint"",""coordinates"":[]}"
1126,9,3.551454258767871,1,0.1055773124098777,2,1.563349483575644,"{""type"":""MultiPoint"",""coordinates"":[]}"
1127,43,1.9106465980127048,0,0.2300349473953247,0,0.9286425818663774,"{""type"":""MultiPoint"",""coordinates"":[]}"
1128,78,2.024878301817492,1,0.147336944937706,1,0.9854259496946136,"{""type"":""MultiPoint"",""coordinates"":[]}"
1129,51,2.059810391493828,0,0.3935513496398926,0,0.9365711310686644,"{""type"":""MultiPoint"",""coordinates"":[]}"
1130,175,1.8525295889397095,1,0.0412552803754806,0,0.8749580024208224,"{""type"":""MultiPoint"",""coordinates"":[]}"
1131,279,2.301479268726176,1,0.3168108165264129,1,1.308828832219462,"{""type"":""MultiPoint"",""coordinates"":[]}"
1132,123,2.076607026953737,0,0.3778567612171173,0,1.1935656940698796,"{""type"":""MultiPoint"",""coordinates"":[]}"
1133,59,1.9593171597329653,1,0.2438894063234329,0,0.9141591731717722,"{""type"":""MultiPoint"",""coordinates"":[]}"
1134,1068,0.7751033377425832,0,17.583820343017578,0,0.4504174748577105,"{""type"":""MultiPoint"",""coordinates"":[]}"
1135,815,1.491861754761503,0,9.041016578674316,0,0.5721642647655814,"{""type"":""MultiPoint"",""coordinates"":[]}"
1136,255,1.3282238294779272,0,0.2285972684621811,0,0.6030637432339563,"{""type"":""MultiPoint"",""coordinates"":[]}"
1137,33,2.1939305066929173,1,0.2865878045558929,1,0.9776776464201248,"{""type"":""MultiPoint"",""coordinates"":[]}"
1138,272,2.078304720271292,0,1.6894768476486206,0,1.0465160135966152,"{""type"":""MultiPoint"",""coordinates"":[]}"
1139,102,2.5548406395912093,1,0.2794128656387329,1,1.2918991697221325,"{""type"":""MultiPoint"",""coordinates"":[]}"
1140,514,2.2626477521000283,1,1.116196870803833,1,1.2003657769798153,"{""type"":""MultiPoint"",""coordinates"":[]}"
1143,115,1.6862434511208249,0,0.2353876084089279,0,1.047083654118848,"{""type"":""MultiPoint"",""coordinates"":[]}"
1144,111,1.8686871753988128,1,0.2673733532428741,0,0.9396686248204348,"{""type"":""MultiPoint"",""coordinates"":[]}"
1145,43,2.1669869154937227,0,0.0830645561218261,0,0.9713429299621524,"{""type"":""MultiPoint"",""coordinates"":[]}"
1146,12,3.551454258767871,1,0.0655778795480728,2,1.563349483575644,"{""type"":""MultiPoint"",""coordinates"":[]}"
1147,255,2.262707373106334,1,0.2318714708089828,1,1.2125403041504406,"{""type"":""MultiPoint"",""coordinates"":[]}"
1148,236,3.056020806323047,1,0.7177725434303284,2,1.6872120001588151,"{""type"":""MultiPoint"",""coordinates"":[]}"
1149,839,1.296707198084598,0,9.6814546585083,0,0.7277935851671943,"{""type"":""MultiPoint"",""coordinates"":[]}"
1150,36,2.3411873238279406,0,0.1478962302207946,0,1.0880672118109942,"{""type"":""MultiPoint"",""coordinates"":[]}"
1151,280,1.3682686089587384,1,0.3264665305614471,0,0.6477416253433287,"{""type"":""MultiPoint"",""coordinates"":[]}"
1152,326,1.70678055786915,1,0.2998091280460357,0,0.7946247357501137,"{""type"":""MultiPoint"",""coordinates"":[]}"
1153,388,1.0270460504474794,0,9.239413261413574,0,0.490472908574674,"{""type"":""MultiPoint"",""coordinates"":[]}"
1154,251,0.7494873588547746,1,0.9500333666801452,0,0.4019499802814667,"{""type"":""MultiPoint"",""coordinates"":[]}"
1155,336,2.15096877111277,0,0.4864945709705353,0,0.9118119944167808,"{""type"":""MultiPoint"",""coordinates"":[]}"
1156,385,1.9737195792517217,1,0.5190356969833374,0,1.0404390091045057,"{""type"":""MultiPoint"",""coordinates"":[]}"
1157,140,1.6105968047818155,1,0.2089587301015854,0,0.6650021774477994,"{""type"":""MultiPoint"",""coordinates"":[]}"
1158,43,5.365138441631322,0,2.5215163230896,0,2.0138573787901675,"{""type"":""MultiPoint"",""coordinates"":[]}"
1159,235,0.9873686342570468,1,0.3313691020011902,0,0.4680277514187679,"{""type"":""MultiPoint"",""coordinates"":[]}"
1160,270,1.9338413518101345,1,0.3607213199138641,0,1.1166382858759014,"{""type"":""MultiPoint"",""coordinates"":[]}"
1161,310,1.202644680547507,1,0.5461432337760925,0,0.5043144269079569,"{""type"":""MultiPoint"",""coordinates"":[]}"
1162,68,2.167439215572556,1,0.2050036638975143,1,1.1548776517086072,"{""type"":""MultiPoint"",""coordinates"":[]}"
1163,28,2.168269914880928,1,0.2229337096214294,1,1.0611779354863704,"{""type"":""MultiPoint"",""coordinates"":[]}"
1164,93,2.458917737060608,1,0.3779403567314148,1,1.1653335929821858,"{""type"":""MultiPoint"",""coordinates"":[]}"
1165,457,2.1799657043343,1,0.2512842118740082,1,1.13526210821122,"{""type"":""MultiPoint"",""coordinates"":[]}"
1166,299,1.9338413518101345,1,0.3842763006687164,0,1.1166382858759014,"{""type"":""MultiPoint"",""coordinates"":[]}"
1167,1621,0.5993881099326405,0,5.626161575317383,0,0.259204921329917,"{""type"":""MultiPoint"",""coordinates"":[]}"
1168,88,1.8238881767620645,0,0.1463927328586578,0,1.09713250309807,"{""type"":""MultiPoint"",""coordinates"":[]}"
1169,489,1.440097856426177,0,12.241966247558594,0,0.6301598020221468,"{""type"":""MultiPoint"",""coordinates"":[]}"
1170,2,3.0098895063241966,0,0.0660182833671569,0,1.1887415501652376,"{""type"":""MultiPoint"",""coordinates"":[]}"
1171,612,1.7934272227370491,0,3.32505464553833,0,0.8591448947326265,"{""type"":""MultiPoint"",""coordinates"":[]}"
1172,216,2.944720627728256,1,0.534286379814148,1,1.647218564612692,"{""type"":""MultiPoint"",""coordinates"":[]}"
1173,21,2.2375714079170046,1,0.0592312030494213,1,0.9750754386703602,"{""type"":""MultiPoint"",""coordinates"":[]}"
1174,158,1.9450736579560892,1,0.351369172334671,0,1.1134808879613365,"{""type"":""MultiPoint"",""coordinates"":[]}"
1175,316,2.7522984475725547,0,0.4674816727638244,0,1.4267621157173778,"{""type"":""MultiPoint"",""coordinates"":[]}"
1176,180,2.4964881377029213,1,3.301055669784546,1,1.2527675946769083,"{""type"":""MultiPoint"",""coordinates"":[]}"
1177,405,2.09141092600366,0,0.8500779867172241,0,1.190310825613172,"{""type"":""MultiPoint"",""coordinates"":[]}"
1178,18,2.290804350628066,0,0.0662535429000854,0,1.0539631506221605,"{""type"":""MultiPoint"",""coordinates"":[]}"
1179,113,1.7508474420901976,1,0.0881154313683509,0,0.811622569100407,"{""type"":""MultiPoint"",""coordinates"":[]}"
1180,296,1.2571589847499378,1,0.3842141926288605,0,0.6375893246430799,"{""type"":""MultiPoint"",""coordinates"":[]}"
1181,380,1.0388211961043652,0,0.308033287525177,0,0.4065988465440306,"{""type"":""MultiPoint"",""coordinates"":[]}"
1182,100,2.397161053279313,0,0.2112836837768554,0,1.1244164273060475,"{""type"":""MultiPoint"",""coordinates"":[]}"
1183,332,2.7522984475725547,1,0.2772209048271179,1,1.4267621157173778,"{""type"":""MultiPoint"",""coordinates"":[]}"
1184,305,2.019124627443309,0,1.0867698192596436,0,0.8158398453786491,"{""type"":""MultiPoint"",""coordinates"":[]}"
1185,70,2.149712260057518,1,0.2755128741264343,1,1.001066307233956,"{""type"":""MultiPoint"",""coordinates"":[]}"
1186,527,2.439260532105558,0,0.9957018494606018,0,1.3054530314640032,"{""type"":""MultiPoint"",""coordinates"":[]}"
1187,89,1.9447757377019352,1,0.205039694905281,0,0.9654447200382998,"{""type"":""MultiPoint"",""coordinates"":[]}"
1188,191,1.6845756633101108,1,0.4167861640453338,0,0.859849919302512,"{""type"":""MultiPoint"",""coordinates"":[]}"
1189,177,2.515996820424739,1,0.2601712346076965,1,1.306135334308581,"{""type"":""MultiPoint"",""coordinates"":[]}"
1190,102,1.7553587522477971,1,0.1478414833545684,0,0.7710815206218904,"{""type"":""MultiPoint"",""coordinates"":[]}"
1191,101,2.240173735042616,1,0.270399659872055,1,1.1037384270940032,"{""type"":""MultiPoint"",""coordinates"":[]}"
1192,157,1.5815072108469683,1,0.286213606595993,0,0.8920296650266389,"{""type"":""MultiPoint"",""coordinates"":[]}"
1193,589,1.6487676788720065,0,12.530763626098633,0,0.9142142275011496,"{""type"":""MultiPoint"",""coordinates"":[]}"
1194,10,2.616496620769912,1,0.0294950287789106,1,0.959741696521171,"{""type"":""MultiPoint"",""coordinates"":[]}"
1195,168,2.6373947079838347,1,0.3870587348937988,1,1.4956269054305869,"{""type"":""MultiPoint"",""coordinates"":[]}"
1196,20,2.1669869154937227,0,0.2449291497468948,0,0.9713429299621524,"{""type"":""MultiPoint"",""coordinates"":[]}"
1197,81,1.7056410902921253,0,0.0656150728464126,0,1.144282281909932,"{""type"":""MultiPoint"",""coordinates"":[]}"
1198,9,2.5474804875293584,1,0.0657028779387474,1,0.9245107734293332,"{""type"":""MultiPoint"",""coordinates"":[]}"
1199,219,2.263068735366578,0,0.3948830962181091,0,1.2676707622517331,"{""type"":""MultiPoint"",""coordinates"":[]}"
1200,90,2.110807341175938,1,0.1159362122416496,1,1.0425833300293896,"{""type"":""MultiPoint"",""coordinates"":[]}"
1201,270,0.3357754151203453,0,0.2634420394897461,0,0.1964928443605074,"{""type"":""MultiPoint"",""coordinates"":[]}"
1202,369,2.161387591753815,0,0.4452496170997619,0,1.2174628961386635,"{""type"":""MultiPoint"",""coordinates"":[]}"
1203,59,1.970116464993072,1,0.1509066075086593,0,0.9281518152425076,"{""type"":""MultiPoint"",""coordinates"":[]}"
1204,319,1.7160565515423594,1,0.2704872190952301,0,0.691144891169714,"{""type"":""MultiPoint"",""coordinates"":[]}"
1205,249,2.6394971574009283,1,0.4798529744148254,1,1.437197426591855,"{""type"":""MultiPoint"",""coordinates"":[]}"
1206,24,2.458665887781979,1,0.0917756929993629,1,1.2538153232257707,"{""type"":""MultiPoint"",""coordinates"":[]}"
1207,224,1.1492662840202104,1,0.3453699052333832,0,0.5019438815085241,"{""type"":""MultiPoint"",""coordinates"":[]}"
1208,179,1.765550469883385,0,0.6058082580566406,0,0.745755946386213,"{""type"":""MultiPoint"",""coordinates"":[]}"
1209,185,1.3233415901636938,1,0.4138594269752502,0,0.6085599989712202,"{""type"":""MultiPoint"",""coordinates"":[]}"
1210,40,2.04132351597177,0,0.0592254251241683,0,0.9231976258969052,"{""type"":""MultiPoint"",""coordinates"":[]}"
1211,66,2.409775922076211,0,0.2146542966365814,0,1.1356661307112317,"{""type"":""MultiPoint"",""coordinates"":[]}"
1212,300,3.3450571063206653,1,0.3112371861934662,2,1.6961739374812048,"{""type"":""MultiPoint"",""coordinates"":[]}"
1213,303,1.0497370427767343,1,0.289838433265686,0,0.4475999928184658,"{""type"":""MultiPoint"",""coordinates"":[]}"
1214,121,2.397161053279313,0,0.4230874478816986,0,1.1244164273060475,"{""type"":""MultiPoint"",""coordinates"":[]}"
1215,94,2.214228167826392,0,0.0918278023600578,0,1.1050044406042354,"{""type"":""MultiPoint"",""coordinates"":[]}"
1216,242,1.697954597229979,1,0.2750581502914428,0,0.6638169401251471,"{""type"":""MultiPoint"",""coordinates"":[]}"
1217,18,2.290804350628066,1,0.106503739953041,1,1.0539631506221605,"{""type"":""MultiPoint"",""coordinates"":[]}"
1218,250,1.6011406661848924,1,1.4269883632659912,0,0.624729932770918,"{""type"":""MultiPoint"",""coordinates"":[]}"
1219,7,3.152903174834133,0,0.1213855370879173,0,1.084404833228892,"{""type"":""MultiPoint"",""coordinates"":[]}"
1220,159,1.8023968247437585,1,0.2798170745372772,0,0.768915950055204,"{""type"":""MultiPoint"",""coordinates"":[]}"
1221,99,2.3751925030801093,1,0.2337385416030883,1,1.1342658425344183,"{""type"":""MultiPoint"",""coordinates"":[]}"
1222,348,2.443693577618349,1,0.5506808161735535,1,1.305968204412328,"{""type"":""MultiPoint"",""coordinates"":[]}"
1223,227,1.8093895401160032,1,4.181301593780518,0,0.9841623509293064,"{""type"":""MultiPoint"",""coordinates"":[]}"
1224,202,1.178930109454576,0,0.3779471814632416,0,0.5596304794022788,"{""type"":""MultiPoint"",""coordinates"":[]}"
1225,74,1.710130655388445,0,0.4435216784477234,0,0.7516166767644664,"{""type"":""MultiPoint"",""coordinates"":[]}"
1226,203,1.026858668657541,1,2.3419265747070312,0,0.472815703142056,"{""type"":""MultiPoint"",""coordinates"":[]}"
1227,113,1.8086068015887176,1,0.1764745563268661,0,1.0499367955639256,"{""type"":""MultiPoint"",""coordinates"":[]}"
1228,239,2.1295767238679297,1,1.305652737617493,1,1.165838166560741,"{""type"":""MultiPoint"",""coordinates"":[]}"
1229,96,1.9278790362922764,0,0.1478835940361023,0,1.0028276589671363,"{""type"":""MultiPoint"",""coordinates"":[]}"
1230,213,1.072961761141661,1,0.2436970919370651,0,0.480394803299655,"{""type"":""MultiPoint"",""coordinates"":[]}"
1231,109,1.829148040518037,0,0.1507289707660675,0,0.8530475995289215,"{""type"":""MultiPoint"",""coordinates"":[]}"
1232,129,2.023783490205445,1,0.2318714708089828,1,0.9706077907976944,"{""type"":""MultiPoint"",""coordinates"":[]}"
1233,105,1.7874302549290075,0,0.2424388229846954,0,1.187452506148612,"{""type"":""MultiPoint"",""coordinates"":[]}"
1234,87,2.167439215572556,0,0.269336998462677,0,1.1548776517086072,"{""type"":""MultiPoint"",""coordinates"":[]}"
1235,316,1.3743292296940834,1,0.5099304914474487,0,0.6138725909949576,"{""type"":""MultiPoint"",""coordinates"":[]}"
1236,1228,0.590388433363468,0,17.48253059387207,0,0.3109971947518116,"{""type"":""MultiPoint"",""coordinates"":[]}"
1237,41,2.2679229004352086,1,0.0587347000837326,1,1.1406975186924555,"{""type"":""MultiPoint"",""coordinates"":[]}"
1238,138,1.939663109243404,1,0.3252888917922973,0,0.9437862097184454,"{""type"":""MultiPoint"",""coordinates"":[]}"
1239,219,1.440168139386972,1,0.6115086078643799,0,0.6984326299431194,"{""type"":""MultiPoint"",""coordinates"":[]}"
1240,44,2.0230092821312216,1,0.1239392086863517,1,1.1162361341731648,"{""type"":""MultiPoint"",""coordinates"":[]}"
1241,51,2.8266678369905978,1,0.1851490586996078,1,1.1553516310294438,"{""type"":""MultiPoint"",""coordinates"":[]}"
1242,326,1.70678055786915,1,0.2998091280460357,0,0.7946247357501137,"{""type"":""MultiPoint"",""coordinates"":[]}"
1243,193,1.9968617862348896,0,0.7215814590454102,0,1.0273501785591308,"{""type"":""MultiPoint"",""coordinates"":[]}"
1245,379,1.4615545740439078,1,0.354519248008728,0,0.7837795532167808,"{""type"":""MultiPoint"",""coordinates"":[]}"
1246,27,2.462034616713609,0,0.627069354057312,0,1.034758313643206,"{""type"":""MultiPoint"",""coordinates"":[]}"
1247,86,2.44164787777341,1,0.2895920574665069,1,1.2138075610219312,"{""type"":""MultiPoint"",""coordinates"":[]}"
1248,640,2.5248788889691616,1,0.7719834446907043,1,1.36306435557141,"{""type"":""MultiPoint"",""coordinates"":[]}"
1249,58,2.4863289421819954,0,0.0657587870955467,0,1.212644654071403,"{""type"":""MultiPoint"",""coordinates"":[]}"
1250,29,2.474292125316459,0,0.0881584659218788,0,1.2725444695771717,"{""type"":""MultiPoint"",""coordinates"":[]}"
1251,345,2.526174079868013,0,0.1050699204206466,0,1.3134674239240225,"{""type"":""MultiPoint"",""coordinates"":[]}"
1252,448,2.259761867857826,1,0.2808094620704651,1,1.236995596028016,"{""type"":""MultiPoint"",""coordinates"":[]}"
1253,37,2.252882089477688,1,0.1478666514158249,1,1.1920550506796133,"{""type"":""MultiPoint"",""coordinates"":[]}"
1254,135,2.2163036601794066,1,0.2896857559680938,1,1.0104542609916265,"{""type"":""MultiPoint"",""coordinates"":[]}"
1255,12,2.5474804875293584,1,0.0289840884506702,1,0.9245107734293332,"{""type"":""MultiPoint"",""coordinates"":[]}"
1256,569,2.5009830957196386,1,1.3879584074020386,1,1.3539433120527693,"{""type"":""MultiPoint"",""coordinates"":[]}"
1257,343,0.9216965127803376,1,2.154561758041382,0,0.5004200450571196,"{""type"":""MultiPoint"",""coordinates"":[]}"
1258,326,1.70678055786915,1,0.2148673236370086,0,0.7946247357501137,"{""type"":""MultiPoint"",""coordinates"":[]}"
1259,124,1.4604237903858783,1,0.1449201554059982,0,0.7190260837080846,"{""type"":""MultiPoint"",""coordinates"":[]}"
1260,46,3.829115522686016,1,0.1863785982131958,2,1.4962851546841405,"{""type"":""MultiPoint"",""coordinates"":[]}"
1261,3,3.077515821389961,0,0.0415148995816707,0,1.2225688543215385,"{""type"":""MultiPoint"",""coordinates"":[]}"
1262,837,1.184832638084061,1,2.696514129638672,0,0.6143459881772335,"{""type"":""MultiPoint"",""coordinates"":[]}"
1263,363,1.7103526455417346,1,0.3527882397174835,0,0.9271995075013888,"{""type"":""MultiPoint"",""coordinates"":[]}"
1264,426,2.242346549235826,1,0.3844861090183258,1,1.2274409587268864,"{""type"":""MultiPoint"",""coordinates"":[]}"
1265,30,2.5100614786846163,1,0.2049944698810577,1,1.1237174694748568,"{""type"":""MultiPoint"",""coordinates"":[]}"
1266,56,2.09337716886276,1,0.1196684911847114,1,1.0049798702985877,"{""type"":""MultiPoint"",""coordinates"":[]}"
1267,89,2.099278625072007,0,0.1057076901197433,0,1.009875195527422,"{""type"":""MultiPoint"",""coordinates"":[]}"
1268,182,1.497130263435558,0,0.414015382528305,0,0.7562579700868141,"{""type"":""MultiPoint"",""coordinates"":[]}"
1269,66,2.3402583729185724,0,0.2521208226680755,0,1.0787738628895782,"{""type"":""MultiPoint"",""coordinates"":[]}"
1270,61,2.03613802098438,0,0.84389728307724,0,0.918491918295635,"{""type"":""MultiPoint"",""coordinates"":[]}"
1271,773,1.744901164518591,0,1.0156497955322266,0,0.7929212242531937,"{""type"":""MultiPoint"",""coordinates"":[]}"
1272,557,1.1117906357222478,0,20.72391128540039,0,0.6396632229454594,"{""type"":""MultiPoint"",""coordinates"":[]}"
1273,207,2.191439811367517,1,0.2337383329868316,1,1.2094183106703271,"{""type"":""MultiPoint"",""coordinates"":[]}"
1274,874,1.7283516968382964,0,11.203303337097168,0,0.8029899563559552,"{""type"":""MultiPoint"",""coordinates"":[]}"
1275,427,1.1764139391825288,0,7.224283218383789,0,0.5773902150109429,"{""type"":""MultiPoint"",""coordinates"":[]}"
1276,263,1.9131939355811451,0,3.031076431274414,0,1.0898861784725191,"{""type"":""MultiPoint"",""coordinates"":[]}"
1277,693,1.7422853558048306,0,3.323244571685791,0,0.9374809213762872,"{""type"":""MultiPoint"",""coordinates"":[]}"
1278,32,4.200403303363268,0,0.5786696076393127,0,1.5678915878089972,"{""type"":""MultiPoint"",""coordinates"":[]}"
1279,63,2.527676413538081,1,0.2050222307443618,1,1.269981520811828,"{""type"":""MultiPoint"",""coordinates"":[]}"
1280,48,1.9593171597329653,1,0.1052039489150047,0,0.9141591731717722,"{""type"":""MultiPoint"",""coordinates"":[]}"
1281,179,2.4798626020111447,1,0.171207457780838,1,1.3703515442383143,"{""type"":""MultiPoint"",""coordinates"":[]}"
1282,4,3.992333971780062,1,0.0579681657254695,2,1.52090278891521,"{""type"":""MultiPoint"",""coordinates"":[]}"
1283,39,2.329166184868876,1,0.2392774373292923,1,1.0928571166568242,"{""type"":""MultiPoint"",""coordinates"":[]}"
1284,289,2.7140013685020192,1,0.4225750565528869,1,1.4858715638309463,"{""type"":""MultiPoint"",""coordinates"":[]}"
1285,285,2.783648997576605,1,0.4548686444759369,1,1.5455659817590313,"{""type"":""MultiPoint"",""coordinates"":[]}"
1286,335,3.214826133709053,1,0.5784291625022888,2,1.5779176602777578,"{""type"":""MultiPoint"",""coordinates"":[]}"
1287,53,2.8410632176775223,0,1.94553542137146,0,1.744181476849681,"{""type"":""MultiPoint"",""coordinates"":[]}"
1288,116,2.0639767040893053,1,0.1478854119777679,1,0.9765029064711752,"{""type"":""MultiPoint"",""coordinates"":[]}"
1289,40,2.111057720866921,1,0.0650161504745483,1,1.0866565822665533,"{""type"":""MultiPoint"",""coordinates"":[]}"
1290,105,1.6862434511208249,0,0.2277695089578628,0,1.047083654118848,"{""type"":""MultiPoint"",""coordinates"":[]}"
1291,242,0.9893022443968428,1,0.8015505075454712,0,0.5695554228565312,"{""type"":""MultiPoint"",""coordinates"":[]}"
1292,27,2.2375714079170046,1,0.0592428036034107,1,0.9750754386703602,"{""type"":""MultiPoint"",""coordinates"":[]}"
1293,186,1.178930109454576,1,0.0295776557177305,0,0.5596304794022788,"{""type"":""MultiPoint"",""coordinates"":[]}"
1294,112,2.02689541319641,1,0.2337624728679657,1,0.9969272903853366,"{""type"":""MultiPoint"",""coordinates"":[]}"
1295,5,4.187677193308486,0,0.0412209741771221,0,1.8281400524694296,"{""type"":""MultiPoint"",""coordinates"":[]}"
1296,26,2.222533379583518,1,0.0415476746857166,1,1.0090283056278075,"{""type"":""MultiPoint"",""coordinates"":[]}"
1297,183,1.5497406099336624,1,0.2625243961811065,0,0.7649252692926983,"{""type"":""MultiPoint"",""coordinates"":[]}"
1298,63,2.295521857150627,1,0.1650629341602325,1,1.206107459020797,"{""type"":""MultiPoint"",""coordinates"":[]}"
1299,69,2.993705832068715,0,0.347804844379425,0,1.1834967747592036,"{""type"":""MultiPoint"",""coordinates"":[]}"
1300,259,1.4071916013292338,0,1.4315589666366575,0,0.7726892230642867,"{""type"":""MultiPoint"",""coordinates"":[]}"
1301,72,2.458917737060608,1,0.1654270738363266,1,1.1653335929821858,"{""type"":""MultiPoint"",""coordinates"":[]}"
1302,679,2.322381376183638,0,0.8015393018722534,0,1.2499884715203136,"{""type"":""MultiPoint"",""coordinates"":[]}"
1303,82,1.9748499913295736,1,0.3334474563598633,0,0.966657180603901,"{""type"":""MultiPoint"",""coordinates"":[]}"
1304,50,1.9772015245798376,1,0.1718458980321884,0,0.9638475032056366,"{""type"":""MultiPoint"",""coordinates"":[]}"
1305,300,1.9773287772748216,0,1.3262468576431274,0,1.0991717769509493,"{""type"":""MultiPoint"",""coordinates"":[]}"
1306,12,3.3469782978874507,1,0.2098696827888488,2,1.3043208803266186,"{""type"":""MultiPoint"",""coordinates"":[]}"
1307,145,2.35607561385497,0,0.931771993637085,0,0.974184270015035,"{""type"":""MultiPoint"",""coordinates"":[]}"
1308,93,1.9065465821938905,0,0.1967499405145645,0,1.1692963905089864,"{""type"":""MultiPoint"",""coordinates"":[]}"
1309,89,2.4349036725234177,0,0.1793684214353561,0,1.211331508928924,"{""type"":""MultiPoint"",""coordinates"":[]}"
1311,33,2.315309078462492,1,0.0918272361159324,1,1.0775469802254702,"{""type"":""MultiPoint"",""coordinates"":[]}"
1312,346,0.590388433363468,1,7.333320140838623,0,0.3109971947518116,"{""type"":""MultiPoint"",""coordinates"":[]}"
1313,56,2.306447739421977,0,0.2701545059680938,0,0.999670600078496,"{""type"":""MultiPoint"",""coordinates"":[]}"
1314,259,1.7608049205797722,0,0.488720178604126,0,0.9749339247252902,"{""type"":""MultiPoint"",""coordinates"":[]}"
1315,373,1.2571589847499378,0,8.336387634277344,0,0.6375893246430799,"{""type"":""MultiPoint"",""coordinates"":[]}"
1316,150,2.0227306967743552,1,0.4048945605754852,1,1.053610794696671,"{""type"":""MultiPoint"",""coordinates"":[]}"
1317,44,3.829115522686016,1,0.1948589831590652,2,1.4962851546841405,"{""type"":""MultiPoint"",""coordinates"":[]}"
1318,381,1.7934272227370491,1,0.8070749640464783,0,0.8591448947326265,"{""type"":""MultiPoint"",""coordinates"":[]}"
1319,37,2.2224758335435832,1,0.171405553817749,1,1.007234460645068,"{""type"":""MultiPoint"",""coordinates"":[]}"
1320,112,2.3744881954145782,1,0.0918275192379951,1,1.3433675534109326,"{""type"":""MultiPoint"",""coordinates"":[]}"
1321,77,1.9877866356380056,0,0.0655610263347625,0,1.1975621642937992,"{""type"":""MultiPoint"",""coordinates"":[]}"
1322,58,2.0614545973311063,1,0.1835682094097137,1,1.138118941830842,"{""type"":""MultiPoint"",""coordinates"":[]}"
1323,314,1.960924505340819,0,0.7028332352638245,0,1.1233080380977305,"{""type"":""MultiPoint"",""coordinates"":[]}"
1324,289,1.2118354413796384,1,0.6377294659614563,0,0.5381303974449783,"{""type"":""MultiPoint"",""coordinates"":[]}"
1325,185,1.95877522922762,0,0.4561747312545776,0,1.0273908054203706,"{""type"":""MultiPoint"",""coordinates"":[]}"
1326,181,3.011218229942956,0,0.336066871881485,0,1.6632052774995478,"{""type"":""MultiPoint"",""coordinates"":[]}"
1327,170,2.3455152403386923,1,0.3294588029384613,1,1.1570419226116906,"{""type"":""MultiPoint"",""coordinates"":[]}"
1328,180,1.5341757776256593,1,0.8982477188110352,0,0.6019675055174827,"{""type"":""MultiPoint"",""coordinates"":[]}"
1329,57,2.0369488522600427,1,0.356683611869812,1,0.948655000485824,"{""type"":""MultiPoint"",""coordinates"":[]}"
1330,226,2.191439811367517,1,0.2691894173622131,1,1.2094183106703271,"{""type"":""MultiPoint"",""coordinates"":[]}"
1331,94,1.7081722449554957,1,0.0918511599302291,0,0.8035524431485503,"{""type"":""MultiPoint"",""coordinates"":[]}"
1332,14,2.547343700285216,0,0.1785749047994613,0,1.0923091190885366,"{""type"":""MultiPoint"",""coordinates"":[]}"
1333,595,2.872952217517908,1,0.810197651386261,1,1.4911736759811935,"{""type"":""MultiPoint"",""coordinates"":[]}"
1334,25,2.344002118188232,1,0.1320042312145233,1,1.0385871276031855,"{""type"":""MultiPoint"",""coordinates"":[]}"
1335,92,1.904223198361357,0,0.3322277367115021,0,0.9639135600518648,"{""type"":""MultiPoint"",""coordinates"":[]}"
1336,1722,1.5725024561668823,0,6.075161933898926,0,0.7179835297432416,"{""type"":""MultiPoint"",""coordinates"":[]}"
1337,102,1.9374391006951237,1,0.1878963708877563,0,0.899358812851342,"{""type"":""MultiPoint"",""coordinates"":[]}"
1338,270,2.359339829239384,0,0.5005943775177002,0,0.985266440719838,"{""type"":""MultiPoint"",""coordinates"":[]}"
1339,364,0.490209154495393,1,0.4387518465518951,0,0.2266964202609999,"{""type"":""MultiPoint"",""coordinates"":[]}"
1340,362,1.960924505340819,0,4.017235279083252,0,1.1233080380977305,"{""type"":""MultiPoint"",""coordinates"":[]}"
1341,53,2.09337716886276,1,0.0579681657254695,1,1.0049798702985877,"{""type"":""MultiPoint"",""coordinates"":[]}"
1342,85,1.7739569616726325,1,0.2318714708089828,0,0.8477052661408697,"{""type"":""MultiPoint"",""coordinates"":[]}"
1343,156,2.257675416646365,0,0.2933564186096191,0,1.2849880021561613,"{""type"":""MultiPoint"",""coordinates"":[]}"
1344,73,2.42678833813838,0,0.2523779571056366,0,1.2054060711655288,"{""type"":""MultiPoint"",""coordinates"":[]}"
1345,29,2.344002118188232,0,0.0869522094726562,0,1.0385871276031855,"{""type"":""MultiPoint"",""coordinates"":[]}"
1346,911,2.7240446916468346,1,0.3942765891551971,1,1.350518857864085,"{""type"":""MultiPoint"",""coordinates"":[]}"
1347,166,1.9654001816491795,1,0.0918667688965797,0,1.07878139791955,"{""type"":""MultiPoint"",""coordinates"":[]}"
1348,83,2.398627923678175,1,0.4694423675537109,1,1.1942120947329484,"{""type"":""MultiPoint"",""coordinates"":[]}"
1349,108,2.037569072579508,1,0.1566324383020401,1,0.9934795659369744,"{""type"":""MultiPoint"",""coordinates"":[]}"
1350,166,1.8495376579439664,1,0.1659585237503051,0,0.939099588855634,"{""type"":""MultiPoint"",""coordinates"":[]}"
1351,122,1.9880742808305985,1,0.3303600251674652,0,0.9693281273075351,"{""type"":""MultiPoint"",""coordinates"":[]}"
1352,7,4.484716222830941,1,0.0649887844920158,2,1.912527002372612,"{""type"":""MultiPoint"",""coordinates"":[]}"
1353,11,2.1409018724094837,1,0.0591311566531658,1,0.9277353566231704,"{""type"":""MultiPoint"",""coordinates"":[]}"
1354,146,1.630883620003951,1,0.3178766667842865,0,0.7366764455552869,"{""type"":""MultiPoint"",""coordinates"":[]}"
1355,99,2.000542941075095,1,0.3665477931499481,1,1.058241219686175,"{""type"":""MultiPoint"",""coordinates"":[]}"
1356,271,1.6011406661848924,0,1.4481688737869265,0,0.624729932770918,"{""type"":""MultiPoint"",""coordinates"":[]}"
1357,220,3.2090848647074792,1,0.3989268839359283,2,1.750059745736036,"{""type"":""MultiPoint"",""coordinates"":[]}"
1358,1066,1.4174134810908168,0,9.94393253326416,0,0.8278223523165987,"{""type"":""MultiPoint"",""coordinates"":[]}"
1359,24,2.0477648699084563,1,1.4092007875442505,1,0.913188133568445,"{""type"":""MultiPoint"",""coordinates"":[]}"
1360,564,2.213739715814732,0,8.154322624206543,0,1.2211441592137058,"{""type"":""MultiPoint"",""coordinates"":[]}"
1361,85,2.4787040111562715,0,0.186361163854599,0,1.2639192507245676,"{""type"":""MultiPoint"",""coordinates"":[]}"
1362,945,2.052540043945101,0,17.78629493713379,0,1.068842908696514,"{""type"":""MultiPoint"",""coordinates"":[]}"
1363,95,2.3736949227990065,1,0.1208956763148307,1,1.169556897738104,"{""type"":""MultiPoint"",""coordinates"":[]}"
1364,299,2.359339829239384,0,0.1050603091716766,0,0.985266440719838,"{""type"":""MultiPoint"",""coordinates"":[]}"
1365,343,0.3051108396630596,0,3.685493230819702,0,0.179258296811627,"{""type"":""MultiPoint"",""coordinates"":[]}"
1366,68,2.076380722886942,0,0.2028877884149551,0,0.9569060832810306,"{""type"":""MultiPoint"",""coordinates"":[]}"
1367,219,2.0201567637900766,1,0.0594738833606243,1,1.1302002016272803,"{""type"":""MultiPoint"",""coordinates"":[]}"
1368,916,2.558798585247073,1,0.842287003993988,1,1.282320038157156,"{""type"":""MultiPoint"",""coordinates"":[]}"
1369,89,1.7056410902921253,0,0.0826169773936271,0,1.144282281909932,"{""type"":""MultiPoint"",""coordinates"":[]}"
1370,215,1.871513071119783,1,0.4347530305385589,0,0.8186410397709963,"{""type"":""MultiPoint"",""coordinates"":[]}"
1371,672,1.0246379005872974,0,3.866149425506592,0,0.5642776927779306,"{""type"":""MultiPoint"",""coordinates"":[]}"
1372,18,2.5005390416487407,1,0.059062086045742,1,1.0269418407305848,"{""type"":""MultiPoint"",""coordinates"":[]}"
1373,377,3.214826133709053,0,0.3554315268993377,0,1.5779176602777578,"{""type"":""MultiPoint"",""coordinates"":[]}"
1374,95,1.909610978900916,0,0.0412920638918876,0,1.12766017027658,"{""type"":""MultiPoint"",""coordinates"":[]}"
1375,59,2.469624827667045,1,0.2957240045070648,1,1.2317181383221305,"{""type"":""MultiPoint"",""coordinates"":[]}"
1376,483,1.1764139391825288,0,3.5105113983154297,0,0.5773902150109429,"{""type"":""MultiPoint"",""coordinates"":[]}"
1377,241,1.2719835160218238,1,0.410059243440628,0,0.5973433394654137,"{""type"":""MultiPoint"",""coordinates"":[]}"
1378,236,1.1180886277824362,0,0.0,0,0.5155792366495207,"{""type"":""MultiPoint"",""coordinates"":[]}"
1379,258,1.0882707665458964,1,0.2393028736114502,0,0.4820544104404801,"{""type"":""MultiPoint"",""coordinates"":[]}"
1380,26,2.298544780443667,1,0.0657462105154991,1,0.9913163460935422,"{""type"":""MultiPoint"",""coordinates"":[]}"
1381,343,2.797748672554069,0,0.3777894973754883,0,1.4031366163036485,"{""type"":""MultiPoint"",""coordinates"":[]}"
1382,38,2.344002118188232,0,0.1764142960309982,0,1.0385871276031855,"{""type"":""MultiPoint"",""coordinates"":[]}"
1383,259,0.7494873588547746,1,0.3901177644729614,0,0.4019499802814667,"{""type"":""MultiPoint"",""coordinates"":[]}"
1384,824,1.795959415659186,0,4.672868728637695,0,0.9786303545236352,"{""type"":""MultiPoint"",""coordinates"":[]}"
1385,109,1.726702431370379,0,0.2366798520088195,0,0.8082994644889508,"{""type"":""MultiPoint"",""coordinates"":[]}"
1386,87,2.462034616713609,0,0.1323095262050628,0,1.034758313643206,"{""type"":""MultiPoint"",""coordinates"":[]}"
1387,82,2.05231950878926,0,0.2608550190925598,0,1.0068307604015068,"{""type"":""MultiPoint"",""coordinates"":[]}"
1388,625,2.439500571204455,0,1.825951099395752,0,1.393165234279148,"{""type"":""MultiPoint"",""coordinates"":[]}"
1389,43,1.9959453820978368,0,0.0649946480989456,0,1.1523829223607478,"{""type"":""MultiPoint"",""coordinates"":[]}"
1390,46,1.923451656536672,1,0.9154911041259766,0,0.8998809046874864,"{""type"":""MultiPoint"",""coordinates"":[]}"
1391,180,2.1916983558645007,0,0.333979070186615,0,1.0385914906155858,"{""type"":""MultiPoint"",""coordinates"":[]}"
1392,24,2.306447739421977,1,0.2913599908351898,1,0.999670600078496,"{""type"":""MultiPoint"",""coordinates"":[]}"
1393,142,1.6891352407622322,0,0.2905814349651336,0,0.7938512304582964,"{""type"":""MultiPoint"",""coordinates"":[]}"
1394,490,1.3485773829049117,0,8.927863121032715,0,0.5935693008239511,"{""type"":""MultiPoint"",""coordinates"":[]}"
1395,355,3.3450571063206653,0,0.6403489112854004,0,1.6961739374812048,"{""type"":""MultiPoint"",""coordinates"":[]}"
1397,19,3.112438207015709,1,0.0881676226854324,2,1.4716031485262364,"{""type"":""MultiPoint"",""coordinates"":[]}"
1398,1032,0.7751033377425832,0,16.991975784301758,0,0.4504174748577105,"{""type"":""MultiPoint"",""coordinates"":[]}"
1399,113,2.3751925030801093,0,0.1449201554059982,0,1.1342658425344183,"{""type"":""MultiPoint"",""coordinates"":[]}"
1400,72,1.9068042229903783,1,0.2624968886375427,0,0.8290586482149802,"{""type"":""MultiPoint"",""coordinates"":[]}"
1401,442,1.374306311177672,0,8.243149757385254,0,0.7075100325044272,"{""type"":""MultiPoint"",""coordinates"":[]}"
1402,892,1.4140661107796928,0,2.444657802581787,0,0.814384909060381,"{""type"":""MultiPoint"",""coordinates"":[]}"
1403,33,1.9936513517306025,0,0.2337784767150879,0,0.9330435730478652,"{""type"":""MultiPoint"",""coordinates"":[]}"
1404,709,1.8473123133353129,0,15.090848922729492,0,0.7259023913862547,"{""type"":""MultiPoint"",""coordinates"":[]}"
1405,113,1.8086068015887176,1,0.3161103129386902,0,1.0499367955639256,"{""type"":""MultiPoint"",""coordinates"":[]}"
1406,61,2.527676413538081,1,0.0579681657254695,1,1.269981520811828,"{""type"":""MultiPoint"",""coordinates"":[]}"
1407,95,2.002886541634349,0,0.3098822832107544,0,0.9304254013966669,"{""type"":""MultiPoint"",""coordinates"":[]}"
1408,196,1.9461653963129637,1,0.1658805012702942,0,1.1195601930278385,"{""type"":""MultiPoint"",""coordinates"":[]}"
1409,91,2.049554942131888,1,0.2351504862308502,1,0.9974735105651484,"{""type"":""MultiPoint"",""coordinates"":[]}"
1410,73,2.404776655621608,1,0.3712455928325653,1,1.2006613426125037,"{""type"":""MultiPoint"",""coordinates"":[]}"
1411,29,2.458665887781979,1,0.1309670507907867,1,1.2538153232257707,"{""type"":""MultiPoint"",""coordinates"":[]}"
1412,207,1.027084734350019,1,0.262526273727417,0,0.4347798711672243,"{""type"":""MultiPoint"",""coordinates"":[]}"
1413,9,3.2011346637161044,1,0.0650658383965492,2,1.2867056208110037,"{""type"":""MultiPoint"",""coordinates"":[]}"
1414,898,1.2608697945089231,0,0.7246900200843811,0,0.6909675818586022,"{""type"":""MultiPoint"",""coordinates"":[]}"
1415,76,2.525223014652472,0,0.0590126067399978,0,1.287440359206909,"{""type"":""MultiPoint"",""coordinates"":[]}"
1416,86,2.05231950878926,1,0.1245967224240303,1,1.0068307604015068,"{""type"":""MultiPoint"",""coordinates"":[]}"
1417,1751,1.0926319120850605,0,8.552721977233887,0,0.5715738573120102,"{""type"":""MultiPoint"",""coordinates"":[]}"
1418,54,2.118599578217152,1,0.1835609376430511,1,1.149190790198498,"{""type"":""MultiPoint"",""coordinates"":[]}"
1419,41,2.066769624228556,1,0.0592312030494213,1,0.9400326133263244,"{""type"":""MultiPoint"",""coordinates"":[]}"
1420,45,1.8853312195131424,1,0.1239619404077529,0,0.9683394271901012,"{""type"":""MultiPoint"",""coordinates"":[]}"
1421,60,2.993705832068715,1,0.2391593158245086,1,1.1834967747592036,"{""type"":""MultiPoint"",""coordinates"":[]}"
1422,31,3.387048073408114,0,0.872566282749176,0,1.4899161889713326,"{""type"":""MultiPoint"",""coordinates"":[]}"
1423,108,2.192453244832324,1,0.4153235554695129,1,1.0480655895478093,"{""type"":""MultiPoint"",""coordinates"":[]}"
1424,111,1.8575734806033224,1,0.5304958820343018,0,0.9043120035739304,"{""type"":""MultiPoint"",""coordinates"":[]}"
1425,95,2.024878301817492,1,0.1874786913394928,1,0.9854259496946136,"{""type"":""MultiPoint"",""coordinates"":[]}"
1426,198,1.5814405711930346,1,0.2919959425926208,0,0.6441467025669999,"{""type"":""MultiPoint"",""coordinates"":[]}"
1428,436,2.33550694191714,0,7.4885406494140625,0,1.2088609681834563,"{""type"":""MultiPoint"",""coordinates"":[]}"
1429,7,3.400399477243745,1,0.0295089334249496,2,1.254855804442809,"{""type"":""MultiPoint"",""coordinates"":[]}"
1430,54,2.09337716886276,0,0.1243891716003418,0,1.0049798702985877,"{""type"":""MultiPoint"",""coordinates"":[]}"
1431,292,2.7140013685020192,1,0.493645429611206,1,1.4858715638309463,"{""type"":""MultiPoint"",""coordinates"":[]}"
1432,195,2.1090073093189075,1,0.8022559285163879,1,1.003478902432761,"{""type"":""MultiPoint"",""coordinates"":[]}"
1433,144,1.068970471870467,1,0.209938958287239,0,0.6167717581979921,"{""type"":""MultiPoint"",""coordinates"":[]}"
1434,60,2.226013808441022,1,0.0587436482310295,1,1.073541898206815,"{""type"":""MultiPoint"",""coordinates"":[]}"
1435,596,2.635673488514589,1,2.2854292392730717,1,1.4046434216386237,"{""type"":""MultiPoint"",""coordinates"":[]}"
1436,51,2.8266678369905978,1,0.1207677870988845,1,1.1553516310294438,"{""type"":""MultiPoint"",""coordinates"":[]}"
1437,14,2.003108931994663,1,0.0918409153819084,1,0.8958363081773946,"{""type"":""MultiPoint"",""coordinates"":[]}"
1438,106,1.632462639847111,1,0.1739040166139602,0,0.7643427625040963,"{""type"":""MultiPoint"",""coordinates"":[]}"
1439,509,2.3201084644524053,1,0.9018303155899048,1,1.2600452220584617,"{""type"":""MultiPoint"",""coordinates"":[]}"
1440,57,2.1152120923223454,1,0.2049978822469711,1,1.086846054595061,"{""type"":""MultiPoint"",""coordinates"":[]}"
1441,91,1.671205173157251,1,2.127819776535034,0,0.7080971209804702,"{""type"":""MultiPoint"",""coordinates"":[]}"
1442,264,1.0578283664553123,0,0.4350205659866333,0,0.4937509541371072,"{""type"":""MultiPoint"",""coordinates"":[]}"
1443,800,1.598868100672954,1,0.5337147116661072,0,0.9418055378480062,"{""type"":""MultiPoint"",""coordinates"":[]}"
1444,315,0.3357754151203453,1,0.5344036221504211,0,0.1964928443605074,"{""type"":""MultiPoint"",""coordinates"":[]}"
1445,496,1.7717244920737516,1,0.5506808161735535,0,0.8508001127958511,"{""type"":""MultiPoint"",""coordinates"":[]}"
1446,275,1.651223712674906,0,6.264553070068359,0,0.7727290307275118,"{""type"":""MultiPoint"",""coordinates"":[]}"
1447,485,2.08283279105721,1,2.100245952606201,1,0.7764510678070663,"{""type"":""MultiPoint"",""coordinates"":[]}"
1448,23,3.515080211557886,1,0.2958363592624664,2,1.3654031426659636,"{""type"":""MultiPoint"",""coordinates"":[]}"
1449,311,2.103153413248472,0,0.8122559189796448,0,1.2109915685436912,"{""type"":""MultiPoint"",""coordinates"":[]}"
1450,5,4.438335026040506,1,0.02950369566679,2,1.6189982186630254,"{""type"":""MultiPoint"",""coordinates"":[]}"
1451,185,1.9793476899338716,0,0.1159362122416496,0,0.9053155560448372,"{""type"":""MultiPoint"",""coordinates"":[]}"
1452,334,2.797748672554069,1,0.3948321044445038,1,1.4031366163036485,"{""type"":""MultiPoint"",""coordinates"":[]}"
1453,965,1.8650040638786676,0,12.732810974121094,0,0.747103804988939,"{""type"":""MultiPoint"",""coordinates"":[]}"
1454,31,2.0770468859749043,1,0.0917802155017852,1,1.1482930706520855,"{""type"":""MultiPoint"",""coordinates"":[]}"
1455,154,2.7628505048442964,1,0.3030623197555542,1,1.5483952781896813,"{""type"":""MultiPoint"",""coordinates"":[]}"
1456,324,2.932622123331306,0,0.8309026956558228,0,1.280220975328059,"{""type"":""MultiPoint"",""coordinates"":[]}"
1457,129,1.7508474420901976,1,0.1468364745378494,0,0.811622569100407,"{""type"":""MultiPoint"",""coordinates"":[]}"
1458,3,4.208848805432868,1,0.0650621280074119,2,1.6501399636221887,"{""type"":""MultiPoint"",""coordinates"":[]}"
1459,40,2.524470492473766,1,0.1865254491567611,1,1.2679466072646317,"{""type"":""MultiPoint"",""coordinates"":[]}"
1460,206,2.520828397268659,1,0.435060441493988,1,1.3431762636495073,"{""type"":""MultiPoint"",""coordinates"":[]}"
1461,86,2.053390745727516,1,0.2229790985584259,1,1.0287678255692372,"{""type"":""MultiPoint"",""coordinates"":[]}"
1462,11,3.551454258767871,1,0.0655863806605339,2,1.563349483575644,"{""type"":""MultiPoint"",""coordinates"":[]}"
1463,230,1.2921279513466042,1,0.3366999328136444,0,0.5625875635163692,"{""type"":""MultiPoint"",""coordinates"":[]}"
1464,284,1.9466770778807436,0,2.13342809677124,0,1.0443485545464373,"{""type"":""MultiPoint"",""coordinates"":[]}"
1465,986,1.050891731090793,0,1.037135124206543,0,0.6056321559090924,"{""type"":""MultiPoint"",""coordinates"":[]}"
1466,616,1.8242419730265589,0,5.804801940917969,0,0.9598417601498442,"{""type"":""MultiPoint"",""coordinates"":[]}"
1467,32,2.474292125316459,0,0.0881630405783653,0,1.2725444695771717,"{""type"":""MultiPoint"",""coordinates"":[]}"
1468,571,1.8162669919164105,0,6.39496374130249,0,1.0127746809738716,"{""type"":""MultiPoint"",""coordinates"":[]}"
1469,382,2.206090649761835,1,0.5077393054962158,1,1.1455857572318906,"{""type"":""MultiPoint"",""coordinates"":[]}"
1470,497,2.2547610235036246,0,2.6678013801574707,0,1.1943867667893708,"{""type"":""MultiPoint"",""coordinates"":[]}"
1471,762,1.296707198084598,0,8.51846694946289,0,0.7277935851671943,"{""type"":""MultiPoint"",""coordinates"":[]}"
1472,364,1.9773287772748216,0,0.1778865754604339,0,1.0991717769509493,"{""type"":""MultiPoint"",""coordinates"":[]}"
1473,884,1.3447916421612485,1,14.853757858276367,0,0.6458027840937361,"{""type"":""MultiPoint"",""coordinates"":[]}"
1474,129,1.581695047081311,1,0.2063443958759308,0,0.7108086032618779,"{""type"":""MultiPoint"",""coordinates"":[]}"
1475,43,2.988909539571328,0,0.4524009227752685,0,1.2250435326091096,"{""type"":""MultiPoint"",""coordinates"":[]}"
1476,226,3.2090848647074792,0,0.2700041234493255,0,1.750059745736036,"{""type"":""MultiPoint"",""coordinates"":[]}"
1477,838,1.6487676788720065,0,4.500566482543945,0,0.9142142275011496,"{""type"":""MultiPoint"",""coordinates"":[]}"
1478,25,2.608239876981464,1,0.0889673382043838,1,1.0855303638713312,"{""type"":""MultiPoint"",""coordinates"":[]}"
1479,93,1.9374391006951237,1,0.1656085699796676,0,0.899358812851342,"{""type"":""MultiPoint"",""coordinates"":[]}"
1480,31,2.235765982737603,1,0.1300706714391708,1,1.0066438015319157,"{""type"":""MultiPoint"",""coordinates"":[]}"
1481,20,2.2549781050458084,0,0.1515561938285827,0,0.9843145069694156,"{""type"":""MultiPoint"",""coordinates"":[]}"
1482,82,2.44164787777341,1,0.1466390490531921,1,1.2138075610219312,"{""type"":""MultiPoint"",""coordinates"":[]}"
1483,28,2.19969615804166,0,0.0934411957859993,0,0.9560836443942974,"{""type"":""MultiPoint"",""coordinates"":[]}"
1484,120,1.6315029477766607,1,0.2078301757574081,0,0.8129547165058789,"{""type"":""MultiPoint"",""coordinates"":[]}"
1486,240,0.7548123853211001,1,0.4520959258079529,0,0.2985670346760287,"{""type"":""MultiPoint"",""coordinates"":[]}"
1487,425,1.7934272227370491,1,0.8534294366836548,0,0.8591448947326265,"{""type"":""MultiPoint"",""coordinates"":[]}"
1488,297,2.411627913611372,1,0.4047209918498993,1,1.2922415425240743,"{""type"":""MultiPoint"",""coordinates"":[]}"
1489,83,2.3736949227990065,1,0.274385392665863,1,1.169556897738104,"{""type"":""MultiPoint"",""coordinates"":[]}"
1490,226,0.9538523072694828,0,2.1779842376708984,0,0.5081228122415963,"{""type"":""MultiPoint"",""coordinates"":[]}"
1491,111,2.0716556248041917,1,0.148695021867752,1,1.0164784432786105,"{""type"":""MultiPoint"",""coordinates"":[]}"
1492,487,2.1799657043343,1,0.478041261434555,1,1.13526210821122,"{""type"":""MultiPoint"",""coordinates"":[]}"
1493,70,2.0639387645834573,1,0.1497882753610611,1,1.1311356244352513,"{""type"":""MultiPoint"",""coordinates"":[]}"
1494,31,5.12882704372054,0,0.8882024884223938,0,2.148915825796645,"{""type"":""MultiPoint"",""coordinates"":[]}"
1495,204,2.41311211269281,0,0.368150383234024,0,0.96638205235882,"{""type"":""MultiPoint"",""coordinates"":[]}"
1496,23,2.764702453811012,0,0.2073825895786285,0,1.1221537938846309,"{""type"":""MultiPoint"",""coordinates"":[]}"
1497,77,2.0050257142424868,1,0.2978107035160064,1,0.9988558719205746,"{""type"":""MultiPoint"",""coordinates"":[]}"
1498,43,2.138001300276209,1,0.211395263671875,1,0.9645446520258474,"{""type"":""MultiPoint"",""coordinates"":[]}"
1499,219,1.664679013336893,1,0.7455548048019409,0,0.8122663098522047,"{""type"":""MultiPoint"",""coordinates"":[]}"
1500,140,1.344615355995886,0,0.1858373284339904,0,0.7769218427403821,"{""type"":""MultiPoint"",""coordinates"":[]}"
1501,308,0.9216965127803376,0,0.3779356181621551,0,0.5004200450571196,"{""type"":""MultiPoint"",""coordinates"":[]}"
1502,128,1.875721241408734,1,0.3779287934303283,0,0.8995736337043749,"{""type"":""MultiPoint"",""coordinates"":[]}"
1503,653,1.9247879392769796,0,2.8745391368865967,0,1.0703750408946655,"{""type"":""MultiPoint"",""coordinates"":[]}"
1504,406,1.9737195792517217,0,0.2604200541973114,0,1.0404390091045057,"{""type"":""MultiPoint"",""coordinates"":[]}"
1505,6,4.104927869183763,0,0.0932834297418594,0,1.6343704350248875,"{""type"":""MultiPoint"",""coordinates"":[]}"
1506,55,1.8622447542011733,1,1.0299674272537231,0,0.9332563828732422,"{""type"":""MultiPoint"",""coordinates"":[]}"
1507,367,2.526174079868013,1,0.0827013775706291,1,1.3134674239240225,"{""type"":""MultiPoint"",""coordinates"":[]}"
1508,864,0.7693519925214879,1,2.3158509731292725,0,0.3931635335292209,"{""type"":""MultiPoint"",""coordinates"":[]}"
1509,327,0.5292147766867088,1,1.4491969347000122,0,0.2469928254086026,"{""type"":""MultiPoint"",""coordinates"":[]}"
1510,459,2.3186114604499792,0,5.524715423583984,0,1.3475970907305084,"{""type"":""MultiPoint"",""coordinates"":[]}"
1511,101,2.0710265916535144,0,0.1478699594736099,0,1.0777543068198692,"{""type"":""MultiPoint"",""coordinates"":[]}"
1512,889,0.968201318801544,0,9.152383804321287,0,0.4524544970867372,"{""type"":""MultiPoint"",""coordinates"":[]}"
1513,121,1.671767778083762,1,0.3731709420681,0,0.7547243336390591,"{""type"":""MultiPoint"",""coordinates"":[]}"
1514,2189,1.070849218577952,0,7.255149841308594,0,0.5468696344954341,"{""type"":""MultiPoint"",""coordinates"":[]}"
1515,54,2.080404199985755,1,0.1245445236563682,1,0.9484819171503132,"{""type"":""MultiPoint"",""coordinates"":[]}"
1516,389,1.9466770778807436,0,0.7776063084602356,0,1.0443485545464373,"{""type"":""MultiPoint"",""coordinates"":[]}"
1517,449,1.7302708221032854,0,0.6001739501953125,0,0.9053685850748944,"{""type"":""MultiPoint"",""coordinates"":[]}"
1518,931,2.558798585247073,1,3.009674072265625,1,1.282320038157156,"{""type"":""MultiPoint"",""coordinates"":[]}"
1519,63,2.022505711545941,0,0.0655526742339134,0,1.1672975978731972,"{""type"":""MultiPoint"",""coordinates"":[]}"
1520,294,1.0578283664553123,1,0.663236677646637,0,0.4937509541371072,"{""type"":""MultiPoint"",""coordinates"":[]}"
1521,17,2.464295812756704,1,0.0289840884506702,1,0.9391937917429708,"{""type"":""MultiPoint"",""coordinates"":[]}"
1522,73,1.9748499913295736,0,0.2074223458766937,0,0.966657180603901,"{""type"":""MultiPoint"",""coordinates"":[]}"
1523,99,1.7739569616726325,1,0.3085252046585083,0,0.8477052661408697,"{""type"":""MultiPoint"",""coordinates"":[]}"
1524,1967,1.0904574889220595,0,18.084238052368164,0,0.5636423086387681,"{""type"":""MultiPoint"",""coordinates"":[]}"
1525,120,1.7764046346202054,1,0.0649974420666694,0,0.9239683872012356,"{""type"":""MultiPoint"",""coordinates"":[]}"
1526,293,0.7883568858392318,0,0.3128539323806762,0,0.3933613813732576,"{""type"":""MultiPoint"",""coordinates"":[]}"
1527,155,1.7274274656245896,1,0.1650459319353103,0,0.7876577020055245,"{""type"":""MultiPoint"",""coordinates"":[]}"
1528,334,2.797748672554069,1,0.3948321044445038,1,1.4031366163036485,"{""type"":""MultiPoint"",""coordinates"":[]}"
1529,218,2.0201567637900766,0,1.6366949081420898,0,1.1302002016272803,"{""type"":""MultiPoint"",""coordinates"":[]}"
1530,14,2.4246190569512374,1,0.0918309614062309,1,1.0254019645522532,"{""type"":""MultiPoint"",""coordinates"":[]}"
1531,179,2.520828397268659,1,0.3779407739639282,1,1.3431762636495073,"{""type"":""MultiPoint"",""coordinates"":[]}"
1532,45,3.515080211557886,0,0.7681260108947754,0,1.3654031426659636,"{""type"":""MultiPoint"",""coordinates"":[]}"
1533,4,4.104927869183763,1,0.0650683268904686,2,1.6343704350248875,"{""type"":""MultiPoint"",""coordinates"":[]}"
1534,15,3.074210892970932,1,0.0296901240944862,2,1.2253674441452318,"{""type"":""MultiPoint"",""coordinates"":[]}"
1535,160,2.3455152403386923,1,0.1763863563537597,1,1.1570419226116906,"{""type"":""MultiPoint"",""coordinates"":[]}"
1536,9,3.242573291650058,0,0.1309644132852554,0,1.469048200324495,"{""type"":""MultiPoint"",""coordinates"":[]}"
1537,147,1.6891352407622322,0,0.215208500623703,0,0.7938512304582964,"{""type"":""MultiPoint"",""coordinates"":[]}"
1538,390,2.434789458820881,0,7.434573650360107,0,1.002738989223768,"{""type"":""MultiPoint"",""coordinates"":[]}"
1539,89,2.2773347669319697,0,1.921391606330872,0,1.349560265925016,"{""type"":""MultiPoint"",""coordinates"":[]}"
1540,78,2.398627923678175,0,0.0289840884506702,0,1.1942120947329484,"{""type"":""MultiPoint"",""coordinates"":[]}"
1541,421,2.137501126267872,0,1.023026704788208,0,1.187743891442212,"{""type"":""MultiPoint"",""coordinates"":[]}"
1542,303,1.3447916421612485,0,8.775755882263184,0,0.6458027840937361,"{""type"":""MultiPoint"",""coordinates"":[]}"
1543,16,3.112438207015709,1,0.0587753839790821,2,1.4716031485262364,"{""type"":""MultiPoint"",""coordinates"":[]}"
1544,77,1.9877866356380056,1,0.1651611179113388,0,1.1975621642937992,"{""type"":""MultiPoint"",""coordinates"":[]}"
1545,1114,1.331253402555589,0,7.491440773010254,0,0.5482023181233213,"{""type"":""MultiPoint"",""coordinates"":[]}"
1546,59,1.965551117061905,1,0.0830767974257469,0,0.969776637310516,"{""type"":""MultiPoint"",""coordinates"":[]}"
1547,461,1.7283516968382964,1,10.44704532623291,0,0.8029899563559552,"{""type"":""MultiPoint"",""coordinates"":[]}"
1548,42,2.344002118188232,1,0.1244019642472267,1,1.0385871276031855,"{""type"":""MultiPoint"",""coordinates"":[]}"
1549,112,2.0716556248041917,0,0.0918965190649032,0,1.0164784432786105,"{""type"":""MultiPoint"",""coordinates"":[]}"
1550,322,1.0440454783265345,1,0.1709166467189788,0,0.5348155305878518,"{""type"":""MultiPoint"",""coordinates"":[]}"
1551,107,2.2656389214307047,1,0.4412994980812073,1,1.1310721189855693,"{""type"":""MultiPoint"",""coordinates"":[]}"
1552,8,2.570872964830133,1,0.1859576106071472,1,1.0854037298061996,"{""type"":""MultiPoint"",""coordinates"":[]}"
1553,14,2.547343700285216,0,0.0938619077205658,0,1.0923091190885366,"{""type"":""MultiPoint"",""coordinates"":[]}"
1554,337,1.3610831265959618,0,0.630450963973999,0,0.7311885229780462,"{""type"":""MultiPoint"",""coordinates"":[]}"
1555,245,1.425309697528463,1,1.1912249326705933,0,0.5297413445983905,"{""type"":""MultiPoint"",""coordinates"":[]}"
1556,22,2.608239876981464,1,0.2285299897193908,1,1.0855303638713312,"{""type"":""MultiPoint"",""coordinates"":[]}"
1557,278,2.1369395163277627,1,0.4469542503356933,1,1.2332031118258668,"{""type"":""MultiPoint"",""coordinates"":[]}"
1558,48,2.049694160875291,1,0.2337626069784164,1,0.9619016833529752,"{""type"":""MultiPoint"",""coordinates"":[]}"
1559,161,1.8372268595330707,0,1.3637030124664309,0,0.878225774821369,"{""type"":""MultiPoint"",""coordinates"":[]}"
1560,118,1.8111657515863155,0,0.341976910829544,0,1.0399272955928378,"{""type"":""MultiPoint"",""coordinates"":[]}"
1561,53,2.071469598901983,1,0.346952736377716,1,0.9555152795806304,"{""type"":""MultiPoint"",""coordinates"":[]}"
1563,122,1.6105968047818155,1,0.2520065605640411,0,0.6650021774477994,"{""type"":""MultiPoint"",""coordinates"":[]}"
1564,183,1.8152208222852475,1,0.2885583937168121,0,0.7869891805566256,"{""type"":""MultiPoint"",""coordinates"":[]}"
1565,343,1.904996530806268,1,0.5225309729576111,0,1.089877800166242,"{""type"":""MultiPoint"",""coordinates"":[]}"
1566,707,2.154569054096696,1,6.95265531539917,1,1.107137171880758,"{""type"":""MultiPoint"",""coordinates"":[]}"
1567,37,2.049694160875291,1,0.2608550190925598,1,0.9619016833529752,"{""type"":""MultiPoint"",""coordinates"":[]}"
1568,65,1.9057245565720704,1,0.1463392674922943,0,0.9637902449515072,"{""type"":""MultiPoint"",""coordinates"":[]}"
1569,92,2.1152120923223454,1,0.2503518760204315,1,1.086846054595061,"{""type"":""MultiPoint"",""coordinates"":[]}"
1570,107,2.0785784333785915,1,0.4137311279773712,1,0.9611038669959924,"{""type"":""MultiPoint"",""coordinates"":[]}"
1571,185,1.8093895401160032,1,0.1059180051088333,0,0.9841623509293064,"{""type"":""MultiPoint"",""coordinates"":[]}"
1572,652,1.765007587744692,0,7.0972161293029785,0,0.7215490503219946,"{""type"":""MultiPoint"",""coordinates"":[]}"
1573,125,1.7764046346202054,1,0.1055635213851928,0,0.9239683872012356,"{""type"":""MultiPoint"",""coordinates"":[]}"
1574,177,1.8286456894173773,1,0.0660562440752983,0,0.9919989458417408,"{""type"":""MultiPoint"",""coordinates"":[]}"
1575,798,1.0246379005872974,0,3.393848419189453,0,0.5642776927779306,"{""type"":""MultiPoint"",""coordinates"":[]}"
1576,160,2.1916983558645007,1,0.4445044994354248,1,1.0385914906155858,"{""type"":""MultiPoint"",""coordinates"":[]}"
1577,539,1.6437523469089603,0,13.98435401916504,0,0.6994719132404654,"{""type"":""MultiPoint"",""coordinates"":[]}"
1578,353,1.9641607914160828,0,3.179231643676758,0,1.110563225029989,"{""type"":""MultiPoint"",""coordinates"":[]}"
1579,135,2.076607026953737,1,0.2701606154441833,1,1.1935656940698796,"{""type"":""MultiPoint"",""coordinates"":[]}"
1580,931,1.795959415659186,0,1.757724404335022,0,0.9786303545236352,"{""type"":""MultiPoint"",""coordinates"":[]}"
1581,45,2.04132351597177,1,0.1060802415013313,1,0.9231976258969052,"{""type"":""MultiPoint"",""coordinates"":[]}"
1582,605,2.635673488514589,1,0.8399668335914612,1,1.4046434216386237,"{""type"":""MultiPoint"",""coordinates"":[]}"
1583,38,1.970632133467482,1,0.0655582398176193,0,1.1816167062228533,"{""type"":""MultiPoint"",""coordinates"":[]}"
1584,909,2.4409677401867675,0,2.1276848316192627,0,1.2957932345029883,"{""type"":""MultiPoint"",""coordinates"":[]}"
1585,96,1.925394411909376,0,0.124344877898693,0,0.9686687640810038,"{""type"":""MultiPoint"",""coordinates"":[]}"
1586,194,1.26222354402996,1,0.2290543913841247,0,0.5621628062649789,"{""type"":""MultiPoint"",""coordinates"":[]}"
1587,46,2.0506164527603614,1,0.4356481432914734,1,0.9317262384649226,"{""type"":""MultiPoint"",""coordinates"":[]}"
1588,2252,0.91453184028237,0,9.046642303466797,0,0.5511523434337091,"{""type"":""MultiPoint"",""coordinates"":[]}"
1589,36,3.283683498548585,0,0.5504970550537109,0,2.2332737197554438,"{""type"":""MultiPoint"",""coordinates"":[]}"
1590,187,1.2719835160218238,1,0.5037212371826172,0,0.5973433394654137,"{""type"":""MultiPoint"",""coordinates"":[]}"
1591,4,3.0098895063241966,0,0.2154977768659591,0,1.1887415501652376,"{""type"":""MultiPoint"",""coordinates"":[]}"
1592,119,2.098639499456835,1,0.3594138622283935,1,1.0490053657322007,"{""type"":""MultiPoint"",""coordinates"":[]}"
1593,198,1.124794861069113,1,0.3068507015705108,0,0.5986513695856246,"{""type"":""MultiPoint"",""coordinates"":[]}"
1594,194,1.9461653963129637,1,0.493609219789505,0,1.1195601930278385,"{""type"":""MultiPoint"",""coordinates"":[]}"
1595,441,1.9247879392769796,0,0.9908607602119446,0,1.0703750408946655,"{""type"":""MultiPoint"",""coordinates"":[]}"
1596,247,3.116440855321408,1,0.5826570987701416,2,1.6967924257083182,"{""type"":""MultiPoint"",""coordinates"":[]}"
1597,29,2.1494848059143785,0,0.146549180150032,0,0.9395237677766868,"{""type"":""MultiPoint"",""coordinates"":[]}"
1598,-1,3.897261565999888,1,0.0579681657254695,2,1.3082849417411115,"{""type"":""MultiPoint"",""coordinates"":[]}"
1600,138,1.560810435125923,1,0.3596076667308807,0,0.6518463947948696,"{""type"":""MultiPoint"",""coordinates"":[]}"
1601,103,2.0170712147713803,1,1.1727875471115112,1,1.0046864573923444,"{""type"":""MultiPoint"",""coordinates"":[]}"
1602,60,2.0988124483179624,1,0.1871176362037658,1,1.0135742599130222,"{""type"":""MultiPoint"",""coordinates"":[]}"
1603,220,1.2921279513466042,1,0.1870546042919159,0,0.5625875635163692,"{""type"":""MultiPoint"",""coordinates"":[]}"
1604,19,2.56260290726543,1,0.0649796724319458,1,1.2729719228912093,"{""type"":""MultiPoint"",""coordinates"":[]}"
1605,83,2.0327740631834503,1,0.1478717923164367,1,1.0793418842073628,"{""type"":""MultiPoint"",""coordinates"":[]}"
1606,37,2.1549844194097347,0,0.0412755273282527,0,1.1828644728585924,"{""type"":""MultiPoint"",""coordinates"":[]}"
1607,30,2.075809488385063,0,0.2050294578075409,0,0.9229136229329722,"{""type"":""MultiPoint"",""coordinates"":[]}"
1608,428,1.3733212080216048,0,8.536696434020996,0,0.5260603576148088,"{""type"":""MultiPoint"",""coordinates"":[]}"
1609,328,2.443693577618349,0,0.2754935920238495,0,1.305968204412328,"{""type"":""MultiPoint"",""coordinates"":[]}"
1610,376,3.076053295439289,1,0.3527816236019134,2,1.566225976801123,"{""type"":""MultiPoint"",""coordinates"":[]}"
1611,48,2.028554713421638,1,0.065859280526638,1,0.9418939605590472,"{""type"":""MultiPoint"",""coordinates"":[]}"
1612,115,2.332153046326891,0,0.2768435180187225,0,1.1375679856956458,"{""type"":""MultiPoint"",""coordinates"":[]}"
1613,72,2.1505283871478125,0,0.1865663677453994,0,0.9912477322656004,"{""type"":""MultiPoint"",""coordinates"":[]}"
1614,57,2.226013808441022,0,0.1786112785339355,0,1.073541898206815,"{""type"":""MultiPoint"",""coordinates"":[]}"
1615,526,2.3186114604499792,0,3.94118332862854,0,1.3475970907305084,"{""type"":""MultiPoint"",""coordinates"":[]}"
1616,1,3.0780966390344866,1,0.0294736921787261,2,1.0311547234398388,"{""type"":""MultiPoint"",""coordinates"":[]}"
1617,9,2.652579034850977,1,0.0579681657254695,1,0.9380584134153644,"{""type"":""MultiPoint"",""coordinates"":[]}"
1618,914,2.623922969392914,1,0.4593532681465149,1,1.2727870208212566,"{""type"":""MultiPoint"",""coordinates"":[]}"
1619,42,1.8598914686659112,1,0.1651767939329147,0,1.1753024650476478,"{""type"":""MultiPoint"",""coordinates"":[]}"
1620,8,3.992333971780062,0,0.1479271501302719,0,1.52090278891521,"{""type"":""MultiPoint"",""coordinates"":[]}"
1621,454,0.8866194415176893,0,9.166717529296877,0,0.4532179026400169,"{""type"":""MultiPoint"",""coordinates"":[]}"
1622,1046,1.0926319120850605,0,6.013713836669922,0,0.5715738573120102,"{""type"":""MultiPoint"",""coordinates"":[]}"
1623,39,2.0452643686298835,0,0.3604120314121246,0,0.9614242990428868,"{""type"":""MultiPoint"",""coordinates"":[]}"
1625,153,2.1976467753790443,0,2.430743932723999,0,1.0667507685924082,"{""type"":""MultiPoint"",""coordinates"":[]}"
1626,387,1.4769091383100372,0,1.0590885877609253,0,0.5984539950093822,"{""type"":""MultiPoint"",""coordinates"":[]}"
1627,473,1.9474103576336348,1,0.4817410409450531,0,0.977167471922742,"{""type"":""MultiPoint"",""coordinates"":[]}"
1628,1098,1.013090095151194,0,15.92898178100586,0,0.4554540548014731,"{""type"":""MultiPoint"",""coordinates"":[]}"
1629,77,2.106888459777104,0,0.49359792470932,0,0.9871084580531642,"{""type"":""MultiPoint"",""coordinates"":[]}"
1630,81,1.758649941338315,0,0.3101712465286255,0,0.7713226877654048,"{""type"":""MultiPoint"",""coordinates"":[]}"
1631,151,1.344615355995886,1,0.2506315112113952,0,0.7769218427403821,"{""type"":""MultiPoint"",""coordinates"":[]}"
1632,232,1.9381267784341056,1,0.2675177156925201,0,1.1159427442872465,"{""type"":""MultiPoint"",""coordinates"":[]}"
1633,22,3.4369017480228576,1,0.1308993250131607,2,1.5041077415747506,"{""type"":""MultiPoint"",""coordinates"":[]}"
1634,102,1.9056091525587504,0,0.8000773787498474,0,1.0142262772840849,"{""type"":""MultiPoint"",""coordinates"":[]}"
1635,1040,1.995546439118264,0,6.901296138763428,0,1.0001176999341423,"{""type"":""MultiPoint"",""coordinates"":[]}"
1636,197,1.2199809799003871,0,0.2995177507400512,0,0.6093934360772675,"{""type"":""MultiPoint"",""coordinates"":[]}"
1637,111,2.0639767040893053,0,0.2790912687778473,0,0.9765029064711752,"{""type"":""MultiPoint"",""coordinates"":[]}"
1638,335,2.797748672554069,1,0.4509307146072387,1,1.4031366163036485,"{""type"":""MultiPoint"",""coordinates"":[]}"
1639,753,1.741749839543677,0,1.702442288398743,0,0.8292319922589695,"{""type"":""MultiPoint"",""coordinates"":[]}"
1640,30,2.156109069860447,1,0.0655443668365478,1,1.1896924408759053,"{""type"":""MultiPoint"",""coordinates"":[]}"
1641,138,2.013496863568603,1,0.2759379148483276,1,1.0051307851883422,"{""type"":""MultiPoint"",""coordinates"":[]}"
1642,121,1.9033299025866457,1,0.5400350689888,0,0.8452395978257101,"{""type"":""MultiPoint"",""coordinates"":[]}"
1643,1065,1.4083894959987169,0,0.5613037943840027,0,0.8120946363045193,"{""type"":""MultiPoint"",""coordinates"":[]}"
1644,522,2.2626477521000283,1,0.8376487493515015,1,1.2003657769798153,"{""type"":""MultiPoint"",""coordinates"":[]}"
1645,38,1.9959453820978368,1,0.1787145882844925,0,1.1523829223607478,"{""type"":""MultiPoint"",""coordinates"":[]}"
1646,853,1.2944814379883134,1,0.6149858832359314,0,0.7226111840330136,"{""type"":""MultiPoint"",""coordinates"":[]}"
1647,18,2.5005390416487407,0,0.0885930880904197,0,1.0269418407305848,"{""type"":""MultiPoint"",""coordinates"":[]}"
1648,48,2.013918779374087,0,0.147395372390747,0,0.9641205523081022,"{""type"":""MultiPoint"",""coordinates"":[]}"
1649,26,2.8183431705906083,1,0.2381373941898346,1,1.134009020297249,"{""type"":""MultiPoint"",""coordinates"":[]}"
1650,214,2.8560684715919704,1,0.3152920305728912,1,1.608191438513046,"{""type"":""MultiPoint"",""coordinates"":[]}"
1651,44,2.175535203986444,1,0.3515855371952057,1,0.9948537326456138,"{""type"":""MultiPoint"",""coordinates"":[]}"
1652,222,2.41311211269281,0,0.7173153758049011,0,0.96638205235882,"{""type"":""MultiPoint"",""coordinates"":[]}"
1653,28,4.200403303363268,1,0.2991366386413574,2,1.5678915878089972,"{""type"":""MultiPoint"",""coordinates"":[]}"
1654,219,1.072961761141661,1,0.4226802289485931,0,0.480394803299655,"{""type"":""MultiPoint"",""coordinates"":[]}"
1655,32,2.4251162151711245,1,0.1706154495477676,1,1.2160259115136245,"{""type"":""MultiPoint"",""coordinates"":[]}"
1656,1153,1.0109102808526278,0,0.7520861625671387,0,0.5356639033018847,"{""type"":""MultiPoint"",""coordinates"":[]}"
1657,19,3.077515821389961,0,0.159525990486145,0,1.2225688543215385,"{""type"":""MultiPoint"",""coordinates"":[]}"
1658,107,2.1177637662321422,1,0.517352283000946,1,0.9686937653613796,"{""type"":""MultiPoint"",""coordinates"":[]}"
1659,554,1.4014998462538266,0,1.597116231918335,0,0.6113565556649823,"{""type"":""MultiPoint"",""coordinates"":[]}"
1660,57,2.469624827667045,1,0.1853975504636764,1,1.2317181383221305,"{""type"":""MultiPoint"",""coordinates"":[]}"
1661,120,1.7081722449554957,0,0.1449201554059982,0,0.8035524431485503,"{""type"":""MultiPoint"",""coordinates"":[]}"
1662,313,1.5729592329858646,1,1.7949519157409668,0,0.8107232565827517,"{""type"":""MultiPoint"",""coordinates"":[]}"
1663,173,1.9654001816491795,0,0.4821799695491791,0,1.07878139791955,"{""type"":""MultiPoint"",""coordinates"":[]}"
1664,5,3.992333971780062,1,0.1196734607219696,2,1.52090278891521,"{""type"":""MultiPoint"",""coordinates"":[]}"
1665,362,3.076053295439289,0,0.4045830965042114,0,1.566225976801123,"{""type"":""MultiPoint"",""coordinates"":[]}"
1666,8,3.01301361255501,1,0.0414082035422325,2,1.2391661260236466,"{""type"":""MultiPoint"",""coordinates"":[]}"
1667,363,2.4707330730232,1,0.1792765259742736,1,1.19152975959293,"{""type"":""MultiPoint"",""coordinates"":[]}"
1668,174,1.3861983624674004,1,0.5804088115692139,0,0.8462344102296303,"{""type"":""MultiPoint"",""coordinates"":[]}"
1669,390,1.163699504638066,1,0.9127138257026672,0,0.5947266593139773,"{""type"":""MultiPoint"",""coordinates"":[]}"
1670,50,1.8680290226720828,1,0.1049785837531089,0,1.190999734828575,"{""type"":""MultiPoint"",""coordinates"":[]}"
1671,31,2.315309078462492,0,0.0590478293597698,0,1.0775469802254702,"{""type"":""MultiPoint"",""coordinates"":[]}"
1672,73,2.225031173716224,0,0.4359259605407715,0,0.9632845016025096,"{""type"":""MultiPoint"",""coordinates"":[]}"
1673,100,1.916989124284917,1,0.1478728652000427,0,1.0417198986542282,"{""type"":""MultiPoint"",""coordinates"":[]}"
1674,97,1.8434879282436432,0,0.091779738664627,0,0.85070954798639,"{""type"":""MultiPoint"",""coordinates"":[]}"
1675,133,1.6492602998603163,0,0.1457035541534423,0,0.897286921593361,"{""type"":""MultiPoint"",""coordinates"":[]}"
1676,685,2.757200717599005,1,0.9510980248451232,1,1.4532985503594034,"{""type"":""MultiPoint"",""coordinates"":[]}"
1677,1173,1.7487272618680816,0,13.161957740783691,0,0.869918451208872,"{""type"":""MultiPoint"",""coordinates"":[]}"
1678,94,1.9056091525587504,0,0.5676152110099792,0,1.0142262772840849,"{""type"":""MultiPoint"",""coordinates"":[]}"
1679,114,2.000542941075095,1,0.455030083656311,1,1.058241219686175,"{""type"":""MultiPoint"",""coordinates"":[]}"
1680,144,2.410230825411627,0,0.5066819787025452,0,1.369310897767613,"{""type"":""MultiPoint"",""coordinates"":[]}"
1681,993,1.013090095151194,0,19.999794006347656,0,0.4554540548014731,"{""type"":""MultiPoint"",""coordinates"":[]}"
1682,108,1.7221039293843317,0,0.1867299824953079,0,1.075387827227876,"{""type"":""MultiPoint"",""coordinates"":[]}"
1683,784,1.741429791115748,0,15.290237426757812,0,0.7489990097954086,"{""type"":""MultiPoint"",""coordinates"":[]}"
1684,8,3.2011346637161044,1,0.0295427404344081,2,1.2867056208110037,"{""type"":""MultiPoint"",""coordinates"":[]}"
1685,44,2.041969116181897,1,0.1457223743200302,1,1.1797195552165327,"{""type"":""MultiPoint"",""coordinates"":[]}"
1686,698,2.589710677731332,0,2.029726028442383,0,1.3805008446857812,"{""type"":""MultiPoint"",""coordinates"":[]}"
1687,116,2.023783490205445,1,0.2625025510787964,1,0.9706077907976944,"{""type"":""MultiPoint"",""coordinates"":[]}"
1688,73,2.0419460986333413,1,0.2080399245023727,1,0.9756747275046472,"{""type"":""MultiPoint"",""coordinates"":[]}"
1689,274,1.9641607914160828,0,0.6789355874061584,0,1.110563225029989,"{""type"":""MultiPoint"",""coordinates"":[]}"
1690,62,2.026458930593141,1,0.2294546663761139,1,1.0185392605297765,"{""type"":""MultiPoint"",""coordinates"":[]}"
1691,90,2.049554942131888,0,0.1245355457067489,0,0.9974735105651484,"{""type"":""MultiPoint"",""coordinates"":[]}"
1692,100,2.1683963670613355,0,0.3870785534381866,0,1.007022232198593,"{""type"":""MultiPoint"",""coordinates"":[]}"
1693,693,1.744901164518591,0,2.443974733352661,0,0.7929212242531937,"{""type"":""MultiPoint"",""coordinates"":[]}"
1694,13,3.3469782978874507,1,0.270038902759552,2,1.3043208803266186,"{""type"":""MultiPoint"",""coordinates"":[]}"
1695,771,2.965334377577373,1,0.9349902868270874,1,1.5190221709253364,"{""type"":""MultiPoint"",""coordinates"":[]}"
1696,138,1.7274274656245896,1,0.1706793457269668,0,0.7876577020055245,"{""type"":""MultiPoint"",""coordinates"":[]}"
1697,6,3.083716871790444,1,0.0413989648222923,2,1.255070566544462,"{""type"":""MultiPoint"",""coordinates"":[]}"
1698,16,2.286559856230589,0,0.2607090175151825,0,1.0519074378233286,"{""type"":""MultiPoint"",""coordinates"":[]}"
1699,339,1.554057779029695,0,0.2755794525146484,0,0.7191190818915735,"{""type"":""MultiPoint"",""coordinates"":[]}"
1700,32,2.1549844194097347,0,0.1310556232929229,0,1.1828644728585924,"{""type"":""MultiPoint"",""coordinates"":[]}"
1701,6,3.5753054358053387,1,0.0294941663742065,2,1.2671349153320193,"{""type"":""MultiPoint"",""coordinates"":[]}"
1702,361,1.2926838929235565,1,1.128491997718811,0,0.5879096908366442,"{""type"":""MultiPoint"",""coordinates"":[]}"
1703,80,1.710130655388445,0,1.335779309272766,0,0.7516166767644664,"{""type"":""MultiPoint"",""coordinates"":[]}"
1704,1574,1.155723824318392,0,7.0309247970581055,0,0.6294016067920348,"{""type"":""MultiPoint"",""coordinates"":[]}"
1705,109,1.8086068015887176,1,0.0655807107686996,0,1.0499367955639256,"{""type"":""MultiPoint"",""coordinates"":[]}"
1706,52,2.0296566352292964,1,0.091785080730915,1,1.1465619701092111,"{""type"":""MultiPoint"",""coordinates"":[]}"
1707,702,2.1976467753790443,0,10.931771278381348,0,1.0667507685924082,"{""type"":""MultiPoint"",""coordinates"":[]}"
1708,332,1.541550479600591,1,1.3437073230743408,0,0.5878089836075542,"{""type"":""MultiPoint"",""coordinates"":[]}"
1709,49,1.8721799101080117,1,0.1457742303609848,0,0.9305330214776664,"{""type"":""MultiPoint"",""coordinates"":[]}"
1710,580,1.0502422247688274,1,2.30401349067688,0,0.6202176927058112,"{""type"":""MultiPoint"",""coordinates"":[]}"
1711,325,2.301479268726176,0,4.817045211791992,0,1.308828832219462,"{""type"":""MultiPoint"",""coordinates"":[]}"
1712,1709,1.052616714656102,1,7.32892370223999,0,0.5156628157226257,"{""type"":""MultiPoint"",""coordinates"":[]}"
1713,40,2.169745622208434,1,0.2473331093788147,1,0.9539706290928154,"{""type"":""MultiPoint"",""coordinates"":[]}"
1714,83,1.7509034020844143,1,0.2926435470581054,0,1.1841665867878144,"{""type"":""MultiPoint"",""coordinates"":[]}"
1715,427,2.261136553505791,1,0.3610467910766601,1,1.1778701854987146,"{""type"":""MultiPoint"",""coordinates"":[]}"
1716,162,1.7901540430231635,0,0.3441992700099945,0,0.899874145093655,"{""type"":""MultiPoint"",""coordinates"":[]}"
1717,176,2.0542483723281806,1,0.2337596863508224,1,1.195668084217728,"{""type"":""MultiPoint"",""coordinates"":[]}"
1718,36,2.079126024103008,1,0.04154072701931,1,0.9596526141372124,"{""type"":""MultiPoint"",""coordinates"":[]}"
1719,100,1.909610978900916,0,0.1049838811159133,0,1.12766017027658,"{""type"":""MultiPoint"",""coordinates"":[]}"
1720,16,4.4205533808736766,1,0.0917528867721557,2,1.7358224011571812,"{""type"":""MultiPoint"",""coordinates"":[]}"
1721,103,1.8434879282436432,0,0.1159362122416496,0,0.85070954798639,"{""type"":""MultiPoint"",""coordinates"":[]}"
1722,164,1.560810435125923,0,0.1506968438625335,0,0.6518463947948696,"{""type"":""MultiPoint"",""coordinates"":[]}"
1723,228,1.155516999409218,0,0.179833248257637,0,0.4913395757729343,"{""type"":""MultiPoint"",""coordinates"":[]}"
1724,792,1.6517983089992938,0,1.3670365810394287,0,0.7522326795072478,"{""type"":""MultiPoint"",""coordinates"":[]}"
1725,998,2.558798585247073,1,2.2243528366088867,1,1.282320038157156,"{""type"":""MultiPoint"",""coordinates"":[]}"
1726,182,1.5497406099336624,1,0.5032499432563782,0,0.7649252692926983,"{""type"":""MultiPoint"",""coordinates"":[]}"
1727,175,2.5317844513446537,1,0.5506808161735535,1,1.427240182725711,"{""type"":""MultiPoint"",""coordinates"":[]}"
1728,35,2.2998861439315164,0,0.205027088522911,0,1.048930350463199,"{""type"":""MultiPoint"",""coordinates"":[]}"
1729,68,2.0419460986333413,1,0.1472792774438858,1,0.9756747275046472,"{""type"":""MultiPoint"",""coordinates"":[]}"
1730,131,2.0537491532827814,1,0.0891981050372123,1,1.0279110750382665,"{""type"":""MultiPoint"",""coordinates"":[]}"
1731,87,2.149712260057518,1,0.237134575843811,1,1.001066307233956,"{""type"":""MultiPoint"",""coordinates"":[]}"
1732,44,1.836997822049356,1,0.0917943269014358,0,1.171700113453496,"{""type"":""MultiPoint"",""coordinates"":[]}"
1733,448,2.197876071428267,1,0.2707680761814117,1,1.1483398519423431,"{""type"":""MultiPoint"",""coordinates"":[]}"
1734,232,2.4964881377029213,0,5.859579563140869,0,1.2527675946769083,"{""type"":""MultiPoint"",""coordinates"":[]}"
1735,18,2.9549510700589625,1,0.1056476458907127,1,1.2526361923334544,"{""type"":""MultiPoint"",""coordinates"":[]}"
1736,1842,1.189481581742856,0,7.890346050262451,0,0.6876972408139139,"{""type"":""MultiPoint"",""coordinates"":[]}"
1737,126,1.7221039293843317,0,0.1873884350061416,0,1.075387827227876,"{""type"":""MultiPoint"",""coordinates"":[]}"
1738,113,2.0859450276861926,0,0.1886093318462371,0,1.0420993842586066,"{""type"":""MultiPoint"",""coordinates"":[]}"
1739,11,3.3510432143396542,1,0.029513319954276,2,1.263107259836128,"{""type"":""MultiPoint"",""coordinates"":[]}"
1740,13,2.130025816300068,0,0.1477953940629959,0,0.9230255230149704,"{""type"":""MultiPoint"",""coordinates"":[]}"
1741,132,1.956034310333757,1,0.0891228169202804,0,0.996196596214332,"{""type"":""MultiPoint"",""coordinates"":[]}"
1742,924,2.289253310937162,0,9.60142707824707,0,1.204500072591252,"{""type"":""MultiPoint"",""coordinates"":[]}"
1743,62,2.527676413538081,0,0.0650479793548584,0,1.269981520811828,"{""type"":""MultiPoint"",""coordinates"":[]}"
1744,23,2.19969615804166,0,0.1479144990444183,0,0.9560836443942974,"{""type"":""MultiPoint"",""coordinates"":[]}"
1745,30,2.4251162151711245,1,0.0917754545807838,1,1.2160259115136245,"{""type"":""MultiPoint"",""coordinates"":[]}"
1746,912,2.3584884149392606,0,2.830240488052368,0,1.1830232763441184,"{""type"":""MultiPoint"",""coordinates"":[]}"
1747,71,2.1505283871478125,0,0.3740632832050323,0,0.9912477322656004,"{""type"":""MultiPoint"",""coordinates"":[]}"
1748,35,2.679090434171439,0,0.4048819243907928,0,1.1203455463766068,"{""type"":""MultiPoint"",""coordinates"":[]}"
1749,26,2.988909539571328,1,0.1699658036231994,1,1.2250435326091096,"{""type"":""MultiPoint"",""coordinates"":[]}"
1751,1666,0.9685001316841828,1,3.716468572616577,0,0.4949525387845613,"{""type"":""MultiPoint"",""coordinates"":[]}"
1752,497,1.14861813411308,1,4.976957321166992,0,0.6083761604690234,"{""type"":""MultiPoint"",""coordinates"":[]}"
1753,266,2.204535848390983,0,2.70590877532959,0,1.2199516225617644,"{""type"":""MultiPoint"",""coordinates"":[]}"
1754,83,1.916989124284917,0,0.0917882919311523,0,1.0417198986542282,"{""type"":""MultiPoint"",""coordinates"":[]}"
1755,15,2.810553572146565,1,0.0588632449507713,1,1.280525992684996,"{""type"":""MultiPoint"",""coordinates"":[]}"
1756,319,2.7522984475725547,1,0.4674823582172394,1,1.4267621157173778,"{""type"":""MultiPoint"",""coordinates"":[]}"
1757,36,2.392218198030502,1,0.147929385304451,1,1.023101451337869,"{""type"":""MultiPoint"",""coordinates"":[]}"
1759,2366,0.9963216736663106,0,1.241485357284546,0,0.5343779235189092,"{""type"":""MultiPoint"",""coordinates"":[]}"
1760,260,1.0882707665458964,1,0.3254164457321167,0,0.4820544104404801,"{""type"":""MultiPoint"",""coordinates"":[]}"
1761,112,1.7145947324393396,0,0.970144748687744,0,0.7581230544489206,"{""type"":""MultiPoint"",""coordinates"":[]}"
1762,609,0.5328632593889877,0,9.802569389343262,0,0.2500467312877332,"{""type"":""MultiPoint"",""coordinates"":[]}"
1763,290,1.9338413518101345,1,0.3242962956428528,0,1.1166382858759014,"{""type"":""MultiPoint"",""coordinates"":[]}"
1764,864,2.7240446916468346,1,0.2983814179897308,1,1.350518857864085,"{""type"":""MultiPoint"",""coordinates"":[]}"
1765,31,2.344002118188232,0,0.0918690040707588,0,1.0385871276031855,"{""type"":""MultiPoint"",""coordinates"":[]}"
1766,78,1.984474621203263,1,0.2513402998447418,0,0.97892692016483,"{""type"":""MultiPoint"",""coordinates"":[]}"
1767,239,1.5131244370298182,1,0.2337486445903778,0,0.7722649610133244,"{""type"":""MultiPoint"",""coordinates"":[]}"
1768,778,1.2372003881403797,0,6.261487483978272,0,0.6415180405319193,"{""type"":""MultiPoint"",""coordinates"":[]}"
1769,1608,1.2273826346559984,0,9.700857162475586,0,0.5764822544383231,"{""type"":""MultiPoint"",""coordinates"":[]}"
1770,70,1.8721799101080117,0,0.1457712203264236,0,0.9305330214776664,"{""type"":""MultiPoint"",""coordinates"":[]}"
1771,31,2.620374190992841,1,0.1764223128557205,1,1.0791386960071123,"{""type"":""MultiPoint"",""coordinates"":[]}"
1772,44,2.448507668223113,0,0.2513789534568786,0,1.2073871069976148,"{""type"":""MultiPoint"",""coordinates"":[]}"
1773,337,2.086232577309333,1,0.2893547713756561,1,1.0974912587040786,"{""type"":""MultiPoint"",""coordinates"":[]}"
1774,224,1.026858668657541,0,1.035253882408142,0,0.472815703142056,"{""type"":""MultiPoint"",""coordinates"":[]}"
1775,114,1.739137627821939,1,0.1856535524129867,0,0.8462796114017832,"{""type"":""MultiPoint"",""coordinates"":[]}"
1776,12,2.764702453811012,1,0.0414702333509922,1,1.1221537938846309,"{""type"":""MultiPoint"",""coordinates"":[]}"
1777,236,1.613535409702708,0,5.674530029296875,0,0.7315895442386353,"{""type"":""MultiPoint"",""coordinates"":[]}"
1778,165,1.9013688291895736,1,0.0293519105762243,0,0.911877233505204,"{""type"":""MultiPoint"",""coordinates"":[]}"
1779,217,1.0724314435870987,1,1.2141889333724976,0,0.4842199447142442,"{""type"":""MultiPoint"",""coordinates"":[]}"
1780,707,1.4643477966839842,0,8.45004653930664,0,0.6635923085304655,"{""type"":""MultiPoint"",""coordinates"":[]}"
1781,153,1.352979784183049,1,0.2861148118972778,0,0.6625343791566205,"{""type"":""MultiPoint"",""coordinates"":[]}"
1782,54,2.393273019685949,0,0.4686807096004486,0,1.0117611607796793,"{""type"":""MultiPoint"",""coordinates"":[]}"
1783,405,1.2353587881021062,1,1.0964773893356323,0,0.5749028677706802,"{""type"":""MultiPoint"",""coordinates"":[]}"
1784,564,2.614649547942069,0,2.8997318744659424,0,1.3999183297498423,"{""type"":""MultiPoint"",""coordinates"":[]}"
1785,1192,1.2277053245383829,1,10.138985633850098,0,0.6951319134642384,"{""type"":""MultiPoint"",""coordinates"":[]}"
1786,794,1.7554474928741874,0,8.72891616821289,0,0.7733480851064848,"{""type"":""MultiPoint"",""coordinates"":[]}"
1787,254,2.089213009449145,0,2.2192773818969727,0,0.9992824872698736,"{""type"":""MultiPoint"",""coordinates"":[]}"
1788,36,3.1313731337463127,1,0.1649267822504043,2,1.3778607319501874,"{""type"":""MultiPoint"",""coordinates"":[]}"
1789,7,4.438335026040506,1,0.065741516649723,2,1.6189982186630254,"{""type"":""MultiPoint"",""coordinates"":[]}"
1790,167,1.8993703875191728,1,0.2074992358684539,0,0.9642304681687548,"{""type"":""MultiPoint"",""coordinates"":[]}"
1791,44,2.2679229004352086,1,0.0927492976188659,1,1.1406975186924555,"{""type"":""MultiPoint"",""coordinates"":[]}"
1792,3,4.8860301494567135,1,0.1196246147155761,2,1.6628245961512476,"{""type"":""MultiPoint"",""coordinates"":[]}"
1793,59,2.0296566352292964,1,0.1478699594736099,1,1.1465619701092111,"{""type"":""MultiPoint"",""coordinates"":[]}"
1795,67,2.0382469465213418,1,0.1856403797864914,1,1.1457349451270944,"{""type"":""MultiPoint"",""coordinates"":[]}"
1796,115,2.5149827891582093,1,0.3847948610782623,1,1.3340871808603882,"{""type"":""MultiPoint"",""coordinates"":[]}"
1797,41,2.4279222601492627,1,0.1159362122416496,1,1.1303557062389626,"{""type"":""MultiPoint"",""coordinates"":[]}"
1799,113,1.7764046346202054,1,0.1950022280216217,0,0.9239683872012356,"{""type"":""MultiPoint"",""coordinates"":[]}"
1800,796,1.960924505340819,0,7.15687370300293,0,1.1233080380977305,"{""type"":""MultiPoint"",""coordinates"":[]}"
1801,259,2.3917711262856023,1,0.277288943529129,1,1.327900051843739,"{""type"":""MultiPoint"",""coordinates"":[]}"
1802,5,3.0780966390344866,1,0.0294813178479671,2,1.0311547234398388,"{""type"":""MultiPoint"",""coordinates"":[]}"
1803,135,2.065330221589885,1,0.2256986051797866,1,1.0547592643887251,"{""type"":""MultiPoint"",""coordinates"":[]}"
1804,139,1.8150548022905,1,0.4355715811252594,0,0.7973338800058652,"{""type"":""MultiPoint"",""coordinates"":[]}"
1805,16,2.5005390416487407,1,0.0657826140522956,1,1.0269418407305848,"{""type"":""MultiPoint"",""coordinates"":[]}"
1806,74,1.6768184449513204,0,0.4386895895004272,0,0.7365384026839878,"{""type"":""MultiPoint"",""coordinates"":[]}"
1807,287,1.5999802373158851,1,0.4166062772274017,0,0.6918957457357058,"{""type"":""MultiPoint"",""coordinates"":[]}"
1808,72,1.8203903357715483,1,0.1301651895046234,0,0.8637153585854873,"{""type"":""MultiPoint"",""coordinates"":[]}"
1809,157,2.067233063816988,1,0.2102724462747573,1,0.9225094142404724,"{""type"":""MultiPoint"",""coordinates"":[]}"
1810,466,0.6945765586270385,0,12.95266056060791,0,0.397646419455644,"{""type"":""MultiPoint"",""coordinates"":[]}"
1811,92,2.214228167826392,1,0.0918283760547638,1,1.1050044406042354,"{""type"":""MultiPoint"",""coordinates"":[]}"
1812,253,0.9362105930157784,1,0.3560630679130554,0,0.3691189127299447,"{""type"":""MultiPoint"",""coordinates"":[]}"
1813,7,4.058009311842343,0,0.1159362122416496,0,1.748389081757882,"{""type"":""MultiPoint"",""coordinates"":[]}"
1814,72,2.1635453510753284,0,0.1049381718039512,0,1.022350214820426,"{""type"":""MultiPoint"",""coordinates"":[]}"
1815,71,2.4568972128858846,1,0.1951231062412262,1,1.1372184224275492,"{""type"":""MultiPoint"",""coordinates"":[]}"
1816,240,2.4677943445198105,1,0.3539566099643707,1,1.3490857040101534,"{""type"":""MultiPoint"",""coordinates"":[]}"
1817,94,1.9849795857750556,1,0.2756254971027374,0,0.9753393864456976,"{""type"":""MultiPoint"",""coordinates"":[]}"
1818,127,2.098639499456835,0,2.086176872253418,0,1.0490053657322007,"{""type"":""MultiPoint"",""coordinates"":[]}"
1819,9,3.3510432143396542,1,0.0289840884506702,2,1.263107259836128,"{""type"":""MultiPoint"",""coordinates"":[]}"
1820,57,2.022505711545941,0,0.1049585714936256,0,1.1672975978731972,"{""type"":""MultiPoint"",""coordinates"":[]}"
1821,92,2.4547741707821373,1,0.2050203680992126,1,1.1904656905993556,"{""type"":""MultiPoint"",""coordinates"":[]}"
1822,60,1.9948481181747248,1,0.1053593829274177,0,0.9719106186373568,"{""type"":""MultiPoint"",""coordinates"":[]}"
1823,30,2.3098809182319866,0,0.0289840884506702,0,0.9144714779010386,"{""type"":""MultiPoint"",""coordinates"":[]}"
1824,185,1.440168139386972,1,0.394262433052063,0,0.6984326299431194,"{""type"":""MultiPoint"",""coordinates"":[]}"
1825,26,3.0098895063241966,1,0.2531470060348511,2,1.1887415501652376,"{""type"":""MultiPoint"",""coordinates"":[]}"
1826,222,1.3682686089587384,0,0.2903090715408325,0,0.6477416253433287,"{""type"":""MultiPoint"",""coordinates"":[]}"
1827,252,1.9359130776270967,0,1.948400855064392,0,1.09561885035678,"{""type"":""MultiPoint"",""coordinates"":[]}"
1828,116,1.7764046346202054,0,0.1456821262836456,0,0.9239683872012356,"{""type"":""MultiPoint"",""coordinates"":[]}"
1829,139,2.237773227747402,0,0.0826818794012069,0,1.066586934829263,"{""type"":""MultiPoint"",""coordinates"":[]}"
1830,206,2.6394971574009283,1,0.4463009238243103,1,1.437197426591855,"{""type"":""MultiPoint"",""coordinates"":[]}"
1831,42,2.115225080354576,0,0.1300455331802368,0,0.9591376087419944,"{""type"":""MultiPoint"",""coordinates"":[]}"
1832,362,2.526174079868013,1,0.4573755860328674,1,1.3134674239240225,"{""type"":""MultiPoint"",""coordinates"":[]}"
1833,169,1.6683571272743587,1,0.332876980304718,0,0.8139725383061488,"{""type"":""MultiPoint"",""coordinates"":[]}"
1834,82,2.0785784333785915,1,0.2519581317901611,1,0.9611038669959924,"{""type"":""MultiPoint"",""coordinates"":[]}"
1835,51,1.9936513517306025,1,0.2950625717639923,0,0.9330435730478652,"{""type"":""MultiPoint"",""coordinates"":[]}"
1836,369,2.6120082202415427,0,0.2913386821746826,0,1.31704546735355,"{""type"":""MultiPoint"",""coordinates"":[]}"
1837,123,2.021999469160153,1,0.1982782483100891,1,0.987045172708322,"{""type"":""MultiPoint"",""coordinates"":[]}"
1838,296,2.205878502424931,1,0.6482254862785339,1,1.272909579656388,"{""type"":""MultiPoint"",""coordinates"":[]}"
1839,138,2.3351429458439164,1,0.2114993631839752,1,1.1414121858984314,"{""type"":""MultiPoint"",""coordinates"":[]}"
1840,132,1.9267230219495783,1,0.2112154066562652,0,0.9353010685327104,"{""type"":""MultiPoint"",""coordinates"":[]}"
1841,396,2.161788080734226,0,0.2531698346138,0,1.1885135520696497,"{""type"":""MultiPoint"",""coordinates"":[]}"
1842,230,0.9538523072694828,0,0.3394356071949005,0,0.5081228122415963,"{""type"":""MultiPoint"",""coordinates"":[]}"
1843,67,2.525223014652472,1,0.0827261582016944,1,1.287440359206909,"{""type"":""MultiPoint"",""coordinates"":[]}"
1844,7,3.992333971780062,1,0.2913534641265869,2,1.52090278891521,"{""type"":""MultiPoint"",""coordinates"":[]}"
1845,1740,0.9685001316841828,0,11.884917259216309,0,0.4949525387845613,"{""type"":""MultiPoint"",""coordinates"":[]}"
1846,177,2.0302586010735446,1,0.2732106149196625,1,1.1256049171339957,"{""type"":""MultiPoint"",""coordinates"":[]}"
1847,53,1.804191435269273,1,0.2337177246809005,0,0.8448756499881416,"{""type"":""MultiPoint"",""coordinates"":[]}"
1848,99,1.7221039293843317,0,0.1478795111179351,0,1.075387827227876,"{""type"":""MultiPoint"",""coordinates"":[]}"
1849,202,1.9508537231252607,1,0.2644968926906585,0,1.077486727879766,"{""type"":""MultiPoint"",""coordinates"":[]}"
1850,122,1.6492602998603163,1,0.2138809561729431,0,0.897286921593361,"{""type"":""MultiPoint"",""coordinates"":[]}"
1851,291,0.7141998268699804,1,0.5980572700500488,0,0.3711914690049633,"{""type"":""MultiPoint"",""coordinates"":[]}"
1852,315,3.3594297759706966,1,0.5826587080955505,2,1.7484056569308168,"{""type"":""MultiPoint"",""coordinates"":[]}"
1853,348,1.806919845504693,0,1.6290581226348877,0,0.7160985633699634,"{""type"":""MultiPoint"",""coordinates"":[]}"
1854,341,2.118257958694973,0,3.4669198989868164,0,1.1064264628845188,"{""type"":""MultiPoint"",""coordinates"":[]}"
1855,340,2.3186114604499792,1,1.4157993793487549,1,1.3475970907305084,"{""type"":""MultiPoint"",""coordinates"":[]}"
1856,588,1.1985492874369263,0,4.983126163482666,0,0.6538320879479183,"{""type"":""MultiPoint"",""coordinates"":[]}"
1857,55,2.4923539015163496,0,0.0,0,1.17648591442247,"{""type"":""MultiPoint"",""coordinates"":[]}"
1858,88,2.1320402229650552,1,0.041270662099123,1,1.090408434947184,"{""type"":""MultiPoint"",""coordinates"":[]}"
1859,106,1.739137627821939,0,0.2110524177551269,0,0.8462796114017832,"{""type"":""MultiPoint"",""coordinates"":[]}"
1860,301,0.424513132550473,1,0.6263540983200073,0,0.2185266559926506,"{""type"":""MultiPoint"",""coordinates"":[]}"
1861,344,1.2235938679318397,1,0.5807240605354309,0,0.5155826355207517,"{""type"":""MultiPoint"",""coordinates"":[]}"
1862,734,1.163699504638066,0,9.298495292663574,0,0.5947266593139773,"{""type"":""MultiPoint"",""coordinates"":[]}"
1863,46,2.226013808441022,0,0.041262648999691,0,1.073541898206815,"{""type"":""MultiPoint"",""coordinates"":[]}"
1864,225,2.070448935202554,0,0.8545060753822327,0,1.1411267869794004,"{""type"":""MultiPoint"",""coordinates"":[]}"
1865,266,1.9338413518101345,0,0.3439124822616577,0,1.1166382858759014,"{""type"":""MultiPoint"",""coordinates"":[]}"
1866,72,2.4574455236497936,1,0.3396946489810943,1,1.1712791914940872,"{""type"":""MultiPoint"",""coordinates"":[]}"
1867,44,2.119573928159584,1,0.1472190171480178,1,0.9628699284727076,"{""type"":""MultiPoint"",""coordinates"":[]}"
1868,241,1.1492662840202104,1,0.504156768321991,0,0.5019438815085241,"{""type"":""MultiPoint"",""coordinates"":[]}"
1869,40,2.13178008436859,1,0.122334212064743,1,0.9545885580542528,"{""type"":""MultiPoint"",""coordinates"":[]}"
1870,281,2.881281462923606,1,0.764884352684021,1,1.588572877747381,"{""type"":""MultiPoint"",""coordinates"":[]}"
1871,76,2.366330988478552,0,0.4759763181209564,0,1.1177784746463713,"{""type"":""MultiPoint"",""coordinates"":[]}"
1872,133,2.02689541319641,1,0.3651704490184784,1,0.9969272903853366,"{""type"":""MultiPoint"",""coordinates"":[]}"
1873,84,2.2370397270860978,1,0.3201874792575836,1,1.0456240640760583,"{""type"":""MultiPoint"",""coordinates"":[]}"
1874,32,2.392218198030502,1,0.176419198513031,1,1.023101451337869,"{""type"":""MultiPoint"",""coordinates"":[]}"
1875,177,1.8993703875191728,0,0.1062981933355331,0,0.9642304681687548,"{""type"":""MultiPoint"",""coordinates"":[]}"
1876,34,2.156109069860447,1,0.0928204357624054,1,1.1896924408759053,"{""type"":""MultiPoint"",""coordinates"":[]}"
1877,448,1.9853954305260664,0,4.447597026824951,0,1.048188214487977,"{""type"":""MultiPoint"",""coordinates"":[]}"
1878,150,1.9958351623602448,1,0.3700111806392669,0,0.9824868860850364,"{""type"":""MultiPoint"",""coordinates"":[]}"
1879,380,1.765007587744692,0,11.75739574432373,0,0.7215490503219946,"{""type"":""MultiPoint"",""coordinates"":[]}"
1880,375,2.8910351658464264,1,0.5291663408279419,1,1.4660915169746234,"{""type"":""MultiPoint"",""coordinates"":[]}"
1881,87,2.44164787777341,1,0.2050242573022842,1,1.2138075610219312,"{""type"":""MultiPoint"",""coordinates"":[]}"
1882,357,1.9914137457441532,0,0.5957624912261963,0,1.074545420459625,"{""type"":""MultiPoint"",""coordinates"":[]}"
1883,48,1.948628699252423,1,0.3454668819904327,0,0.916229924324172,"{""type"":""MultiPoint"",""coordinates"":[]}"
1884,174,1.7901540430231635,0,0.6977698802947998,0,0.899874145093655,"{""type"":""MultiPoint"",""coordinates"":[]}"
1885,121,1.6105647609203797,1,0.2070885747671127,0,0.7102347575112434,"{""type"":""MultiPoint"",""coordinates"":[]}"
1886,6,4.4205533808736766,0,0.7251609563827515,0,1.7358224011571812,"{""type"":""MultiPoint"",""coordinates"":[]}"
1887,58,1.970116464993072,1,0.1880983710289001,0,0.9281518152425076,"{""type"":""MultiPoint"",""coordinates"":[]}"
1888,1236,1.7123444555967136,0,16.172117233276367,0,1.041028766998309,"{""type"":""MultiPoint"",""coordinates"":[]}"
1889,86,1.8290004346460536,1,0.2103963941335678,0,0.8763881125122542,"{""type"":""MultiPoint"",""coordinates"":[]}"
1890,97,1.735099879878923,0,0.339420348405838,0,1.0792649419725828,"{""type"":""MultiPoint"",""coordinates"":[]}"
1891,273,1.135358993764874,1,0.1699613332748413,0,0.5133034072630792,"{""type"":""MultiPoint"",""coordinates"":[]}"
1892,254,1.3565931549838457,1,0.933154821395874,0,0.6675342553995586,"{""type"":""MultiPoint"",""coordinates"":[]}"
1893,311,1.229993028326091,0,7.162789344787598,0,0.6362955490627124,"{""type"":""MultiPoint"",""coordinates"":[]}"
1894,2,3.7801756705438,1,0.0650292783975601,2,1.2412172756980309,"{""type"":""MultiPoint"",""coordinates"":[]}"
1895,41,3.5587117172883054,1,0.2361050248146057,2,1.416460160591012,"{""type"":""MultiPoint"",""coordinates"":[]}"
1896,173,2.1278645520503097,0,0.0918361917138099,0,1.1858232932499178,"{""type"":""MultiPoint"",""coordinates"":[]}"
1897,402,1.7782638243715374,1,1.517273187637329,0,0.9420326145580314,"{""type"":""MultiPoint"",""coordinates"":[]}"
1898,30,2.474292125316459,0,0.0825488418340683,0,1.2725444695771717,"{""type"":""MultiPoint"",""coordinates"":[]}"
1899,302,2.932622123331306,0,0.4962384402751922,0,1.280220975328059,"{""type"":""MultiPoint"",""coordinates"":[]}"
1900,905,0.7693519925214879,1,6.146800518035889,0,0.3931635335292209,"{""type"":""MultiPoint"",""coordinates"":[]}"
1901,114,1.9849795857750556,1,0.14714977145195,0,0.9753393864456976,"{""type"":""MultiPoint"",""coordinates"":[]}"
1902,116,2.4719300212782573,1,0.1449201554059982,1,1.2140951214989757,"{""type"":""MultiPoint"",""coordinates"":[]}"
1903,602,1.0440454783265345,1,17.363306045532227,0,0.5348155305878518,"{""type"":""MultiPoint"",""coordinates"":[]}"
1904,112,2.5480381290756293,1,0.1876859068870544,1,1.4086195151573675,"{""type"":""MultiPoint"",""coordinates"":[]}"
1905,26,3.9859106545231486,0,0.3921083509922027,0,1.823745154639664,"{""type"":""MultiPoint"",""coordinates"":[]}"
1906,687,1.5479069531971876,0,10.298380851745604,0,0.8270509858584416,"{""type"":""MultiPoint"",""coordinates"":[]}"
1907,80,2.2303287724879777,1,0.3241764903068542,1,1.109310912587507,"{""type"":""MultiPoint"",""coordinates"":[]}"
1908,196,1.5497406099336624,1,0.4814823567867279,0,0.7649252692926983,"{""type"":""MultiPoint"",""coordinates"":[]}"
1909,20,2.3236957165140293,1,0.0918227061629295,1,0.9614417544338149,"{""type"":""MultiPoint"",""coordinates"":[]}"
1910,236,1.178930109454576,0,1.7714204788208008,0,0.5596304794022788,"{""type"":""MultiPoint"",""coordinates"":[]}"
1911,451,1.490243160746712,1,0.3814026117324829,0,0.5829310548124843,"{""type"":""MultiPoint"",""coordinates"":[]}"
1912,285,2.019124627443309,0,0.6407418847084045,0,0.8158398453786491,"{""type"":""MultiPoint"",""coordinates"":[]}"
1913,588,1.0502422247688274,0,2.597904682159424,0,0.6202176927058112,"{""type"":""MultiPoint"",""coordinates"":[]}"
1914,168,1.6845756633101108,1,0.4153442978858948,0,0.859849919302512,"{""type"":""MultiPoint"",""coordinates"":[]}"
1915,48,2.3541110631672284,1,0.0884515568614006,1,1.0774508696116123,"{""type"":""MultiPoint"",""coordinates"":[]}"
1916,271,1.9338413518101345,0,0.147110715508461,0,1.1166382858759014,"{""type"":""MultiPoint"",""coordinates"":[]}"
1917,235,0.9362105930157784,0,0.4613062441349029,0,0.3691189127299447,"{""type"":""MultiPoint"",""coordinates"":[]}"
1918,324,2.859379403973136,0,0.4850727319717407,0,1.4981800855094811,"{""type"":""MultiPoint"",""coordinates"":[]}"
1919,1502,1.4114661963324366,0,11.842832565307615,0,0.6539931904381716,"{""type"":""MultiPoint"",""coordinates"":[]}"
1920,857,1.7412202643767638,0,2.946706771850586,0,0.8546027500630381,"{""type"":""MultiPoint"",""coordinates"":[]}"
1921,30,1.9780620592278777,1,0.0882116332650184,0,1.1657015362483876,"{""type"":""MultiPoint"",""coordinates"":[]}"
1922,55,2.295521857150627,1,0.1870941519737243,1,1.206107459020797,"{""type"":""MultiPoint"",""coordinates"":[]}"
1923,425,2.371907096577128,0,2.1413321495056152,0,1.2900040641818082,"{""type"":""MultiPoint"",""coordinates"":[]}"
1924,306,2.566463615724703,0,0.5134768486022949,0,1.3782401279595409,"{""type"":""MultiPoint"",""coordinates"":[]}"
1925,204,1.124794861069113,1,0.3288582861423492,0,0.5986513695856246,"{""type"":""MultiPoint"",""coordinates"":[]}"
1926,179,1.5832791589191029,1,0.252764493227005,0,0.6790427343731306,"{""type"":""MultiPoint"",""coordinates"":[]}"
1927,274,2.7140013685020192,1,0.3681084811687469,1,1.4858715638309463,"{""type"":""MultiPoint"",""coordinates"":[]}"
1928,437,1.2011499197530948,1,1.580467939376831,0,0.624665659212447,"{""type"":""MultiPoint"",""coordinates"":[]}"
1929,83,2.929828299049244,0,0.3055701553821563,0,1.1882817165656967,"{""type"":""MultiPoint"",""coordinates"":[]}"
1931,283,1.3743292296940834,0,0.1242931261658668,0,0.6138725909949576,"{""type"":""MultiPoint"",""coordinates"":[]}"
1932,126,2.0537491532827814,1,0.2535873353481293,1,1.0279110750382665,"{""type"":""MultiPoint"",""coordinates"":[]}"
1933,645,2.381053709137751,0,7.928866386413574,0,1.1979268573539414,"{""type"":""MultiPoint"",""coordinates"":[]}"
1934,766,1.7302708221032854,0,9.738409042358398,0,0.9053685850748944,"{""type"":""MultiPoint"",""coordinates"":[]}"
1935,793,3.0158380920753856,0,1.6856133937835691,0,1.540654105175623,"{""type"":""MultiPoint"",""coordinates"":[]}"
1936,165,2.9240723719151096,1,0.5309531092643738,1,1.631696881071326,"{""type"":""MultiPoint"",""coordinates"":[]}"
1937,158,2.7628505048442964,1,0.4101128280162811,1,1.5483952781896813,"{""type"":""MultiPoint"",""coordinates"":[]}"
1938,1,4.591636762713184,0,0.1449201554059982,0,1.6273784474898614,"{""type"":""MultiPoint"",""coordinates"":[]}"
1939,783,1.155723824318392,0,11.617838859558104,0,0.6294016067920348,"{""type"":""MultiPoint"",""coordinates"":[]}"
1940,161,2.0302586010735446,0,0.1872934699058532,0,1.1256049171339957,"{""type"":""MultiPoint"",""coordinates"":[]}"
1941,669,1.5930156539969214,0,16.25194549560547,0,0.6690939232854187,"{""type"":""MultiPoint"",""coordinates"":[]}"
1942,222,1.2950354550825411,0,0.6826025247573853,0,0.6793595850152345,"{""type"":""MultiPoint"",""coordinates"":[]}"
1943,123,2.2095389772555016,1,0.233760192990303,1,1.1284533465246096,"{""type"":""MultiPoint"",""coordinates"":[]}"
1944,109,2.397161053279313,1,0.3723122179508209,1,1.1244164273060475,"{""type"":""MultiPoint"",""coordinates"":[]}"
1945,14,2.5248766802448377,1,0.0657477751374244,1,0.988051272945059,"{""type"":""MultiPoint"",""coordinates"":[]}"
1946,31,2.156109069860447,0,0.0587953627109527,0,1.1896924408759053,"{""type"":""MultiPoint"",""coordinates"":[]}"
1947,5,4.104927869183763,1,0.0650704130530357,2,1.6343704350248875,"{""type"":""MultiPoint"",""coordinates"":[]}"
1948,104,2.049554942131888,1,0.195437952876091,1,0.9974735105651484,"{""type"":""MultiPoint"",""coordinates"":[]}"
1949,75,1.9748499913295736,0,0.1659265458583831,0,0.966657180603901,"{""type"":""MultiPoint"",""coordinates"":[]}"
1950,99,2.1505283871478125,0,0.2969517111778259,0,0.9912477322656004,"{""type"":""MultiPoint"",""coordinates"":[]}"
1951,252,1.7608049205797722,0,0.4164365828037262,0,0.9749339247252902,"{""type"":""MultiPoint"",""coordinates"":[]}"
1952,92,2.0170712147713803,1,0.188273623585701,1,1.0046864573923444,"{""type"":""MultiPoint"",""coordinates"":[]}"
1953,428,1.737154826256598,0,9.247635841369627,0,0.8809262456368894,"{""type"":""MultiPoint"",""coordinates"":[]}"
1955,218,2.0201567637900766,0,0.178421139717102,0,1.1302002016272803,"{""type"":""MultiPoint"",""coordinates"":[]}"
1956,82,1.8203903357715483,1,0.1051835641264915,0,0.8637153585854873,"{""type"":""MultiPoint"",""coordinates"":[]}"
1957,494,0.90206543549895,0,4.488439083099365,0,0.5485617460055154,"{""type"":""MultiPoint"",""coordinates"":[]}"
1958,304,2.089213009449145,1,2.4714224338531494,1,0.9992824872698736,"{""type"":""MultiPoint"",""coordinates"":[]}"
1959,331,2.2064734927800718,1,0.6543399095535278,1,1.238005245665513,"{""type"":""MultiPoint"",""coordinates"":[]}"
1960,738,2.709111539189216,1,0.4573550522327423,1,1.4367531177532162,"{""type"":""MultiPoint"",""coordinates"":[]}"
1961,253,0.424513132550473,0,0.4141281843185425,0,0.2185266559926506,"{""type"":""MultiPoint"",""coordinates"":[]}"
1962,462,2.1799657043343,1,0.2958438694477081,1,1.13526210821122,"{""type"":""MultiPoint"",""coordinates"":[]}"
1963,428,2.3888785221282034,0,2.26252818107605,0,1.3825751085647755,"{""type"":""MultiPoint"",""coordinates"":[]}"
1964,10,2.616496620769912,1,0.0413544028997421,1,0.959741696521171,"{""type"":""MultiPoint"",""coordinates"":[]}"
1965,93,2.0170712147713803,1,0.1479261368513107,1,1.0046864573923444,"{""type"":""MultiPoint"",""coordinates"":[]}"
1966,141,1.8150548022905,1,0.2957165837287903,0,0.7973338800058652,"{""type"":""MultiPoint"",""coordinates"":[]}"
1967,89,2.4371559329601764,1,0.1449201554059982,1,1.203936654710691,"{""type"":""MultiPoint"",""coordinates"":[]}"
1968,434,1.9656365647774112,1,0.4355306029319763,0,1.012690055534784,"{""type"":""MultiPoint"",""coordinates"":[]}"
1969,253,2.3917711262856023,1,0.3941662311553955,1,1.327900051843739,"{""type"":""MultiPoint"",""coordinates"":[]}"
1970,1305,0.9729920560587868,0,8.029523849487305,0,0.4679121691226711,"{""type"":""MultiPoint"",""coordinates"":[]}"
1971,138,1.6536260126633358,1,0.1798498928546905,0,0.7253528735749425,"{""type"":""MultiPoint"",""coordinates"":[]}"
1972,92,1.671205173157251,0,0.5249848961830139,0,0.7080971209804702,"{""type"":""MultiPoint"",""coordinates"":[]}"
1973,502,1.7608049205797722,0,13.707901000976562,0,0.9749339247252902,"{""type"":""MultiPoint"",""coordinates"":[]}"
1974,47,2.8266678369905978,1,0.2362220734357834,1,1.1553516310294438,"{""type"":""MultiPoint"",""coordinates"":[]}"
1975,28,2.316702408624339,1,0.0650121122598648,1,1.181839321485302,"{""type"":""MultiPoint"",""coordinates"":[]}"
1976,187,1.7326549464553125,1,0.2113257795572281,0,0.9158738273596893,"{""type"":""MultiPoint"",""coordinates"":[]}"
1977,30,2.169745622208434,0,0.1864145249128341,0,0.9539706290928154,"{""type"":""MultiPoint"",""coordinates"":[]}"
1978,922,0.9637899358282246,0,6.541166305541992,0,0.5709343496743694,"{""type"":""MultiPoint"",""coordinates"":[]}"
1979,456,2.275583103503933,1,0.1882498860359192,1,1.2147005913762654,"{""type"":""MultiPoint"",""coordinates"":[]}"
1980,468,1.7096471638407686,0,1.8289324045181277,0,0.8417001450291085,"{""type"":""MultiPoint"",""coordinates"":[]}"
1981,375,3.2846530751594294,0,0.5614836812019348,0,1.6578267745207054,"{""type"":""MultiPoint"",""coordinates"":[]}"
1982,15,2.810553572146565,1,0.0588632449507713,1,1.280525992684996,"{""type"":""MultiPoint"",""coordinates"":[]}"
1983,303,1.7242338724045922,1,0.7054989337921143,0,0.7545175971148598,"{""type"":""MultiPoint"",""coordinates"":[]}"
1984,430,1.644613627221271,0,8.725152015686035,0,0.8694260611066856,"{""type"":""MultiPoint"",""coordinates"":[]}"
1985,226,1.4891826745177232,0,2.032862663269043,0,0.6971744504904825,"{""type"":""MultiPoint"",""coordinates"":[]}"
1986,170,2.6373947079838347,1,0.4226073920726776,1,1.4956269054305869,"{""type"":""MultiPoint"",""coordinates"":[]}"
1987,243,1.5131244370298182,1,0.6979010105133057,0,0.7722649610133244,"{""type"":""MultiPoint"",""coordinates"":[]}"
1988,278,1.7723582065156538,0,3.8762831687927246,0,0.9733183442676924,"{""type"":""MultiPoint"",""coordinates"":[]}"
1989,90,2.011740697682556,1,0.2105952203273773,1,0.97149736848816,"{""type"":""MultiPoint"",""coordinates"":[]}"
1990,186,1.344615355995886,1,1.0283716917037964,0,0.7769218427403821,"{""type"":""MultiPoint"",""coordinates"":[]}"
1991,98,2.149712260057518,1,0.5870006680488586,1,1.001066307233956,"{""type"":""MultiPoint"",""coordinates"":[]}"
1992,1109,0.9816143601668884,0,4.323017120361328,0,0.5011789959537174,"{""type"":""MultiPoint"",""coordinates"":[]}"
1993,111,2.0859450276861926,1,0.2537521719932556,1,1.0420993842586066,"{""type"":""MultiPoint"",""coordinates"":[]}"
1994,274,2.33550694191714,1,1.172618746757507,1,1.2088609681834563,"{""type"":""MultiPoint"",""coordinates"":[]}"
1995,127,1.6862434511208249,0,0.3578340113162994,0,1.047083654118848,"{""type"":""MultiPoint"",""coordinates"":[]}"
1996,188,2.1090073093189075,0,0.271536111831665,0,1.003478902432761,"{""type"":""MultiPoint"",""coordinates"":[]}"
1997,94,1.9447757377019352,1,0.4529119431972503,0,0.9654447200382998,"{""type"":""MultiPoint"",""coordinates"":[]}"
1998,895,1.1682246953470692,1,1.5336512327194214,0,0.6413192025679206,"{""type"":""MultiPoint"",""coordinates"":[]}"
1999,-1,3.7801756705438,0,0.029464453458786,0,1.2412172756980309,"{""type"":""MultiPoint"",""coordinates"":[]}"
2000,1975,1.052616714656102,0,6.160684585571289,0,0.5156628157226257,"{""type"":""MultiPoint"",""coordinates"":[]}"
2001,67,2.000386466239464,0,0.0917882919311523,0,1.1841605262122243,"{""type"":""MultiPoint"",""coordinates"":[]}"
2002,949,1.741429791115748,0,7.624170780181885,0,0.7489990097954086,"{""type"":""MultiPoint"",""coordinates"":[]}"
2003,106,1.4604237903858783,0,0.3510612249374389,0,0.7190260837080846,"{""type"":""MultiPoint"",""coordinates"":[]}"
2004,223,1.9081416166969367,0,0.1196244060993194,0,0.9999233914680258,"{""type"":""MultiPoint"",""coordinates"":[]}"
2005,41,2.075713014879466,1,2.234982967376709,1,0.9281708884071126,"{""type"":""MultiPoint"",""coordinates"":[]}"
2006,58,2.4065181092234385,1,0.2896677553653717,1,1.1445074922349985,"{""type"":""MultiPoint"",""coordinates"":[]}"
2007,76,2.4568972128858846,0,0.2931520640850067,0,1.1372184224275492,"{""type"":""MultiPoint"",""coordinates"":[]}"
2008,177,1.948794607732201,0,1.2685017585754397,0,1.015261189608036,"{""type"":""MultiPoint"",""coordinates"":[]}"
2009,70,2.0382469465213418,1,0.0289840884506702,1,1.1457349451270944,"{""type"":""MultiPoint"",""coordinates"":[]}"
2010,69,2.448507668223113,0,0.0412439107894897,0,1.2073871069976148,"{""type"":""MultiPoint"",""coordinates"":[]}"
2011,2457,0.9963216736663106,1,2.763319969177246,0,0.5343779235189092,"{""type"":""MultiPoint"",""coordinates"":[]}"
2012,706,1.3485773829049117,0,9.139815330505373,0,0.5935693008239511,"{""type"":""MultiPoint"",""coordinates"":[]}"
2013,431,1.2011499197530948,1,1.6811622381210327,0,0.624665659212447,"{""type"":""MultiPoint"",""coordinates"":[]}"
2014,261,1.512944607894037,0,2.39863395690918,0,0.7175070658180872,"{""type"":""MultiPoint"",""coordinates"":[]}"
2015,91,2.213739715814732,0,2.015424966812134,0,1.2211441592137058,"{""type"":""MultiPoint"",""coordinates"":[]}"
2016,37,2.237875450490162,0,0.1302080154418945,0,0.9899313762970018,"{""type"":""MultiPoint"",""coordinates"":[]}"
2017,1367,1.6154651677710825,0,14.171713829040527,0,0.6853129840286423,"{""type"":""MultiPoint"",""coordinates"":[]}"
2018,44,1.9332562934248445,1,0.065870963037014,0,0.9028128657500925,"{""type"":""MultiPoint"",""coordinates"":[]}"
2019,350,2.482434841184193,0,0.5585023760795593,0,1.0960786866726342,"{""type"":""MultiPoint"",""coordinates"":[]}"
2020,189,1.5131244370298182,0,0.2337494641542434,0,0.7722649610133244,"{""type"":""MultiPoint"",""coordinates"":[]}"
2021,63,2.040842300538537,0,0.2913613021373749,0,0.9598085531872788,"{""type"":""MultiPoint"",""coordinates"":[]}"
2022,629,1.6228623872449286,0,2.974857807159424,0,0.6479424292574759,"{""type"":""MultiPoint"",""coordinates"":[]}"
2023,289,1.3743292296940834,1,0.1479133516550064,0,0.6138725909949576,"{""type"":""MultiPoint"",""coordinates"":[]}"
2024,1546,1.3094079629475326,1,4.409377574920654,0,0.6230038874788038,"{""type"":""MultiPoint"",""coordinates"":[]}"
2025,751,2.589710677731332,1,1.0380609035491943,1,1.3805008446857812,"{""type"":""MultiPoint"",""coordinates"":[]}"
2026,286,1.1796632826528304,0,0.4880480766296386,0,0.4997458119264165,"{""type"":""MultiPoint"",""coordinates"":[]}"
2027,171,1.8525295889397095,1,0.1835499703884124,0,0.8749580024208224,"{""type"":""MultiPoint"",""coordinates"":[]}"
2028,599,1.491861754761503,0,3.951283693313599,0,0.5721642647655814,"{""type"":""MultiPoint"",""coordinates"":[]}"
2029,366,2.1307389195011783,1,0.3561424911022186,1,1.1509118292961986,"{""type"":""MultiPoint"",""coordinates"":[]}"
2030,907,2.7240446916468346,1,0.2710502743721008,1,1.350518857864085,"{""type"":""MultiPoint"",""coordinates"":[]}"
2031,260,1.440168139386972,1,0.4379433095455169,0,0.6984326299431194,"{""type"":""MultiPoint"",""coordinates"":[]}"
2032,91,2.326890361556091,1,0.2281178086996078,1,1.1009737534791255,"{""type"":""MultiPoint"",""coordinates"":[]}"
2033,388,1.7782638243715374,0,4.772541522979736,0,0.9420326145580314,"{""type"":""MultiPoint"",""coordinates"":[]}"
2034,348,1.4260127235551272,1,0.2969608008861542,0,0.6434349084300436,"{""type"":""MultiPoint"",""coordinates"":[]}"
2035,195,1.9466770778807436,0,1.6435521841049194,0,1.0443485545464373,"{""type"":""MultiPoint"",""coordinates"":[]}"
2036,160,2.1278645520503097,1,0.4890089631080627,1,1.1858232932499178,"{""type"":""MultiPoint"",""coordinates"":[]}"
2037,23,1.9780620592278777,1,0.130000352859497,0,1.1657015362483876,"{""type"":""MultiPoint"",""coordinates"":[]}"
2038,42,1.9896957909339823,1,0.0825930684804916,0,1.1683925318940265,"{""type"":""MultiPoint"",""coordinates"":[]}"
2039,14,2.616496620769912,0,0.065733715891838,0,0.959741696521171,"{""type"":""MultiPoint"",""coordinates"":[]}"
2040,170,1.6845756633101108,1,0.476064920425415,0,0.859849919302512,"{""type"":""MultiPoint"",""coordinates"":[]}"
2041,183,1.2395729616897946,1,0.3430928885936737,0,0.6058636528788668,"{""type"":""MultiPoint"",""coordinates"":[]}"
2042,85,1.9065465821938905,1,0.0825874432921409,0,1.1692963905089864,"{""type"":""MultiPoint"",""coordinates"":[]}"
2043,399,0.9018844836262656,0,2.00964617729187,0,0.5923021174207902,"{""type"":""MultiPoint"",""coordinates"":[]}"
2044,151,2.7628505048442964,0,0.3588970899581909,0,1.5483952781896813,"{""type"":""MultiPoint"",""coordinates"":[]}"
2045,529,2.289253310937162,0,1.3921352624893188,0,1.204500072591252,"{""type"":""MultiPoint"",""coordinates"":[]}"
2046,8,3.5753054358053387,1,0.0294950287789106,2,1.2671349153320193,"{""type"":""MultiPoint"",""coordinates"":[]}"
2047,1127,1.4316702340579643,0,5.334219455718994,0,0.6341081981377864,"{""type"":""MultiPoint"",""coordinates"":[]}"
2048,1838,1.7427547596147346,0,8.028475761413574,0,0.7715009046774661,"{""type"":""MultiPoint"",""coordinates"":[]}"
2049,1483,1.6154651677710825,0,12.62755012512207,0,0.6853129840286423,"{""type"":""MultiPoint"",""coordinates"":[]}"
2050,158,2.2112643577076114,1,0.3103932738304138,1,1.0470011492371412,"{""type"":""MultiPoint"",""coordinates"":[]}"
2051,2,4.104927869183763,1,0.0579681657254695,2,1.6343704350248875,"{""type"":""MultiPoint"",""coordinates"":[]}"
2052,274,2.103153413248472,1,0.8246501088142395,1,1.2109915685436912,"{""type"":""MultiPoint"",""coordinates"":[]}"
2053,111,2.2257651991813376,1,0.2899408936500549,1,1.1819722301456357,"{""type"":""MultiPoint"",""coordinates"":[]}"
2054,59,2.022505711545941,1,0.0579681657254695,1,1.1672975978731972,"{""type"":""MultiPoint"",""coordinates"":[]}"
2055,534,2.757095951055113,0,14.21862506866455,0,1.2136010282735823,"{""type"":""MultiPoint"",""coordinates"":[]}"
2056,124,1.8150548022905,1,0.3201682865619659,0,0.7973338800058652,"{""type"":""MultiPoint"",""coordinates"":[]}"
2057,8,4.187677193308486,0,0.0289840884506702,0,1.8281400524694296,"{""type"":""MultiPoint"",""coordinates"":[]}"
2058,188,1.8432383035193995,0,2.1681225299835205,0,0.9390615947338564,"{""type"":""MultiPoint"",""coordinates"":[]}"
2059,207,1.9131939355811451,1,0.5261919498443604,0,1.0898861784725191,"{""type"":""MultiPoint"",""coordinates"":[]}"
2060,24,2.679090434171439,0,0.2625335156917572,0,1.1203455463766068,"{""type"":""MultiPoint"",""coordinates"":[]}"
2061,48,1.8622447542011733,1,0.0869522094726562,0,0.9332563828732422,"{""type"":""MultiPoint"",""coordinates"":[]}"
2062,154,1.6891352407622322,1,0.2247554361820221,0,0.7938512304582964,"{""type"":""MultiPoint"",""coordinates"":[]}"
2063,795,0.8765846592133175,0,14.69818878173828,0,0.429234616360076,"{""type"":""MultiPoint"",""coordinates"":[]}"
2064,6,4.370330472364077,1,0.041263710707426,2,1.862196094096915,"{""type"":""MultiPoint"",""coordinates"":[]}"
2065,826,1.6494764090507272,0,3.579645872116089,0,0.792575230247747,"{""type"":""MultiPoint"",""coordinates"":[]}"
2066,98,1.758897143644027,0,0.2236702144145965,0,1.0959963165880626,"{""type"":""MultiPoint"",""coordinates"":[]}"
2067,203,2.2095389772555016,0,6.226167678833008,0,1.1284533465246096,"{""type"":""MultiPoint"",""coordinates"":[]}"
2068,80,2.414083801071938,1,0.1971309036016464,1,1.1158105049311589,"{""type"":""MultiPoint"",""coordinates"":[]}"
2069,300,1.2118354413796384,0,1.6146548986434937,0,0.5381303974449783,"{""type"":""MultiPoint"",""coordinates"":[]}"
2070,198,2.520828397268659,1,0.2625173032283783,1,1.3431762636495073,"{""type"":""MultiPoint"",""coordinates"":[]}"
2071,458,2.118257958694973,0,3.239452600479126,0,1.1064264628845188,"{""type"":""MultiPoint"",""coordinates"":[]}"
2072,26,2.4726663843451497,1,0.1313690841197967,1,1.0013335908105676,"{""type"":""MultiPoint"",""coordinates"":[]}"
2073,607,1.2456830584798937,0,1.814678430557251,0,0.6818337255692263,"{""type"":""MultiPoint"",""coordinates"":[]}"
2074,27,2.156109069860447,0,0.0587845742702484,0,1.1896924408759053,"{""type"":""MultiPoint"",""coordinates"":[]}"
2075,312,2.411627913611372,1,0.7476822137832642,1,1.2922415425240743,"{""type"":""MultiPoint"",""coordinates"":[]}"
2076,73,2.4574455236497936,1,0.2068840414285659,1,1.1712791914940872,"{""type"":""MultiPoint"",""coordinates"":[]}"
2077,210,2.339747726911436,1,0.3294865489006042,1,1.1804976503169164,"{""type"":""MultiPoint"",""coordinates"":[]}"
2078,22,2.46254168276631,1,0.3522872626781463,1,0.9632302035094896,"{""type"":""MultiPoint"",""coordinates"":[]}"
2079,237,0.9538523072694828,1,0.3718443512916565,0,0.5081228122415963,"{""type"":""MultiPoint"",""coordinates"":[]}"
2080,233,2.070448935202554,1,0.721089780330658,1,1.1411267869794004,"{""type"":""MultiPoint"",""coordinates"":[]}"
2081,263,0.9873686342570468,1,0.3858017027378082,0,0.4680277514187679,"{""type"":""MultiPoint"",""coordinates"":[]}"
2082,435,1.8448264969024035,0,6.892563343048096,0,1.073382440510615,"{""type"":""MultiPoint"",""coordinates"":[]}"
2083,704,2.09141092600366,0,3.564845561981201,0,1.190310825613172,"{""type"":""MultiPoint"",""coordinates"":[]}"
2084,7,3.580573824285928,0,0.0869522094726562,0,1.6109334388838634,"{""type"":""MultiPoint"",""coordinates"":[]}"
2085,1924,0.5993881099326405,0,3.301717519760132,0,0.259204921329917,"{""type"":""MultiPoint"",""coordinates"":[]}"
2086,143,2.005662447206786,1,0.2050486505031585,1,0.9785939691888672,"{""type"":""MultiPoint"",""coordinates"":[]}"
2087,63,2.2975418379344577,0,0.1179730594158172,0,1.0438341684094354,"{""type"":""MultiPoint"",""coordinates"":[]}"
2088,140,1.5216407240131369,0,0.8242249488830566,0,0.8895665197915722,"{""type"":""MultiPoint"",""coordinates"":[]}"
2089,5,4.370330472364077,1,0.0649840235710144,2,1.862196094096915,"{""type"":""MultiPoint"",""coordinates"":[]}"
2090,14,2.6547961403947875,0,0.1875164359807968,0,1.1103204817153385,"{""type"":""MultiPoint"",""coordinates"":[]}"
2091,343,1.2199809799003871,0,9.609384536743164,0,0.6093934360772675,"{""type"":""MultiPoint"",""coordinates"":[]}"
2092,949,2.558798585247073,1,0.7181565165519714,1,1.282320038157156,"{""type"":""MultiPoint"",""coordinates"":[]}"
2093,281,1.512944607894037,1,0.8760131597518921,0,0.7175070658180872,"{""type"":""MultiPoint"",""coordinates"":[]}"
2094,344,1.2571589847499378,0,0.9303016066551208,0,0.6375893246430799,"{""type"":""MultiPoint"",""coordinates"":[]}"
2095,17,3.3589568163008776,1,0.0413039252161979,2,1.4754009105584396,"{""type"":""MultiPoint"",""coordinates"":[]}"
2096,89,2.024878301817492,1,0.0891886204481124,1,0.9854259496946136,"{""type"":""MultiPoint"",""coordinates"":[]}"
2097,262,2.881281462923606,1,0.4693853259086609,1,1.588572877747381,"{""type"":""MultiPoint"",""coordinates"":[]}"
2098,157,1.3905291847325485,1,0.1300160735845565,0,0.7448226784200308,"{""type"":""MultiPoint"",""coordinates"":[]}"
2099,77,1.671205173157251,0,0.3028928339481354,0,0.7080971209804702,"{""type"":""MultiPoint"",""coordinates"":[]}"
2100,21,4.4205533808736766,0,0.1236210986971855,0,1.7358224011571812,"{""type"":""MultiPoint"",""coordinates"":[]}"
2101,34,2.4726663843451497,1,0.1860425919294357,1,1.0013335908105676,"{""type"":""MultiPoint"",""coordinates"":[]}"
2102,106,1.793979578376686,1,0.2753826379776001,0,1.1481423320301616,"{""type"":""MultiPoint"",""coordinates"":[]}"
2103,258,1.3565931549838457,1,0.5412713885307312,0,0.6675342553995586,"{""type"":""MultiPoint"",""coordinates"":[]}"
2104,27,2.075809488385063,0,0.1217264086008071,0,0.9229136229329722,"{""type"":""MultiPoint"",""coordinates"":[]}"
2105,443,2.197876071428267,1,0.3262103199958801,1,1.1483398519423431,"{""type"":""MultiPoint"",""coordinates"":[]}"
2106,116,1.8686871753988128,1,0.289838433265686,0,0.9396686248204348,"{""type"":""MultiPoint"",""coordinates"":[]}"
2107,231,1.155516999409218,1,0.3309388160705566,0,0.4913395757729343,"{""type"":""MultiPoint"",""coordinates"":[]}"
2108,117,1.7081722449554957,0,0.3735964596271515,0,0.8035524431485503,"{""type"":""MultiPoint"",""coordinates"":[]}"
2109,99,1.7509034020844143,0,0.1835897117853164,0,1.1841665867878144,"{""type"":""MultiPoint"",""coordinates"":[]}"
2110,31,2.235765982737603,1,0.2691725790500641,1,1.0066438015319157,"{""type"":""MultiPoint"",""coordinates"":[]}"
2111,876,2.154569054096696,0,2.132797241210937,0,1.107137171880758,"{""type"":""MultiPoint"",""coordinates"":[]}"
2112,239,1.1180886277824362,1,0.5467393398284912,0,0.5155792366495207,"{""type"":""MultiPoint"",""coordinates"":[]}"
2113,442,2.197876071428267,1,0.228520318865776,1,1.1483398519423431,"{""type"":""MultiPoint"",""coordinates"":[]}"
2114,41,2.1520457866889044,0,0.1767114698886871,0,1.0051973630041022,"{""type"":""MultiPoint"",""coordinates"":[]}"
2115,212,2.520828397268659,1,0.4560130536556244,1,1.3431762636495073,"{""type"":""MultiPoint"",""coordinates"":[]}"
2116,280,1.2693824979104171,0,0.3927246630191803,0,0.6612544088158651,"{""type"":""MultiPoint"",""coordinates"":[]}"
2117,124,1.811207548873552,1,0.2705897986888885,0,0.8872362507354711,"{""type"":""MultiPoint"",""coordinates"":[]}"
2118,95,1.7406761552041128,0,0.1312357634305954,0,1.1571692362975383,"{""type"":""MultiPoint"",""coordinates"":[]}"
2119,19,2.8000439280892198,1,0.0654744058847427,1,1.3561986743936798,"{""type"":""MultiPoint"",""coordinates"":[]}"
2120,120,2.4719300212782573,1,0.0827149525284767,1,1.2140951214989757,"{""type"":""MultiPoint"",""coordinates"":[]}"
2121,185,1.352979784183049,0,2.384206295013428,0,0.6625343791566205,"{""type"":""MultiPoint"",""coordinates"":[]}"
2122,444,2.032632697412466,0,1.558044195175171,0,1.073765377347239,"{""type"":""MultiPoint"",""coordinates"":[]}"
2123,328,2.797748672554069,1,0.3737654685974121,1,1.4031366163036485,"{""type"":""MultiPoint"",""coordinates"":[]}"
2124,375,2.797748672554069,0,0.4674721360206604,0,1.4031366163036485,"{""type"":""MultiPoint"",""coordinates"":[]}"
2125,27,2.2853544541254798,1,0.0869522094726562,1,1.031258530807923,"{""type"":""MultiPoint"",""coordinates"":[]}"
2126,719,2.1514531233815206,0,3.9773507118225098,0,1.0049885167315835,"{""type"":""MultiPoint"",""coordinates"":[]}"
2127,32,2.351583031650633,0,0.1872934699058532,0,1.0175481487282003,"{""type"":""MultiPoint"",""coordinates"":[]}"
2128,244,3.116440855321408,1,0.5915547013282776,2,1.6967924257083182,"{""type"":""MultiPoint"",""coordinates"":[]}"
2129,9,3.3589568163008776,1,0.1463381350040435,2,1.4754009105584396,"{""type"":""MultiPoint"",""coordinates"":[]}"
2130,174,1.9654001816491795,1,2.5053839683532715,0,1.07878139791955,"{""type"":""MultiPoint"",""coordinates"":[]}"
2131,425,3.1680271155024,1,0.4446813464164734,2,1.5545917663605922,"{""type"":""MultiPoint"",""coordinates"":[]}"
2132,68,1.8750652225049356,1,0.2527968883514404,0,0.8840551954395648,"{""type"":""MultiPoint"",""coordinates"":[]}"
2133,417,1.741429791115748,0,1.6113272905349731,0,0.7489990097954086,"{""type"":""MultiPoint"",""coordinates"":[]}"
2134,121,1.581695047081311,1,0.0412669070065021,0,0.7108086032618779,"{""type"":""MultiPoint"",""coordinates"":[]}"
2135,81,2.474469157199223,1,0.235652670264244,1,0.977116238692242,"{""type"":""MultiPoint"",""coordinates"":[]}"
2136,301,2.213739715814732,0,7.239999771118164,0,1.2211441592137058,"{""type"":""MultiPoint"",""coordinates"":[]}"
2137,147,1.9793222959283736,0,0.5050328373908997,0,1.0743437618543528,"{""type"":""MultiPoint"",""coordinates"":[]}"
2138,903,2.558798585247073,1,0.5239307284355164,1,1.282320038157156,"{""type"":""MultiPoint"",""coordinates"":[]}"
2139,66,1.9540072287950483,1,0.2249116152524948,0,0.9465803940089887,"{""type"":""MultiPoint"",""coordinates"":[]}"
2140,0,5.47077515326074,0,0.0294586215168237,0,1.817984120163356,"{""type"":""MultiPoint"",""coordinates"":[]}"
2141,320,1.7160565515423594,0,0.3588409721851349,0,0.691144891169714,"{""type"":""MultiPoint"",""coordinates"":[]}"
2142,399,1.5519300603457844,0,0.5521451830863953,0,0.6345126223174369,"{""type"":""MultiPoint"",""coordinates"":[]}"
2143,495,2.3201084644524053,1,0.4795875251293182,1,1.2600452220584617,"{""type"":""MultiPoint"",""coordinates"":[]}"
2144,812,1.598868100672954,0,0.4350854456424713,0,0.9418055378480062,"{""type"":""MultiPoint"",""coordinates"":[]}"
2145,188,1.5832791589191029,1,0.2521677017211914,0,0.6790427343731306,"{""type"":""MultiPoint"",""coordinates"":[]}"
2146,589,1.1764139391825288,0,8.621397018432617,0,0.5773902150109429,"{""type"":""MultiPoint"",""coordinates"":[]}"
2147,73,2.4574455236497936,1,0.2482451200485229,1,1.1712791914940872,"{""type"":""MultiPoint"",""coordinates"":[]}"
2148,394,1.013090095151194,0,1.9975545406341555,0,0.4554540548014731,"{""type"":""MultiPoint"",""coordinates"":[]}"
2149,167,1.423767433349142,1,0.3734518885612488,0,0.8663723721254595,"{""type"":""MultiPoint"",""coordinates"":[]}"
2150,74,2.458917737060608,1,0.1654221266508102,1,1.1653335929821858,"{""type"":""MultiPoint"",""coordinates"":[]}"
2151,337,2.9512143282869627,1,0.6002979874610901,1,1.5883849549186766,"{""type"":""MultiPoint"",""coordinates"":[]}"
2152,35,3.1313731337463127,1,0.1449201554059982,2,1.3778607319501874,"{""type"":""MultiPoint"",""coordinates"":[]}"
2153,418,1.7283516968382964,1,0.3528150022029876,0,0.8029899563559552,"{""type"":""MultiPoint"",""coordinates"":[]}"
2154,1890,0.984048086831178,0,6.080371856689453,0,0.4687113522666465,"{""type"":""MultiPoint"",""coordinates"":[]}"
2155,312,1.6784466555484834,0,5.038585186004639,0,0.7820336566740402,"{""type"":""MultiPoint"",""coordinates"":[]}"
2156,149,1.3308961635389238,1,1.0489351749420166,0,0.6897142656858772,"{""type"":""MultiPoint"",""coordinates"":[]}"
2157,8,4.300230971520628,0,0.0650592595338821,0,1.6607166385762078,"{""type"":""MultiPoint"",""coordinates"":[]}"
2158,291,1.4891826745177232,0,1.228447675704956,0,0.6971744504904825,"{""type"":""MultiPoint"",""coordinates"":[]}"
2159,851,1.6920157055597738,0,5.965360164642334,0,0.7235504320989972,"{""type"":""MultiPoint"",""coordinates"":[]}"
2160,26,3.074210892970932,1,0.1566082239151001,2,1.2253674441452318,"{""type"":""MultiPoint"",""coordinates"":[]}"
2161,808,1.2372003881403797,0,9.270405769348145,0,0.6415180405319193,"{""type"":""MultiPoint"",""coordinates"":[]}"
2162,10,4.208848805432868,0,0.0827718675136566,0,1.6501399636221887,"{""type"":""MultiPoint"",""coordinates"":[]}"
2163,20,3.3203940628041697,1,0.1659236401319503,2,1.3075032450706383,"{""type"":""MultiPoint"",""coordinates"":[]}"
2164,859,1.644613627221271,0,3.5210483074188232,0,0.8694260611066856,"{""type"":""MultiPoint"",""coordinates"":[]}"
2165,117,2.1177637662321422,1,0.3673330545425415,1,0.9686937653613796,"{""type"":""MultiPoint"",""coordinates"":[]}"
2166,192,1.664679013336893,0,1.2739025354385376,0,0.8122663098522047,"{""type"":""MultiPoint"",""coordinates"":[]}"
2167,65,2.3402583729185724,1,0.4166997075080871,1,1.0787738628895782,"{""type"":""MultiPoint"",""coordinates"":[]}"
2168,468,2.118257958694973,0,2.362471103668213,0,1.1064264628845188,"{""type"":""MultiPoint"",""coordinates"":[]}"
2169,185,1.939663109243404,0,2.09566593170166,0,0.9437862097184454,"{""type"":""MultiPoint"",""coordinates"":[]}"
2170,133,2.1284576866011413,1,3.2290375232696533,1,1.0754998313439286,"{""type"":""MultiPoint"",""coordinates"":[]}"
2171,94,2.2257651991813376,0,0.0289840884506702,0,1.1819722301456357,"{""type"":""MultiPoint"",""coordinates"":[]}"
2172,93,1.710130655388445,1,0.5379510521888733,0,0.7516166767644664,"{""type"":""MultiPoint"",""coordinates"":[]}"
2173,49,1.9056091525587504,1,0.1312796026468277,0,1.0142262772840849,"{""type"":""MultiPoint"",""coordinates"":[]}"
2174,84,2.1120066764009686,1,0.2608550190925598,1,1.056252694940343,"{""type"":""MultiPoint"",""coordinates"":[]}"
2175,14,2.2549781050458084,1,0.0651539340615272,1,0.9843145069694156,"{""type"":""MultiPoint"",""coordinates"":[]}"
2176,55,2.407334671356267,1,0.1466271430253982,1,1.143364207617077,"{""type"":""MultiPoint"",""coordinates"":[]}"
2177,73,2.8410632176775223,0,1.07609224319458,0,1.744181476849681,"{""type"":""MultiPoint"",""coordinates"":[]}"
2178,83,2.002886541634349,1,0.1739040166139602,1,0.9304254013966669,"{""type"":""MultiPoint"",""coordinates"":[]}"
2179,142,1.7274274656245896,1,0.0825220793485641,0,0.7876577020055245,"{""type"":""MultiPoint"",""coordinates"":[]}"
2180,20,2.810553572146565,1,0.0826169773936271,1,1.280525992684996,"{""type"":""MultiPoint"",""coordinates"":[]}"
2181,261,1.1180886277824362,1,0.8503704071044922,0,0.5155792366495207,"{""type"":""MultiPoint"",""coordinates"":[]}"
2182,374,1.425309697528463,0,1.6350377798080444,0,0.5297413445983905,"{""type"":""MultiPoint"",""coordinates"":[]}"
2183,64,2.071469598901983,1,0.1473233103752136,1,0.9555152795806304,"{""type"":""MultiPoint"",""coordinates"":[]}"
2184,302,2.0533620812852758,0,0.3841547071933746,0,1.2033082535085842,"{""type"":""MultiPoint"",""coordinates"":[]}"
2185,508,2.439260532105558,0,0.6666040420532227,0,1.3054530314640032,"{""type"":""MultiPoint"",""coordinates"":[]}"
2186,219,2.074446167221783,1,0.1196930855512619,1,1.1225663434621314,"{""type"":""MultiPoint"",""coordinates"":[]}"
2187,313,1.2235938679318397,1,0.3749023973941803,0,0.5155826355207517,"{""type"":""MultiPoint"",""coordinates"":[]}"
2188,116,2.414083801071938,0,0.0930988118052482,0,1.1158105049311589,"{""type"":""MultiPoint"",""coordinates"":[]}"
2189,1720,1.7427547596147346,0,3.727092266082764,0,0.7715009046774661,"{""type"":""MultiPoint"",""coordinates"":[]}"
2190,211,1.5497406099336624,1,0.5066971182823181,0,0.7649252692926983,"{""type"":""MultiPoint"",""coordinates"":[]}"
2191,183,2.757095951055113,0,10.801156997680664,0,1.2136010282735823,"{""type"":""MultiPoint"",""coordinates"":[]}"
2192,8,3.4117452649048827,1,0.1065092384815216,2,1.427630176729881,"{""type"":""MultiPoint"",""coordinates"":[]}"
2193,8,3.7801756705438,0,0.0656801015138626,0,1.2412172756980309,"{""type"":""MultiPoint"",""coordinates"":[]}"
2194,158,2.1378838878486865,1,0.2250709682703018,1,1.1399050846894918,"{""type"":""MultiPoint"",""coordinates"":[]}"
2195,394,1.4615545740439078,1,0.4742387533187866,0,0.7837795532167808,"{""type"":""MultiPoint"",""coordinates"":[]}"
2196,87,2.110807341175938,1,0.1487482041120529,1,1.0425833300293896,"{""type"":""MultiPoint"",""coordinates"":[]}"
2197,19,4.07086929441581,0,0.186858981847763,0,1.7377325559458956,"{""type"":""MultiPoint"",""coordinates"":[]}"
2198,903,0.9207119256399264,0,1.7695293426513672,0,0.5136045044454487,"{""type"":""MultiPoint"",""coordinates"":[]}"
2199,144,1.5216407240131369,0,0.0826066732406616,0,0.8895665197915722,"{""type"":""MultiPoint"",""coordinates"":[]}"
2200,63,2.3541110631672284,1,0.3256773352622986,1,1.0774508696116123,"{""type"":""MultiPoint"",""coordinates"":[]}"
2201,352,1.7096471638407686,1,3.184325933456421,0,0.8417001450291085,"{""type"":""MultiPoint"",""coordinates"":[]}"
2202,185,1.7326549464553125,1,0.5391395688056946,0,0.9158738273596893,"{""type"":""MultiPoint"",""coordinates"":[]}"
2203,206,1.440097856426177,1,0.3561187386512756,0,0.6301598020221468,"{""type"":""MultiPoint"",""coordinates"":[]}"
2204,85,1.925394411909376,0,0.106111854314804,0,0.9686687640810038,"{""type"":""MultiPoint"",""coordinates"":[]}"
2205,5,4.286767711268862,1,0.065030038356781,2,1.4146615339048787,"{""type"":""MultiPoint"",""coordinates"":[]}"
2206,274,0.8903994285218789,1,0.2625131905078888,0,0.3962414861549275,"{""type"":""MultiPoint"",""coordinates"":[]}"
2207,177,2.6373947079838347,1,0.4646741449832916,1,1.4956269054305869,"{""type"":""MultiPoint"",""coordinates"":[]}"
2208,730,2.709111539189216,1,0.7691079378128052,1,1.4367531177532162,"{""type"":""MultiPoint"",""coordinates"":[]}"
2209,18,2.5005390416487407,1,0.0289840884506702,1,1.0269418407305848,"{""type"":""MultiPoint"",""coordinates"":[]}"
2210,23,3.2100057863145253,1,0.185141310095787,2,1.361939925327554,"{""type"":""MultiPoint"",""coordinates"":[]}"
2211,103,2.04499288819395,1,0.0594256184995174,1,0.9859365759962356,"{""type"":""MultiPoint"",""coordinates"":[]}"
2212,707,2.154569054096696,1,6.95265531539917,1,1.107137171880758,"{""type"":""MultiPoint"",""coordinates"":[]}"
2213,223,1.8554753992765984,0,2.7973127365112305,0,0.8340518638229248,"{""type"":""MultiPoint"",""coordinates"":[]}"
2214,84,2.240173735042616,1,0.2640936970710754,1,1.1037384270940032,"{""type"":""MultiPoint"",""coordinates"":[]}"
2215,67,1.8680290226720828,1,0.234537199139595,0,1.190999734828575,"{""type"":""MultiPoint"",""coordinates"":[]}"
2216,423,1.562516013942547,0,15.420984268188477,0,0.8648833806098261,"{""type"":""MultiPoint"",""coordinates"":[]}"
2217,157,1.8023968247437585,1,0.4107031524181366,0,0.768915950055204,"{""type"":""MultiPoint"",""coordinates"":[]}"
2218,341,2.2064734927800718,0,1.020493984222412,0,1.238005245665513,"{""type"":""MultiPoint"",""coordinates"":[]}"
2219,6,3.0714209339339598,0,0.1301634758710861,0,1.2700744088207092,"{""type"":""MultiPoint"",""coordinates"":[]}"
2220,213,1.063505955979872,0,0.3029969930648803,0,0.5416701865291405,"{""type"":""MultiPoint"",""coordinates"":[]}"
2221,1157,1.684534031361176,0,2.1899819374084477,0,0.9786684901821489,"{""type"":""MultiPoint"",""coordinates"":[]}"
2222,602,2.3693159571079674,1,1.0209099054336548,1,1.270104420348297,"{""type"":""MultiPoint"",""coordinates"":[]}"
2223,104,2.037569072579508,1,0.1053142547607421,1,0.9934795659369744,"{""type"":""MultiPoint"",""coordinates"":[]}"
2224,280,1.8730275072697224,1,0.2897674143314361,0,0.954718548604666,"{""type"":""MultiPoint"",""coordinates"":[]}"
2225,537,1.6487676788720065,0,3.985652446746826,0,0.9142142275011496,"{""type"":""MultiPoint"",""coordinates"":[]}"
2226,28,2.76623344880158,1,0.091779738664627,1,1.3563923054914993,"{""type"":""MultiPoint"",""coordinates"":[]}"
2227,1792,0.7297211580512621,0,0.8716123700141907,0,0.3584854003577742,"{""type"":""MultiPoint"",""coordinates"":[]}"
2228,262,2.359339829239384,1,0.4857414364814758,1,0.985266440719838,"{""type"":""MultiPoint"",""coordinates"":[]}"
2229,45,1.9106465980127048,0,0.5225479602813721,0,0.9286425818663774,"{""type"":""MultiPoint"",""coordinates"":[]}"
2230,31,2.316702408624339,1,0.1050071790814399,1,1.181839321485302,"{""type"":""MultiPoint"",""coordinates"":[]}"
2231,33,2.156109069860447,0,0.0587938167154789,0,1.1896924408759053,"{""type"":""MultiPoint"",""coordinates"":[]}"
2232,91,1.8290004346460536,1,0.387119859457016,0,0.8763881125122542,"{""type"":""MultiPoint"",""coordinates"":[]}"
2233,756,1.6807716552988532,1,1.4227042198181152,0,0.8052443573320357,"{""type"":""MultiPoint"",""coordinates"":[]}"
2234,77,2.294812533359307,0,0.0656922087073326,0,1.0780094846793993,"{""type"":""MultiPoint"",""coordinates"":[]}"
2235,318,2.566463615724703,1,0.7077937722206116,1,1.3782401279595409,"{""type"":""MultiPoint"",""coordinates"":[]}"
2236,63,2.295521857150627,0,0.1706793457269668,0,1.206107459020797,"{""type"":""MultiPoint"",""coordinates"":[]}"
2237,45,1.9332562934248445,1,0.2070361673831939,0,0.9028128657500925,"{""type"":""MultiPoint"",""coordinates"":[]}"
2238,245,1.6784466555484834,0,4.201485633850098,0,0.7820336566740402,"{""type"":""MultiPoint"",""coordinates"":[]}"
2239,70,3.283683498548585,0,0.2211023271083831,0,2.2332737197554438,"{""type"":""MultiPoint"",""coordinates"":[]}"
2240,108,2.049554942131888,1,0.2925132513046264,1,0.9974735105651484,"{""type"":""MultiPoint"",""coordinates"":[]}"
2241,116,2.049554942131888,1,0.1721839904785156,1,0.9974735105651484,"{""type"":""MultiPoint"",""coordinates"":[]}"
2242,430,1.1764139391825288,0,4.322317123413086,0,0.5773902150109429,"{""type"":""MultiPoint"",""coordinates"":[]}"
2243,363,1.8184831977831264,0,3.3989856243133545,0,0.9817468124264698,"{""type"":""MultiPoint"",""coordinates"":[]}"
2244,654,1.060322709461338,0,7.438088893890381,0,0.5777484089022024,"{""type"":""MultiPoint"",""coordinates"":[]}"
2245,11,2.046914085415848,1,0.2453939914703369,1,0.9395672538087964,"{""type"":""MultiPoint"",""coordinates"":[]}"
2246,312,2.780821110896866,0,0.8961713314056396,0,1.2935047681928766,"{""type"":""MultiPoint"",""coordinates"":[]}"
2247,359,2.482434841184193,0,0.4219076931476593,0,1.0960786866726342,"{""type"":""MultiPoint"",""coordinates"":[]}"
2248,2352,0.9963216736663106,0,2.8634145259857178,0,0.5343779235189092,"{""type"":""MultiPoint"",""coordinates"":[]}"
2249,247,3.056020806323047,1,0.5784597396850586,2,1.6872120001588151,"{""type"":""MultiPoint"",""coordinates"":[]}"
2250,249,1.2950354550825411,0,2.190596342086792,0,0.6793595850152345,"{""type"":""MultiPoint"",""coordinates"":[]}"
2251,47,2.226013808441022,0,0.0927492976188659,0,1.073541898206815,"{""type"":""MultiPoint"",""coordinates"":[]}"
2252,127,1.989330204935546,1,0.1461163908243179,0,1.068192296903658,"{""type"":""MultiPoint"",""coordinates"":[]}"
2253,145,1.5042219525369624,1,0.3163246810436249,0,0.9539971399024844,"{""type"":""MultiPoint"",""coordinates"":[]}"
2254,1394,1.3823633135159856,0,10.646886825561523,0,0.77956134079177,"{""type"":""MultiPoint"",""coordinates"":[]}"
2255,418,2.052540043945101,1,0.297042578458786,1,1.068842908696514,"{""type"":""MultiPoint"",""coordinates"":[]}"
2256,682,0.914963272231469,0,7.583037853240967,0,0.4364339607588587,"{""type"":""MultiPoint"",""coordinates"":[]}"
2257,30,2.1549844194097347,1,0.1055016741156578,1,1.1828644728585924,"{""type"":""MultiPoint"",""coordinates"":[]}"
2258,2511,1.1529308370644842,1,3.870106458663941,0,0.5808103179190041,"{""type"":""MultiPoint"",""coordinates"":[]}"
2259,348,1.7096471638407686,0,0.7458949685096741,0,0.8417001450291085,"{""type"":""MultiPoint"",""coordinates"":[]}"
2260,35,2.0452643686298835,0,0.106503739953041,0,0.9614242990428868,"{""type"":""MultiPoint"",""coordinates"":[]}"
2261,71,2.0754231123861797,0,0.0830118432641029,0,0.9745836911122772,"{""type"":""MultiPoint"",""coordinates"":[]}"
2262,957,1.2156931564914486,0,7.359540939331055,0,0.6129933176941377,"{""type"":""MultiPoint"",""coordinates"":[]}"
2263,174,1.9013688291895736,1,0.2211765199899673,0,0.911877233505204,"{""type"":""MultiPoint"",""coordinates"":[]}"
2264,24,2.76623344880158,1,0.0649843662977218,1,1.3563923054914993,"{""type"":""MultiPoint"",""coordinates"":[]}"
2265,111,1.7739569616726325,1,0.289838433265686,0,0.8477052661408697,"{""type"":""MultiPoint"",""coordinates"":[]}"
2266,18,2.5005390416487407,0,0.0413763448596,0,1.0269418407305848,"{""type"":""MultiPoint"",""coordinates"":[]}"
2267,626,1.7357335362513466,0,6.828046798706055,0,0.7277560530858656,"{""type"":""MultiPoint"",""coordinates"":[]}"
2268,40,2.462034616713609,0,0.0289840884506702,0,1.034758313643206,"{""type"":""MultiPoint"",""coordinates"":[]}"
2269,52,2.225031173716224,0,0.3313853442668915,0,0.9632845016025096,"{""type"":""MultiPoint"",""coordinates"":[]}"
2270,110,2.0785784333785915,1,0.4992347359657287,1,0.9611038669959924,"{""type"":""MultiPoint"",""coordinates"":[]}"
2271,54,2.4863289421819954,1,0.1159362122416496,1,1.212644654071403,"{""type"":""MultiPoint"",""coordinates"":[]}"
2272,271,1.3282238294779272,1,0.4125069677829742,0,0.6030637432339563,"{""type"":""MultiPoint"",""coordinates"":[]}"
2273,20,2.3236957165140293,1,0.1196333244442939,1,0.9614417544338149,"{""type"":""MultiPoint"",""coordinates"":[]}"
2274,880,2.7691550720859484,1,0.6228543519973755,1,1.4503332782349398,"{""type"":""MultiPoint"",""coordinates"":[]}"
2275,300,1.155516999409218,1,2.0980982780456543,0,0.4913395757729343,"{""type"":""MultiPoint"",""coordinates"":[]}"
2276,81,2.034166895451313,0,0.2761662304401397,0,1.0030494541626758,"{""type"":""MultiPoint"",""coordinates"":[]}"
2277,1306,0.7222722287716908,0,10.069318771362305,0,0.3632968141791968,"{""type"":""MultiPoint"",""coordinates"":[]}"
2278,368,1.824712321475482,0,0.17001274228096,0,0.9307143042425567,"{""type"":""MultiPoint"",""coordinates"":[]}"
2279,20,2.8000439280892198,0,0.0587111003696918,0,1.3561986743936798,"{""type"":""MultiPoint"",""coordinates"":[]}"
2280,275,3.2713041894076804,1,0.4807710945606231,2,1.7532951352289554,"{""type"":""MultiPoint"",""coordinates"":[]}"
2281,889,2.558798585247073,1,1.4323269128799438,1,1.282320038157156,"{""type"":""MultiPoint"",""coordinates"":[]}"
2282,437,1.9737195792517217,0,1.6392157077789309,0,1.0404390091045057,"{""type"":""MultiPoint"",""coordinates"":[]}"
2283,139,1.811207548873552,0,0.4936068654060364,0,0.8872362507354711,"{""type"":""MultiPoint"",""coordinates"":[]}"
2284,546,1.7554474928741874,0,5.429378509521484,0,0.7733480851064848,"{""type"":""MultiPoint"",""coordinates"":[]}"
2285,63,1.6690082623450078,0,0.1177199333906173,0,1.128417530365516,"{""type"":""MultiPoint"",""coordinates"":[]}"
2286,378,1.8107561549564184,1,0.3332827091217041,0,0.9005426607522945,"{""type"":""MultiPoint"",""coordinates"":[]}"
2287,120,2.000542941075095,0,1.1419357061386108,0,1.058241219686175,"{""type"":""MultiPoint"",""coordinates"":[]}"
2288,66,2.1635453510753284,0,0.1496879905462265,0,1.022350214820426,"{""type"":""MultiPoint"",""coordinates"":[]}"
2289,136,2.013496863568603,1,0.1449201554059982,1,1.0051307851883422,"{""type"":""MultiPoint"",""coordinates"":[]}"
2290,119,1.9523964503169269,0,0.3309027850627899,0,0.9042044154565928,"{""type"":""MultiPoint"",""coordinates"":[]}"
2291,81,1.8203903357715483,1,0.2070902585983276,0,0.8637153585854873,"{""type"":""MultiPoint"",""coordinates"":[]}"
2292,36,1.8598914686659112,1,0.1159362122416496,0,1.1753024650476478,"{""type"":""MultiPoint"",""coordinates"":[]}"
2293,112,2.757095951055113,0,6.185398101806641,0,1.2136010282735823,"{""type"":""MultiPoint"",""coordinates"":[]}"
2294,165,1.5497406099336624,1,0.4106251001358032,0,0.7649252692926983,"{""type"":""MultiPoint"",""coordinates"":[]}"
2295,548,2.3302969911891407,1,2.996712446212769,1,1.2616361434244363,"{""type"":""MultiPoint"",""coordinates"":[]}"
2296,278,2.370306699133029,1,0.3646351099014282,1,1.3413064624187938,"{""type"":""MultiPoint"",""coordinates"":[]}"
2297,64,2.1152120923223454,1,0.4195723831653595,1,1.086846054595061,"{""type"":""MultiPoint"",""coordinates"":[]}"
2298,10,3.4596814363673385,1,0.0412842854857444,2,1.5997379254725246,"{""type"":""MultiPoint"",""coordinates"":[]}"
2299,21,2.35375255836849,1,0.0,1,0.9515416028136016,"{""type"":""MultiPoint"",""coordinates"":[]}"
2300,150,1.6891352407622322,0,0.2438894063234329,0,0.7938512304582964,"{""type"":""MultiPoint"",""coordinates"":[]}"
2301,409,2.744700487538522,1,0.3967627286911011,1,1.2419342746927704,"{""type"":""MultiPoint"",""coordinates"":[]}"
2302,8,5.722340724637564,1,0.092751421034336,2,2.3290538090819206,"{""type"":""MultiPoint"",""coordinates"":[]}"
2303,1439,1.5166034428342954,0,11.709539413452148,0,0.7416903968253785,"{""type"":""MultiPoint"",""coordinates"":[]}"
2304,199,2.1976467753790443,0,6.317916870117188,0,1.0667507685924082,"{""type"":""MultiPoint"",""coordinates"":[]}"
2305,184,1.4395333881595826,1,0.3174432516098022,0,0.6826313518906794,"{""type"":""MultiPoint"",""coordinates"":[]}"
2306,864,1.184832638084061,1,3.6914122104644775,0,0.6143459881772335,"{""type"":""MultiPoint"",""coordinates"":[]}"
2307,154,1.9793476899338716,1,0.6833534836769104,0,0.9053155560448372,"{""type"":""MultiPoint"",""coordinates"":[]}"
2308,202,1.7301155022342996,1,0.2625375688076019,0,0.9741252966418664,"{""type"":""MultiPoint"",""coordinates"":[]}"
2309,390,1.7096471638407686,0,1.1882215738296509,0,0.8417001450291085,"{""type"":""MultiPoint"",""coordinates"":[]}"
2310,203,2.191439811367517,1,0.3930993378162384,1,1.2094183106703271,"{""type"":""MultiPoint"",""coordinates"":[]}"
2311,842,1.5353033584540965,1,0.83516526222229,0,0.8950433260978984,"{""type"":""MultiPoint"",""coordinates"":[]}"
2312,42,1.836997822049356,1,0.0869522094726562,0,1.171700113453496,"{""type"":""MultiPoint"",""coordinates"":[]}"
2313,41,2.7142908378038912,1,0.2275070995092392,1,1.2633049572210235,"{""type"":""MultiPoint"",""coordinates"":[]}"
2314,306,1.3743292296940834,1,0.5614769458770752,0,0.6138725909949576,"{""type"":""MultiPoint"",""coordinates"":[]}"
2315,133,2.35607561385497,0,0.7426809072494507,0,0.974184270015035,"{""type"":""MultiPoint"",""coordinates"":[]}"
2316,35,2.2274142495321763,1,0.0657352730631828,1,0.982113353815436,"{""type"":""MultiPoint"",""coordinates"":[]}"
2317,46,2.2224758335435832,1,0.2772765159606933,1,1.007234460645068,"{""type"":""MultiPoint"",""coordinates"":[]}"
2318,40,1.9959453820978368,0,0.0825586393475532,0,1.1523829223607478,"{""type"":""MultiPoint"",""coordinates"":[]}"
2319,5,3.083716871790444,1,0.0650699958205223,2,1.255070566544462,"{""type"":""MultiPoint"",""coordinates"":[]}"
2320,988,0.7751033377425832,0,4.50933837890625,0,0.4504174748577105,"{""type"":""MultiPoint"",""coordinates"":[]}"
2321,83,2.250055273122852,0,0.4759966731071472,0,1.044692166556868,"{""type"":""MultiPoint"",""coordinates"":[]}"
2322,301,0.9216965127803376,1,0.2689670622348785,0,0.5004200450571196,"{""type"":""MultiPoint"",""coordinates"":[]}"
2323,383,1.7487336149306114,1,2.371266841888428,0,0.8469646143432773,"{""type"":""MultiPoint"",""coordinates"":[]}"
2324,361,3.2846530751594294,0,0.5138241648674011,0,1.6578267745207054,"{""type"":""MultiPoint"",""coordinates"":[]}"
2325,228,2.339747726911436,1,0.3326548337936401,1,1.1804976503169164,"{""type"":""MultiPoint"",""coordinates"":[]}"
2326,21,2.608239876981464,1,0.3333514630794525,1,1.0855303638713312,"{""type"":""MultiPoint"",""coordinates"":[]}"
2327,255,2.089213009449145,1,1.808431625366211,1,0.9992824872698736,"{""type"":""MultiPoint"",""coordinates"":[]}"
2328,139,2.2095389772555016,1,5.127808570861816,1,1.1284533465246096,"{""type"":""MultiPoint"",""coordinates"":[]}"
2329,118,2.000542941075095,1,0.2673739790916443,1,1.058241219686175,"{""type"":""MultiPoint"",""coordinates"":[]}"
2330,68,2.527676413538081,1,0.3030538558959961,1,1.269981520811828,"{""type"":""MultiPoint"",""coordinates"":[]}"
2331,324,2.3729240259761477,1,0.3490575850009918,1,1.209537386209789,"{""type"":""MultiPoint"",""coordinates"":[]}"
2332,21,2.507170439164776,0,0.2893725037574768,0,1.0311741677945163,"{""type"":""MultiPoint"",""coordinates"":[]}"
2333,752,1.3094079629475326,0,7.743555545806885,0,0.6230038874788038,"{""type"":""MultiPoint"",""coordinates"":[]}"
2334,13,3.1005231138164606,0,0.238890990614891,0,1.2311030315307854,"{""type"":""MultiPoint"",""coordinates"":[]}"
2335,570,1.7422853558048306,0,4.718345642089844,0,0.9374809213762872,"{""type"":""MultiPoint"",""coordinates"":[]}"
2336,315,2.15096877111277,0,0.105055533349514,0,0.9118119944167808,"{""type"":""MultiPoint"",""coordinates"":[]}"
2337,149,1.7274274656245896,1,0.1786068379878997,0,0.7876577020055245,"{""type"":""MultiPoint"",""coordinates"":[]}"
2338,29,2.3559485023862496,0,0.0825305730104446,0,1.2206651231985404,"{""type"":""MultiPoint"",""coordinates"":[]}"
2339,89,2.404776655621608,1,0.9566648006439208,1,1.2006613426125037,"{""type"":""MultiPoint"",""coordinates"":[]}"
2340,79,1.87595851860114,1,0.3064460456371307,0,0.8863104122158119,"{""type"":""MultiPoint"",""coordinates"":[]}"
2341,79,1.888831775979104,0,0.0928758755326271,0,1.1907699382420682,"{""type"":""MultiPoint"",""coordinates"":[]}"
2342,988,1.052616714656102,0,4.851156234741211,0,0.5156628157226257,"{""type"":""MultiPoint"",""coordinates"":[]}"
2343,382,3.1124446173759326,0,0.4463138580322265,0,1.4599905703486864,"{""type"":""MultiPoint"",""coordinates"":[]}"
2344,114,1.6862434511208249,0,0.3149701356887817,0,1.047083654118848,"{""type"":""MultiPoint"",""coordinates"":[]}"
2345,200,1.072961761141661,1,0.2936992943286896,0,0.480394803299655,"{""type"":""MultiPoint"",""coordinates"":[]}"
2346,260,0.9362105930157784,0,0.2510355114936828,0,0.3691189127299447,"{""type"":""MultiPoint"",""coordinates"":[]}"
2347,151,2.0646243154625803,1,0.2814647555351257,1,1.07382761467884,"{""type"":""MultiPoint"",""coordinates"":[]}"
2348,589,2.872952217517908,0,0.4437988996505737,0,1.4911736759811935,"{""type"":""MultiPoint"",""coordinates"":[]}"
2349,38,2.13841624685957,1,0.0655906498432159,1,1.183964197383948,"{""type"":""MultiPoint"",""coordinates"":[]}"
2350,480,1.7881024689148302,0,0.3528172969818115,0,0.873959084909538,"{""type"":""MultiPoint"",""coordinates"":[]}"
2351,618,1.482526167863226,0,4.618106365203857,0,0.6037996189749274,"{""type"":""MultiPoint"",""coordinates"":[]}"
2352,200,1.9131939355811451,1,0.3490655124187469,0,1.0898861784725191,"{""type"":""MultiPoint"",""coordinates"":[]}"
2353,396,1.933553949436766,0,4.638280391693115,0,1.0217557924938403,"{""type"":""MultiPoint"",""coordinates"":[]}"
2354,377,2.206090649761835,1,0.3778567612171173,1,1.1455857572318906,"{""type"":""MultiPoint"",""coordinates"":[]}"
2355,388,1.976905149751013,1,0.2863652110099792,0,0.9366690160576516,"{""type"":""MultiPoint"",""coordinates"":[]}"
2356,10,3.580573824285928,1,0.1210387274622917,2,1.6109334388838634,"{""type"":""MultiPoint"",""coordinates"":[]}"
2357,5,3.7379147765591294,1,0.0413500964641571,2,1.2828065347923707,"{""type"":""MultiPoint"",""coordinates"":[]}"
2358,285,1.1796632826528304,1,0.5805185437202454,0,0.4997458119264165,"{""type"":""MultiPoint"",""coordinates"":[]}"
2359,75,2.106888459777104,0,0.3522872626781463,0,0.9871084580531642,"{""type"":""MultiPoint"",""coordinates"":[]}"
2360,242,0.8081290910926276,1,0.89891517162323,0,0.4277897792625033,"{""type"":""MultiPoint"",""coordinates"":[]}"
2361,22,2.1669869154937227,0,0.3322608172893524,0,0.9713429299621524,"{""type"":""MultiPoint"",""coordinates"":[]}"
2362,212,2.515996820424739,0,0.5941606760025024,0,1.306135334308581,"{""type"":""MultiPoint"",""coordinates"":[]}"
2363,631,1.1692875827468951,0,4.363804340362549,0,0.6550318418977333,"{""type"":""MultiPoint"",""coordinates"":[]}"
2364,13,2.5005390416487407,1,0.0590549446642398,1,1.0269418407305848,"{""type"":""MultiPoint"",""coordinates"":[]}"
2365,61,1.6768184449513204,1,0.1455357074737548,0,0.7365384026839878,"{""type"":""MultiPoint"",""coordinates"":[]}"
2366,245,1.562516013942547,1,5.818063735961914,0,0.8648833806098261,"{""type"":""MultiPoint"",""coordinates"":[]}"
2367,364,1.0388211961043652,1,0.7550339102745056,0,0.4065988465440306,"{""type"":""MultiPoint"",""coordinates"":[]}"
2368,67,1.9057245565720704,0,0.4051283895969391,0,0.9637902449515072,"{""type"":""MultiPoint"",""coordinates"":[]}"
2369,401,2.09141092600366,0,4.292025089263916,0,1.190310825613172,"{""type"":""MultiPoint"",""coordinates"":[]}"
2370,317,1.5999802373158851,1,2.79338002204895,0,0.6918957457357058,"{""type"":""MultiPoint"",""coordinates"":[]}"
2371,225,1.879739784305661,0,4.859476089477539,0,0.9877815809843168,"{""type"":""MultiPoint"",""coordinates"":[]}"
2372,629,2.5248788889691616,1,0.5225429534912109,1,1.36306435557141,"{""type"":""MultiPoint"",""coordinates"":[]}"
2373,424,1.7283516968382964,1,0.2958316802978515,0,0.8029899563559552,"{""type"":""MultiPoint"",""coordinates"":[]}"
2374,38,1.836997822049356,0,0.0588376633822917,0,1.171700113453496,"{""type"":""MultiPoint"",""coordinates"":[]}"
2375,79,2.002886541634349,1,0.3307755887508392,1,0.9304254013966669,"{""type"":""MultiPoint"",""coordinates"":[]}"
2376,94,1.957760820174261,0,0.235260471701622,0,0.9972201819342476,"{""type"":""MultiPoint"",""coordinates"":[]}"
2377,830,1.5997842258630586,0,11.470261573791504,0,0.6465191223637886,"{""type"":""MultiPoint"",""coordinates"":[]}"
2378,106,2.098639499456835,0,1.54443621635437,0,1.0490053657322007,"{""type"":""MultiPoint"",""coordinates"":[]}"
2379,289,2.4553764557632203,0,0.3876212835311889,0,1.3516316737797605,"{""type"":""MultiPoint"",""coordinates"":[]}"
2380,29,2.608239876981464,1,0.2105040848255157,1,1.0855303638713312,"{""type"":""MultiPoint"",""coordinates"":[]}"
2381,156,1.8495376579439664,1,0.0890703052282333,0,0.939099588855634,"{""type"":""MultiPoint"",""coordinates"":[]}"
2382,53,1.970116464993072,1,0.1480970531702041,0,0.9281518152425076,"{""type"":""MultiPoint"",""coordinates"":[]}"
2383,411,1.7487336149306114,0,2.8382561206817627,0,0.8469646143432773,"{""type"":""MultiPoint"",""coordinates"":[]}"
2384,2,3.7379147765591294,0,0.0289840884506702,0,1.2828065347923707,"{""type"":""MultiPoint"",""coordinates"":[]}"
2385,329,1.7201416414556538,0,10.532063484191896,0,0.7339289597706087,"{""type"":""MultiPoint"",""coordinates"":[]}"
2386,173,1.5341757776256593,1,0.2901343405246734,0,0.6019675055174827,"{""type"":""MultiPoint"",""coordinates"":[]}"
2387,59,1.923451656536672,0,0.2685338258743286,0,0.8998809046874864,"{""type"":""MultiPoint"",""coordinates"":[]}"
2388,428,1.490243160746712,0,3.0520617961883545,0,0.5829310548124843,"{""type"":""MultiPoint"",""coordinates"":[]}"
2389,7,3.077515821389961,0,0.2100347280502319,0,1.2225688543215385,"{""type"":""MultiPoint"",""coordinates"":[]}"
2390,460,1.3610831265959618,0,9.49905776977539,0,0.7311885229780462,"{""type"":""MultiPoint"",""coordinates"":[]}"
2391,46,2.409775922076211,1,0.2281235754489898,1,1.1356661307112317,"{""type"":""MultiPoint"",""coordinates"":[]}"
2392,509,1.7097419684045287,1,1.3276044130325315,0,0.7808814657214053,"{""type"":""MultiPoint"",""coordinates"":[]}"
2393,294,1.331253402555589,1,0.936655580997467,0,0.5482023181233213,"{""type"":""MultiPoint"",""coordinates"":[]}"
2394,7,3.077515821389961,0,0.1479362249374389,0,1.2225688543215385,"{""type"":""MultiPoint"",""coordinates"":[]}"
2395,406,1.8107561549564184,0,1.9636369943618772,0,0.9005426607522945,"{""type"":""MultiPoint"",""coordinates"":[]}"
2396,63,2.4065181092234385,1,0.2997598946094513,1,1.1445074922349985,"{""type"":""MultiPoint"",""coordinates"":[]}"
2397,126,2.3744881954145782,0,0.4353418350219726,0,1.3433675534109326,"{""type"":""MultiPoint"",""coordinates"":[]}"
2398,691,1.1764139391825288,0,10.579851150512695,0,0.5773902150109429,"{""type"":""MultiPoint"",""coordinates"":[]}"
2399,273,2.370306699133029,1,0.3553011417388916,1,1.3413064624187938,"{""type"":""MultiPoint"",""coordinates"":[]}"
2400,112,1.957760820174261,0,0.5177820324897766,0,0.9972201819342476,"{""type"":""MultiPoint"",""coordinates"":[]}"
2401,100,2.0128422229215146,1,0.1720942109823227,1,0.9795304925095526,"{""type"":""MultiPoint"",""coordinates"":[]}"
2402,516,2.5009830957196386,1,0.4197622239589691,1,1.3539433120527693,"{""type"":""MultiPoint"",""coordinates"":[]}"
2403,139,1.9523964503169269,1,0.451515644788742,0,0.9042044154565928,"{""type"":""MultiPoint"",""coordinates"":[]}"
2404,892,0.590388433363468,0,5.539507389068604,0,0.3109971947518116,"{""type"":""MultiPoint"",""coordinates"":[]}"
2405,30,1.9936513517306025,0,0.1879218071699142,0,0.9330435730478652,"{""type"":""MultiPoint"",""coordinates"":[]}"
2406,178,1.5618307018856463,0,0.35600745677948,0,0.6203635870903331,"{""type"":""MultiPoint"",""coordinates"":[]}"
2407,259,1.0882707665458964,1,0.3949359953403473,0,0.4820544104404801,"{""type"":""MultiPoint"",""coordinates"":[]}"
2408,520,2.2626477521000283,1,2.978235483169556,1,1.2003657769798153,"{""type"":""MultiPoint"",""coordinates"":[]}"
2409,115,2.0255595874405965,1,0.1462671607732772,1,1.0038241369000604,"{""type"":""MultiPoint"",""coordinates"":[]}"
2410,746,1.0502422247688274,0,2.2366456985473637,0,0.6202176927058112,"{""type"":""MultiPoint"",""coordinates"":[]}"
2411,527,1.7412202643767638,0,5.485238075256348,0,0.8546027500630381,"{""type"":""MultiPoint"",""coordinates"":[]}"
2412,161,2.410230825411627,0,0.504909098148346,0,1.369310897767613,"{""type"":""MultiPoint"",""coordinates"":[]}"
2413,70,4.086440575958583,0,3.741574287414551,0,1.6292135624461035,"{""type"":""MultiPoint"",""coordinates"":[]}"
2414,91,1.8680290226720828,0,0.2423707991838455,0,1.190999734828575,"{""type"":""MultiPoint"",""coordinates"":[]}"
2415,567,1.719611745092309,0,1.6158288717269895,0,0.8733997622288261,"{""type"":""MultiPoint"",""coordinates"":[]}"
2417,99,2.266137948941157,1,0.195102110505104,1,1.0772105545849473,"{""type"":""MultiPoint"",""coordinates"":[]}"
2418,282,0.7141998268699804,1,0.5136876702308655,0,0.3711914690049633,"{""type"":""MultiPoint"",""coordinates"":[]}"
2419,429,1.9474103576336348,1,0.6264957189559937,0,0.977167471922742,"{""type"":""MultiPoint"",""coordinates"":[]}"
2420,293,1.960924505340819,1,0.2980479300022125,0,1.1233080380977305,"{""type"":""MultiPoint"",""coordinates"":[]}"
2421,362,0.8765846592133175,0,8.182785987854004,0,0.429234616360076,"{""type"":""MultiPoint"",""coordinates"":[]}"
2422,334,1.0440454783265345,1,0.2711443901062011,0,0.5348155305878518,"{""type"":""MultiPoint"",""coordinates"":[]}"
2423,238,1.2199809799003871,0,0.9856524467468262,0,0.6093934360772675,"{""type"":""MultiPoint"",""coordinates"":[]}"
2424,789,0.8866194415176893,0,3.595911026000977,0,0.4532179026400169,"{""type"":""MultiPoint"",""coordinates"":[]}"
2425,123,2.065330221589885,1,0.2398227006196975,1,1.0547592643887251,"{""type"":""MultiPoint"",""coordinates"":[]}"
2426,26,2.156109069860447,1,0.0587845742702484,1,1.1896924408759053,"{""type"":""MultiPoint"",""coordinates"":[]}"
2427,173,1.423767433349142,0,0.6695857644081116,0,0.8663723721254595,"{""type"":""MultiPoint"",""coordinates"":[]}"
2428,97,2.398627923678175,1,0.2957908511161804,1,1.1942120947329484,"{""type"":""MultiPoint"",""coordinates"":[]}"
2429,67,2.993705832068715,1,0.1948580741882324,1,1.1834967747592036,"{""type"":""MultiPoint"",""coordinates"":[]}"
2430,132,2.410230825411627,1,0.3309042155742645,1,1.369310897767613,"{""type"":""MultiPoint"",""coordinates"":[]}"
2431,241,1.257775838898059,1,0.8474317193031311,0,0.565521217998297,"{""type"":""MultiPoint"",""coordinates"":[]}"
2432,28,2.2853544541254798,0,0.0,0,1.031258530807923,"{""type"":""MultiPoint"",""coordinates"":[]}"
2433,195,2.7328411087425435,1,0.5414172410964966,1,1.5448706784026265,"{""type"":""MultiPoint"",""coordinates"":[]}"
2434,58,1.9068042229903783,1,0.1299198269844055,0,0.8290586482149802,"{""type"":""MultiPoint"",""coordinates"":[]}"
2435,993,2.558798585247073,1,1.2038984298706057,1,1.282320038157156,"{""type"":""MultiPoint"",""coordinates"":[]}"
2436,1033,1.4209160745325276,0,14.167280197143556,0,0.7245326618784717,"{""type"":""MultiPoint"",""coordinates"":[]}"
2437,36,2.3374690486380656,1,0.0413618497550487,1,1.07999561607684,"{""type"":""MultiPoint"",""coordinates"":[]}"
2438,54,2.2303287724879777,1,0.3509421646595001,1,1.109310912587507,"{""type"":""MultiPoint"",""coordinates"":[]}"
2439,78,1.671205173157251,1,0.3188217282295227,0,0.7080971209804702,"{""type"":""MultiPoint"",""coordinates"":[]}"
2440,380,1.4615545740439078,1,0.4226284623146057,0,0.7837795532167808,"{""type"":""MultiPoint"",""coordinates"":[]}"
2441,1636,1.4114661963324366,0,7.752878665924072,0,0.6539931904381716,"{""type"":""MultiPoint"",""coordinates"":[]}"
2442,102,2.0859450276861926,1,0.3117074072360992,1,1.0420993842586066,"{""type"":""MultiPoint"",""coordinates"":[]}"
2443,36,2.168269914880928,1,0.1704945564270019,1,1.0611779354863704,"{""type"":""MultiPoint"",""coordinates"":[]}"
2444,48,1.896093817163664,1,0.1479133516550064,0,0.9042637616116588,"{""type"":""MultiPoint"",""coordinates"":[]}"
2445,97,1.7056410902921253,1,0.1212386563420295,0,1.144282281909932,"{""type"":""MultiPoint"",""coordinates"":[]}"
2446,867,2.9389729516091823,1,0.5069248676300049,1,1.4703900287185852,"{""type"":""MultiPoint"",""coordinates"":[]}"
2447,71,1.948628699252423,1,0.7447037696838379,0,0.916229924324172,"{""type"":""MultiPoint"",""coordinates"":[]}"
2448,64,2.0230092821312216,1,0.2690020799636841,1,1.1162361341731648,"{""type"":""MultiPoint"",""coordinates"":[]}"
2449,1187,1.2376057899625017,0,17.75065040588379,0,0.574073298716852,"{""type"":""MultiPoint"",""coordinates"":[]}"
2450,400,2.137501126267872,0,1.4792256355285645,0,1.187743891442212,"{""type"":""MultiPoint"",""coordinates"":[]}"
2451,667,1.6877174799546553,0,4.343597412109375,0,0.9173964656875736,"{""type"":""MultiPoint"",""coordinates"":[]}"
2452,803,1.960924505340819,0,6.468629360198975,0,1.1233080380977305,"{""type"":""MultiPoint"",""coordinates"":[]}"
2453,24,2.76623344880158,0,0.0869522094726562,0,1.3563923054914993,"{""type"":""MultiPoint"",""coordinates"":[]}"
2454,11,3.9036553973671415,1,0.0293254908174276,2,1.6680391814352724,"{""type"":""MultiPoint"",""coordinates"":[]}"
2455,153,1.9523964503169269,0,0.2913397550582886,0,0.9042044154565928,"{""type"":""MultiPoint"",""coordinates"":[]}"
2456,23,3.9859106545231486,1,0.222684159874916,2,1.823745154639664,"{""type"":""MultiPoint"",""coordinates"":[]}"
2457,25,2.188557917028646,1,0.2691692411899566,1,0.9156217348593348,"{""type"":""MultiPoint"",""coordinates"":[]}"
2458,18,2.225031173716224,0,0.2625293731689453,0,0.9632845016025096,"{""type"":""MultiPoint"",""coordinates"":[]}"
2459,25,2.524470492473766,1,0.0412547588348388,1,1.2679466072646317,"{""type"":""MultiPoint"",""coordinates"":[]}"
2460,246,1.257775838898059,1,0.349059909582138,0,0.565521217998297,"{""type"":""MultiPoint"",""coordinates"":[]}"
2461,341,1.2235938679318397,0,0.6928210854530334,0,0.5155826355207517,"{""type"":""MultiPoint"",""coordinates"":[]}"
2462,468,1.5729592329858646,0,4.860757350921631,0,0.8107232565827517,"{""type"":""MultiPoint"",""coordinates"":[]}"
2463,194,1.3682686089587384,1,0.3154813945293426,0,0.6477416253433287,"{""type"":""MultiPoint"",""coordinates"":[]}"
2464,668,1.0270460504474794,0,8.780174255371094,0,0.490472908574674,"{""type"":""MultiPoint"",""coordinates"":[]}"
2465,312,2.083155002841365,0,0.5611870288848877,0,1.052664372666994,"{""type"":""MultiPoint"",""coordinates"":[]}"
2466,319,2.301479268726176,1,0.1653731018304824,1,1.308828832219462,"{""type"":""MultiPoint"",""coordinates"":[]}"
2467,256,2.1295767238679297,1,0.2739956378936767,1,1.165838166560741,"{""type"":""MultiPoint"",""coordinates"":[]}"
2468,268,1.512944607894037,1,2.716823101043701,0,0.7175070658180872,"{""type"":""MultiPoint"",""coordinates"":[]}"
2469,820,1.741749839543677,0,7.379384994506836,0,0.8292319922589695,"{""type"":""MultiPoint"",""coordinates"":[]}"
2470,283,1.3221929349466883,0,0.4647041261196136,0,0.5440395214341774,"{""type"":""MultiPoint"",""coordinates"":[]}"
2471,40,2.079126024103008,1,0.2082995027303695,1,0.9596526141372124,"{""type"":""MultiPoint"",""coordinates"":[]}"
2472,1069,1.7427547596147346,0,6.502406120300293,0,0.7715009046774661,"{""type"":""MultiPoint"",""coordinates"":[]}"
2473,81,2.527676413538081,0,0.2674455344676971,0,1.269981520811828,"{""type"":""MultiPoint"",""coordinates"":[]}"
2474,7,3.5753054358053387,1,0.0289840884506702,2,1.2671349153320193,"{""type"":""MultiPoint"",""coordinates"":[]}"
2475,188,1.6194902752875973,1,0.7771148681640625,0,0.8149450699215998,"{""type"":""MultiPoint"",""coordinates"":[]}"
2476,478,1.9656365647774112,1,3.628572940826416,0,1.012690055534784,"{""type"":""MultiPoint"",""coordinates"":[]}"
2477,40,2.2975418379344577,1,0.0289840884506702,1,1.0438341684094354,"{""type"":""MultiPoint"",""coordinates"":[]}"
2478,33,2.278866217228426,1,0.0587586797773838,1,1.2294660124340169,"{""type"":""MultiPoint"",""coordinates"":[]}"
2479,10,3.400399477243745,1,0.0413593612611293,2,1.254855804442809,"{""type"":""MultiPoint"",""coordinates"":[]}"
2480,145,1.8525295889397095,1,0.1299571841955185,0,0.8749580024208224,"{""type"":""MultiPoint"",""coordinates"":[]}"
2481,256,1.9185159134624088,1,0.4761199355125427,0,1.032694097087041,"{""type"":""MultiPoint"",""coordinates"":[]}"
2482,85,2.4371559329601764,1,0.2897158563137054,1,1.203936654710691,"{""type"":""MultiPoint"",""coordinates"":[]}"
2483,120,2.098639499456835,0,3.3804187774658203,0,1.0490053657322007,"{""type"":""MultiPoint"",""coordinates"":[]}"
2484,28,2.630827559701042,1,0.1324402838945388,1,1.143407009152817,"{""type"":""MultiPoint"",""coordinates"":[]}"
2485,120,2.1177637662321422,1,0.3592163026332855,1,0.9686937653613796,"{""type"":""MultiPoint"",""coordinates"":[]}"
2486,32,3.9859106545231486,0,0.3561464846134186,0,1.823745154639664,"{""type"":""MultiPoint"",""coordinates"":[]}"
2487,466,1.7418197882446225,1,1.6533353328704834,0,0.7444466933926196,"{""type"":""MultiPoint"",""coordinates"":[]}"
2488,324,2.7522984475725547,0,0.2050268352031707,0,1.4267621157173778,"{""type"":""MultiPoint"",""coordinates"":[]}"
2489,96,2.414083801071938,1,0.3340705037117004,1,1.1158105049311589,"{""type"":""MultiPoint"",""coordinates"":[]}"
2490,347,1.9914137457441532,1,0.1052401214838028,0,1.074545420459625,"{""type"":""MultiPoint"",""coordinates"":[]}"
2491,342,1.3610831265959618,0,4.452171802520752,0,0.7311885229780462,"{""type"":""MultiPoint"",""coordinates"":[]}"
2492,474,1.7011457482924832,0,3.6175148487091056,0,0.8928892864479229,"{""type"":""MultiPoint"",""coordinates"":[]}"
2493,112,1.829148040518037,1,0.3431009352207184,0,0.8530475995289215,"{""type"":""MultiPoint"",""coordinates"":[]}"
2494,36,2.2975418379344577,1,0.1240574941039085,1,1.0438341684094354,"{""type"":""MultiPoint"",""coordinates"":[]}"
2495,74,2.006353186311157,1,0.1479393988847732,1,0.9599946423234004,"{""type"":""MultiPoint"",""coordinates"":[]}"
2496,411,1.5999802373158851,0,0.3874474167823791,0,0.6918957457357058,"{""type"":""MultiPoint"",""coordinates"":[]}"
2497,112,2.266137948941157,1,0.3073657751083374,1,1.0772105545849473,"{""type"":""MultiPoint"",""coordinates"":[]}"
2498,182,2.0302586010735446,0,1.5716227293014526,0,1.1256049171339957,"{""type"":""MultiPoint"",""coordinates"":[]}"
2499,52,2.4863289421819954,1,0.1564839035272598,1,1.212644654071403,"{""type"":""MultiPoint"",""coordinates"":[]}"
2500,123,2.0537491532827814,1,0.1660771965980529,1,1.0279110750382665,"{""type"":""MultiPoint"",""coordinates"":[]}"
2501,523,1.587057277825116,0,11.22396183013916,0,0.7206624113184849,"{""type"":""MultiPoint"",""coordinates"":[]}"
2502,29,2.620374190992841,1,0.1873989105224609,1,1.0791386960071123,"{""type"":""MultiPoint"",""coordinates"":[]}"
2503,205,2.1090073093189075,1,0.4374386370182037,1,1.003478902432761,"{""type"":""MultiPoint"",""coordinates"":[]}"
2504,111,2.4787040111562715,1,0.3399790525436401,1,1.2639192507245676,"{""type"":""MultiPoint"",""coordinates"":[]}"
2505,106,2.0716556248041917,0,0.1053449884057045,0,1.0164784432786105,"{""type"":""MultiPoint"",""coordinates"":[]}"
2506,307,1.5729592329858646,0,1.6328496932983398,0,0.8107232565827517,"{""type"":""MultiPoint"",""coordinates"":[]}"
2507,365,2.2046535180537106,1,1.3411425352096558,1,1.1319046333744505,"{""type"":""MultiPoint"",""coordinates"":[]}"
2508,19,3.2100057863145253,1,0.0917571634054184,2,1.361939925327554,"{""type"":""MultiPoint"",""coordinates"":[]}"
2509,105,2.3499711364729285,1,0.3176693320274353,1,1.1051052145079994,"{""type"":""MultiPoint"",""coordinates"":[]}"
2510,865,2.579168365945901,1,0.9609830379486084,1,1.3335601071313046,"{""type"":""MultiPoint"",""coordinates"":[]}"
2512,10,3.580573824285928,0,0.1299719363451004,0,1.6109334388838634,"{""type"":""MultiPoint"",""coordinates"":[]}"
2513,3,3.0098895063241966,0,0.2393384128808975,0,1.1887415501652376,"{""type"":""MultiPoint"",""coordinates"":[]}"
2514,270,0.8903994285218789,1,0.413488894701004,0,0.3962414861549275,"{""type"":""MultiPoint"",""coordinates"":[]}"
2515,189,1.063505955979872,0,0.578356146812439,0,0.5416701865291405,"{""type"":""MultiPoint"",""coordinates"":[]}"
2516,708,1.296707198084598,0,10.82650375366211,0,0.7277935851671943,"{""type"":""MultiPoint"",""coordinates"":[]}"
2517,293,1.0497370427767343,1,0.5341722369194031,0,0.4475999928184658,"{""type"":""MultiPoint"",""coordinates"":[]}"
2518,210,2.263068735366578,0,0.5837283730506897,0,1.2676707622517331,"{""type"":""MultiPoint"",""coordinates"":[]}"
2519,108,2.446447544896265,1,0.347804844379425,1,1.1792967607189917,"{""type"":""MultiPoint"",""coordinates"":[]}"
2520,313,1.2554156529452372,0,1.738763451576233,0,0.5395973305627823,"{""type"":""MultiPoint"",""coordinates"":[]}"
2521,22,2.3098809182319866,1,0.2792432010173797,1,0.9144714779010386,"{""type"":""MultiPoint"",""coordinates"":[]}"
2522,104,2.037569072579508,1,0.1053142547607421,1,0.9934795659369744,"{""type"":""MultiPoint"",""coordinates"":[]}"
2523,64,2.448507668223113,1,0.1695589572191238,1,1.2073871069976148,"{""type"":""MultiPoint"",""coordinates"":[]}"
2524,108,1.758649941338315,1,0.3341425061225891,0,0.7713226877654048,"{""type"":""MultiPoint"",""coordinates"":[]}"
2525,327,1.5999802373158851,0,0.7537203431129456,0,0.6918957457357058,"{""type"":""MultiPoint"",""coordinates"":[]}"
2526,123,2.599377400124714,1,0.1050825417041778,1,1.3079571782420456,"{""type"":""MultiPoint"",""coordinates"":[]}"
2527,189,2.4964881377029213,0,3.638572931289673,0,1.2527675946769083,"{""type"":""MultiPoint"",""coordinates"":[]}"
2528,412,1.26222354402996,0,13.22950267791748,0,0.5621628062649789,"{""type"":""MultiPoint"",""coordinates"":[]}"
2529,50,2.028554713421638,1,0.0414062142372131,1,0.9418939605590472,"{""type"":""MultiPoint"",""coordinates"":[]}"
2530,32,4.4205533808736766,1,0.1236281841993331,2,1.7358224011571812,"{""type"":""MultiPoint"",""coordinates"":[]}"
2531,853,2.965334377577373,1,0.8960628509521484,1,1.5190221709253364,"{""type"":""MultiPoint"",""coordinates"":[]}"
2532,127,2.257675416646365,0,0.3519469201564789,0,1.2849880021561613,"{""type"":""MultiPoint"",""coordinates"":[]}"
2533,158,1.9654001816491795,0,0.7023654580116272,0,1.07878139791955,"{""type"":""MultiPoint"",""coordinates"":[]}"
2534,1187,1.2376057899625017,0,17.75065040588379,0,0.574073298716852,"{""type"":""MultiPoint"",""coordinates"":[]}"
2535,448,2.09141092600366,0,2.8570480346679688,0,1.190310825613172,"{""type"":""MultiPoint"",""coordinates"":[]}"
2536,129,1.5042219525369624,1,0.1457223743200302,0,0.9539971399024844,"{""type"":""MultiPoint"",""coordinates"":[]}"
2537,315,1.904996530806268,1,0.2112794071435928,0,1.089877800166242,"{""type"":""MultiPoint"",""coordinates"":[]}"
2538,498,1.7717244920737516,1,0.4962693750858307,0,0.8508001127958511,"{""type"":""MultiPoint"",""coordinates"":[]}"
2539,288,1.3979727253956495,0,0.2958209216594696,0,0.5824297727968549,"{""type"":""MultiPoint"",""coordinates"":[]}"
2540,428,1.14861813411308,1,0.8739203810691833,0,0.6083761604690234,"{""type"":""MultiPoint"",""coordinates"":[]}"
2541,669,1.1985492874369263,0,5.4419450759887695,0,0.6538320879479183,"{""type"":""MultiPoint"",""coordinates"":[]}"
2542,343,3.003856724470759,1,0.3727993369102478,2,1.6064816529214705,"{""type"":""MultiPoint"",""coordinates"":[]}"
2543,123,2.023783490205445,1,0.2055446803569793,1,0.9706077907976944,"{""type"":""MultiPoint"",""coordinates"":[]}"
2544,508,0.6239959494871417,0,11.427698135375977,0,0.2403351964390008,"{""type"":""MultiPoint"",""coordinates"":[]}"
2545,41,4.200403303363268,0,0.8885230422019958,0,1.5678915878089972,"{""type"":""MultiPoint"",""coordinates"":[]}"
2546,142,1.8023968247437585,1,0.1159362122416496,0,0.768915950055204,"{""type"":""MultiPoint"",""coordinates"":[]}"
2547,929,1.8629461779653755,0,2.3292806148529053,0,0.9873992866620458,"{""type"":""MultiPoint"",""coordinates"":[]}"
2548,96,1.904223198361357,0,0.2688245773315429,0,0.9639135600518648,"{""type"":""MultiPoint"",""coordinates"":[]}"
2549,12,5.722340724637564,0,0.1949544548988342,0,2.3290538090819206,"{""type"":""MultiPoint"",""coordinates"":[]}"
2550,94,2.0859450276861926,1,0.5388762354850769,1,1.0420993842586066,"{""type"":""MultiPoint"",""coordinates"":[]}"
2551,496,2.39063751708585,1,0.6706341505050659,1,1.3122425698391087,"{""type"":""MultiPoint"",""coordinates"":[]}"
2552,41,4.07086929441581,0,0.4587839841842651,0,1.7377325559458956,"{""type"":""MultiPoint"",""coordinates"":[]}"
2553,25,2.524470492473766,1,0.0654783472418785,1,1.2679466072646317,"{""type"":""MultiPoint"",""coordinates"":[]}"
2554,125,1.5596914185035582,0,0.0650070384144783,0,0.9472280679848272,"{""type"":""MultiPoint"",""coordinates"":[]}"
2555,23,2.9287861359738283,0,0.1054921820759773,0,1.4088050571044974,"{""type"":""MultiPoint"",""coordinates"":[]}"
2556,313,2.7522984475725547,1,0.1466965228319168,1,1.4267621157173778,"{""type"":""MultiPoint"",""coordinates"":[]}"
2557,93,2.4138560221977032,1,0.3328417539596557,1,1.1514869986583305,"{""type"":""MultiPoint"",""coordinates"":[]}"
2558,15,2.3236957165140293,1,0.0827161893248558,1,0.9614417544338149,"{""type"":""MultiPoint"",""coordinates"":[]}"
2559,11,3.270920647136681,0,0.2132583260536193,0,1.4302298705784455,"{""type"":""MultiPoint"",""coordinates"":[]}"
2560,278,1.9338413518101345,0,0.2641289234161377,0,1.1166382858759014,"{""type"":""MultiPoint"",""coordinates"":[]}"
2561,895,1.651223712674906,0,16.834701538085938,0,0.7727290307275118,"{""type"":""MultiPoint"",""coordinates"":[]}"
2562,220,2.1976467753790443,0,6.967771530151367,0,1.0667507685924082,"{""type"":""MultiPoint"",""coordinates"":[]}"
2563,93,1.8712271396112707,0,0.2373841851949691,0,1.040123040057489,"{""type"":""MultiPoint"",""coordinates"":[]}"
2564,110,2.0716556248041917,1,0.122423879802227,1,1.0164784432786105,"{""type"":""MultiPoint"",""coordinates"":[]}"
2565,558,0.9502485108094212,1,2.786015748977661,0,0.5160339438735938,"{""type"":""MultiPoint"",""coordinates"":[]}"
2566,166,1.8993703875191728,1,0.5834242105484009,0,0.9642304681687548,"{""type"":""MultiPoint"",""coordinates"":[]}"
2567,207,1.3233415901636938,1,0.4876909852027893,0,0.6085599989712202,"{""type"":""MultiPoint"",""coordinates"":[]}"
2568,206,2.559478692729965,1,0.4674723446369171,1,1.4097191977036696,"{""type"":""MultiPoint"",""coordinates"":[]}"
2569,324,2.359339829239384,1,0.5995522737503052,1,0.985266440719838,"{""type"":""MultiPoint"",""coordinates"":[]}"
2570,60,2.5009143160347893,0,0.0931407660245895,0,1.216882312279236,"{""type"":""MultiPoint"",""coordinates"":[]}"
2571,124,1.6315029477766607,0,0.1470269858837127,0,0.8129547165058789,"{""type"":""MultiPoint"",""coordinates"":[]}"
2572,26,2.3559485023862496,0,0.0579681657254695,0,1.2206651231985404,"{""type"":""MultiPoint"",""coordinates"":[]}"
2573,304,0.9216965127803376,1,0.3820406198501587,0,0.5004200450571196,"{""type"":""MultiPoint"",""coordinates"":[]}"
2574,113,2.0255595874405965,1,0.2216218560934066,1,1.0038241369000604,"{""type"":""MultiPoint"",""coordinates"":[]}"
2575,151,2.1039365485968675,1,0.3607332408428192,1,1.1071219338946456,"{""type"":""MultiPoint"",""coordinates"":[]}"
2576,19,3.3469782978874507,1,0.239359050989151,2,1.3043208803266186,"{""type"":""MultiPoint"",""coordinates"":[]}"
2577,397,1.765007587744692,0,10.634088516235352,0,0.7215490503219946,"{""type"":""MultiPoint"",""coordinates"":[]}"
2578,8,4.8860301494567135,0,0.0294745359569787,0,1.6628245961512476,"{""type"":""MultiPoint"",""coordinates"":[]}"
2579,352,1.9914137457441532,1,0.4743074178695678,0,1.074545420459625,"{""type"":""MultiPoint"",""coordinates"":[]}"
2580,503,1.7097419684045287,0,7.263935565948486,0,0.7808814657214053,"{""type"":""MultiPoint"",""coordinates"":[]}"
2581,16,2.075809488385063,1,0.1505836248397827,1,0.9229136229329722,"{""type"":""MultiPoint"",""coordinates"":[]}"
2582,59,2.407334671356267,1,0.2617157399654388,1,1.143364207617077,"{""type"":""MultiPoint"",""coordinates"":[]}"
2583,594,0.3051108396630596,0,11.846261024475098,0,0.179258296811627,"{""type"":""MultiPoint"",""coordinates"":[]}"
2584,336,2.213739715814732,0,13.482141494750977,0,1.2211441592137058,"{""type"":""MultiPoint"",""coordinates"":[]}"
2585,21,2.608658795894262,1,0.0825852006673812,1,1.3037854298701947,"{""type"":""MultiPoint"",""coordinates"":[]}"
2586,1530,1.7427547596147346,0,19.72640037536621,0,0.7715009046774661,"{""type"":""MultiPoint"",""coordinates"":[]}"
2587,18,4.620090226329101,1,0.5110951662063599,2,1.7112054360171896,"{""type"":""MultiPoint"",""coordinates"":[]}"
2588,109,1.948794607732201,0,0.3583591282367706,0,1.015261189608036,"{""type"":""MultiPoint"",""coordinates"":[]}"
2589,395,2.371907096577128,0,0.2484202980995178,0,1.2900040641818082,"{""type"":""MultiPoint"",""coordinates"":[]}"
2590,10,3.3510432143396542,0,0.0657572150230407,0,1.263107259836128,"{""type"":""MultiPoint"",""coordinates"":[]}"
2591,199,1.7301155022342996,1,0.2374462634325027,0,0.9741252966418664,"{""type"":""MultiPoint"",""coordinates"":[]}"
2592,88,2.0710265916535144,1,0.1856141686439514,1,1.0777543068198692,"{""type"":""MultiPoint"",""coordinates"":[]}"
2593,191,1.497130263435558,1,0.3904392421245575,0,0.7562579700868141,"{""type"":""MultiPoint"",""coordinates"":[]}"
2594,554,1.1764139391825288,0,1.5166685581207275,0,0.5773902150109429,"{""type"":""MultiPoint"",""coordinates"":[]}"
2595,156,1.8816179748489632,0,0.2370634078979492,0,0.9701628204081012,"{""type"":""MultiPoint"",""coordinates"":[]}"
2596,371,1.2353587881021062,0,0.5216992497444153,0,0.5749028677706802,"{""type"":""MultiPoint"",""coordinates"":[]}"
2597,20,2.2786746007704624,0,0.0,0,1.0098406416461263,"{""type"":""MultiPoint"",""coordinates"":[]}"
2598,95,1.7739569616726325,1,0.1301746517419815,0,0.8477052661408697,"{""type"":""MultiPoint"",""coordinates"":[]}"
2599,1081,1.6154651677710825,0,5.55415153503418,0,0.6853129840286423,"{""type"":""MultiPoint"",""coordinates"":[]}"
2600,23,2.462034616713609,0,0.6383345127105713,0,1.034758313643206,"{""type"":""MultiPoint"",""coordinates"":[]}"
2601,583,2.322381376183638,1,0.5225425958633423,1,1.2499884715203136,"{""type"":""MultiPoint"",""coordinates"":[]}"
2602,14,3.135842213370662,1,0.0412537157535553,2,1.438884866136444,"{""type"":""MultiPoint"",""coordinates"":[]}"
2603,156,1.83267178536043,0,0.2281818091869354,0,0.7968506669046664,"{""type"":""MultiPoint"",""coordinates"":[]}"
2604,77,2.4547741707821373,0,0.1654270738363266,0,1.1904656905993556,"{""type"":""MultiPoint"",""coordinates"":[]}"
2605,1896,1.0926319120850605,1,6.6927666664123535,0,0.5715738573120102,"{""type"":""MultiPoint"",""coordinates"":[]}"
2606,425,1.3137472142588065,0,1.4744867086410522,0,0.6430564853683358,"{""type"":""MultiPoint"",""coordinates"":[]}"
2607,61,2.0382469465213418,1,0.1835701763629913,1,1.1457349451270944,"{""type"":""MultiPoint"",""coordinates"":[]}"
2608,303,2.859379403973136,1,0.6145813465118408,1,1.4981800855094811,"{""type"":""MultiPoint"",""coordinates"":[]}"
2609,5,2.7509368078023853,1,0.0589643232524395,1,0.955261890945505,"{""type"":""MultiPoint"",""coordinates"":[]}"
2610,327,2.859379403973136,0,0.3647527694702148,0,1.4981800855094811,"{""type"":""MultiPoint"",""coordinates"":[]}"
2611,218,2.0277007402700957,0,0.3779525756835937,0,1.193263540696278,"{""type"":""MultiPoint"",""coordinates"":[]}"
2612,449,1.8629461779653755,0,2.0850086212158203,0,0.9873992866620458,"{""type"":""MultiPoint"",""coordinates"":[]}"
2613,106,1.9278790362922764,0,0.2374498695135116,0,1.0028276589671363,"{""type"":""MultiPoint"",""coordinates"":[]}"
2614,156,2.3351429458439164,1,0.464671641588211,1,1.1414121858984314,"{""type"":""MultiPoint"",""coordinates"":[]}"
2615,11,3.9247719866798434,1,0.0654889047145843,2,1.7114350949034516,"{""type"":""MultiPoint"",""coordinates"":[]}"
2616,218,1.178930109454576,0,0.4815241396427154,0,0.5596304794022788,"{""type"":""MultiPoint"",""coordinates"":[]}"
2617,33,2.075809488385063,1,0.2148611545562744,1,0.9229136229329722,"{""type"":""MultiPoint"",""coordinates"":[]}"
2618,336,1.6241315793411708,0,8.144744873046875,0,0.7399554799499065,"{""type"":""MultiPoint"",""coordinates"":[]}"
2619,100,1.710130655388445,1,0.3821462988853454,0,0.7516166767644664,"{""type"":""MultiPoint"",""coordinates"":[]}"
2620,700,0.9729920560587868,0,18.7729549407959,0,0.4679121691226711,"{""type"":""MultiPoint"",""coordinates"":[]}"
2621,39,2.7142908378038912,1,0.1478596925735473,1,1.2633049572210235,"{""type"":""MultiPoint"",""coordinates"":[]}"
2622,287,1.3682686089587384,1,0.4612486362457275,0,0.6477416253433287,"{""type"":""MultiPoint"",""coordinates"":[]}"
2623,527,2.2626477521000283,1,0.4618147909641266,1,1.2003657769798153,"{""type"":""MultiPoint"",""coordinates"":[]}"
2624,32,2.795942643530674,1,0.1467122584581375,1,1.3222583472391365,"{""type"":""MultiPoint"",""coordinates"":[]}"
2625,144,1.505702640229334,1,0.2753780484199524,0,0.7891524934225203,"{""type"":""MultiPoint"",""coordinates"":[]}"
2626,308,1.2235938679318397,1,0.317088782787323,0,0.5155826355207517,"{""type"":""MultiPoint"",""coordinates"":[]}"
2627,92,2.04499288819395,0,0.2337666302919387,0,0.9859365759962356,"{""type"":""MultiPoint"",""coordinates"":[]}"
2628,399,1.14861813411308,0,2.1354682445526123,0,0.6083761604690234,"{""type"":""MultiPoint"",""coordinates"":[]}"
2629,281,1.7782638243715374,0,5.724624156951904,0,0.9420326145580314,"{""type"":""MultiPoint"",""coordinates"":[]}"
2630,161,1.9542075903542773,1,0.1764265298843383,0,1.0237817021256497,"{""type"":""MultiPoint"",""coordinates"":[]}"
2631,325,2.526174079868013,1,0.5651280283927917,1,1.3134674239240225,"{""type"":""MultiPoint"",""coordinates"":[]}"
2632,419,2.150720174524942,1,0.3767030239105224,1,1.1283752173248784,"{""type"":""MultiPoint"",""coordinates"":[]}"
2633,568,2.614649547942069,1,6.002127170562744,1,1.3999183297498423,"{""type"":""MultiPoint"",""coordinates"":[]}"
2634,30,2.344002118188232,0,0.119667999446392,0,1.0385871276031855,"{""type"":""MultiPoint"",""coordinates"":[]}"
2635,355,0.9978458936171164,1,0.5701655745506287,0,0.5069012647792266,"{""type"":""MultiPoint"",""coordinates"":[]}"
2636,32,2.1494848059143785,1,0.0657151490449905,1,0.9395237677766868,"{""type"":""MultiPoint"",""coordinates"":[]}"
2637,80,2.366330988478552,1,0.5077470541000366,1,1.1177784746463713,"{""type"":""MultiPoint"",""coordinates"":[]}"
2638,313,2.301479268726176,1,0.1861629486083984,1,1.308828832219462,"{""type"":""MultiPoint"",""coordinates"":[]}"
2639,346,3.214826133709053,1,0.6258672475814819,2,1.5779176602777578,"{""type"":""MultiPoint"",""coordinates"":[]}"
2640,77,2.106888459777104,1,0.3512141704559326,1,0.9871084580531642,"{""type"":""MultiPoint"",""coordinates"":[]}"
2641,1034,0.7340935300548931,0,2.2175848484039307,0,0.368195421902083,"{""type"":""MultiPoint"",""coordinates"":[]}"
2642,14,4.200403303363268,0,0.320163369178772,0,1.5678915878089972,"{""type"":""MultiPoint"",""coordinates"":[]}"
2643,746,1.0502422247688274,0,8.086139678955078,0,0.6202176927058112,"{""type"":""MultiPoint"",""coordinates"":[]}"
2644,21,2.229462121459919,1,0.2484877109527588,1,0.9624073309961532,"{""type"":""MultiPoint"",""coordinates"":[]}"
2645,74,1.6768184449513204,1,0.3028897941112518,0,0.7365384026839878,"{""type"":""MultiPoint"",""coordinates"":[]}"
2646,3,3.250397918035241,1,0.029644887894392,2,1.2632219777726683,"{""type"":""MultiPoint"",""coordinates"":[]}"
2647,11,3.992333971780062,1,0.1511834114789962,2,1.52090278891521,"{""type"":""MultiPoint"",""coordinates"":[]}"
2648,139,2.2095389772555016,1,5.127808570861816,1,1.1284533465246096,"{""type"":""MultiPoint"",""coordinates"":[]}"
2649,844,2.7691550720859484,1,1.1896106004714966,1,1.4503332782349398,"{""type"":""MultiPoint"",""coordinates"":[]}"
2651,162,1.6683571272743587,1,0.4401691854000091,0,0.8139725383061488,"{""type"":""MultiPoint"",""coordinates"":[]}"
2652,250,1.3941285156725884,0,2.10154390335083,0,0.6539356259678245,"{""type"":""MultiPoint"",""coordinates"":[]}"
2653,761,2.891766927940416,1,0.5197675228118896,1,1.5006790576009856,"{""type"":""MultiPoint"",""coordinates"":[]}"
2654,51,2.0149579718092663,1,0.091785080730915,1,1.147746779894302,"{""type"":""MultiPoint"",""coordinates"":[]}"
2655,24,2.507170439164776,1,0.195066750049591,1,1.0311741677945163,"{""type"":""MultiPoint"",""coordinates"":[]}"
2656,1756,1.013090095151194,0,8.601536750793457,0,0.4554540548014731,"{""type"":""MultiPoint"",""coordinates"":[]}"
2657,143,1.352979784183049,1,0.1456457078456878,0,0.6625343791566205,"{""type"":""MultiPoint"",""coordinates"":[]}"
2658,367,1.3743292296940834,0,0.7390570044517517,0,0.6138725909949576,"{""type"":""MultiPoint"",""coordinates"":[]}"
2659,81,2.250055273122852,0,0.4205392003059387,0,1.044692166556868,"{""type"":""MultiPoint"",""coordinates"":[]}"
2660,297,2.6791914144296918,0,0.737668514251709,0,1.1643397945707716,"{""type"":""MultiPoint"",""coordinates"":[]}"
2661,23,2.608658795894262,1,0.1049803495407104,1,1.3037854298701947,"{""type"":""MultiPoint"",""coordinates"":[]}"
2662,181,1.8348848225587413,1,0.1777687072753906,0,0.9698711085940532,"{""type"":""MultiPoint"",""coordinates"":[]}"
2663,56,2.027329455645628,1,0.0661359429359436,1,0.9530128639881198,"{""type"":""MultiPoint"",""coordinates"":[]}"
2664,34,2.135617035590709,1,0.1303272694349289,1,0.9901842087419594,"{""type"":""MultiPoint"",""coordinates"":[]}"
2665,625,1.6487676788720065,0,1.9065214395523071,0,0.9142142275011496,"{""type"":""MultiPoint"",""coordinates"":[]}"
2666,144,1.068970471870467,1,0.2362176179885864,0,0.6167717581979921,"{""type"":""MultiPoint"",""coordinates"":[]}"
2667,669,1.644613627221271,1,2.967391014099121,0,0.8694260611066856,"{""type"":""MultiPoint"",""coordinates"":[]}"
2668,187,1.6820672920012605,1,0.3080245554447174,0,0.8973120711580305,"{""type"":""MultiPoint"",""coordinates"":[]}"
2669,211,1.6594003732532308,1,0.2958186268806457,0,0.6728735834065964,"{""type"":""MultiPoint"",""coordinates"":[]}"
2671,268,1.1796632826528304,0,1.0195565223693848,0,0.4997458119264165,"{""type"":""MultiPoint"",""coordinates"":[]}"
2672,63,1.6690082623450078,0,0.0929211899638176,0,1.128417530365516,"{""type"":""MultiPoint"",""coordinates"":[]}"
2673,315,1.8372268595330707,0,11.5219144821167,0,0.878225774821369,"{""type"":""MultiPoint"",""coordinates"":[]}"
2674,3,3.7801756705438,0,0.1564462333917617,0,1.2412172756980309,"{""type"":""MultiPoint"",""coordinates"":[]}"
2675,138,2.067233063816988,0,1.6284935474395752,0,0.9225094142404724,"{""type"":""MultiPoint"",""coordinates"":[]}"
2676,346,2.33550694191714,1,4.13845682144165,1,1.2088609681834563,"{""type"":""MultiPoint"",""coordinates"":[]}"
2677,426,1.163699504638066,0,6.111392021179199,0,0.5947266593139773,"{""type"":""MultiPoint"",""coordinates"":[]}"
2678,343,1.425309697528463,1,6.749359607696533,0,0.5297413445983905,"{""type"":""MultiPoint"",""coordinates"":[]}"
2679,26,2.8504518174696742,1,0.2778563499450683,1,1.160358500452734,"{""type"":""MultiPoint"",""coordinates"":[]}"
2680,102,1.7553587522477971,1,0.2103179395198822,0,0.7710815206218904,"{""type"":""MultiPoint"",""coordinates"":[]}"
2681,69,2.2679229004352086,1,0.1456210613250732,1,1.1406975186924555,"{""type"":""MultiPoint"",""coordinates"":[]}"
2682,41,2.066769624228556,1,0.1219752579927444,1,0.9400326133263244,"{""type"":""MultiPoint"",""coordinates"":[]}"
2683,29,2.392218198030502,0,0.0660763829946518,0,1.023101451337869,"{""type"":""MultiPoint"",""coordinates"":[]}"
2684,214,1.6011406661848924,1,0.9041355848312378,0,0.624729932770918,"{""type"":""MultiPoint"",""coordinates"":[]}"
2685,139,2.2112643577076114,0,0.2066888511180877,0,1.0470011492371412,"{""type"":""MultiPoint"",""coordinates"":[]}"
2686,96,1.87595851860114,0,0.2337261289358139,0,0.8863104122158119,"{""type"":""MultiPoint"",""coordinates"":[]}"
2687,18,3.0714209339339598,1,0.0918490216135978,2,1.2700744088207092,"{""type"":""MultiPoint"",""coordinates"":[]}"
2688,87,2.0785784333785915,1,0.1797178983688354,1,0.9611038669959924,"{""type"":""MultiPoint"",""coordinates"":[]}"
2689,393,2.242346549235826,0,0.3674997687339782,0,1.2274409587268864,"{""type"":""MultiPoint"",""coordinates"":[]}"
2690,666,1.013090095151194,0,12.59773063659668,0,0.4554540548014731,"{""type"":""MultiPoint"",""coordinates"":[]}"
2691,95,2.1284576866011413,1,0.4960571527481079,1,1.0754998313439286,"{""type"":""MultiPoint"",""coordinates"":[]}"
2692,227,1.2921279513466042,1,0.4696655869483948,0,0.5625875635163692,"{""type"":""MultiPoint"",""coordinates"":[]}"
2693,296,2.8213341391633557,1,0.5143678188323975,1,1.5317078739402552,"{""type"":""MultiPoint"",""coordinates"":[]}"
2694,45,2.393273019685949,0,0.3027476668357849,0,1.0117611607796793,"{""type"":""MultiPoint"",""coordinates"":[]}"
2695,111,2.2163036601794066,0,0.3490563035011291,0,1.0104542609916265,"{""type"":""MultiPoint"",""coordinates"":[]}"
2696,1712,1.013090095151194,0,3.277787923812866,0,0.4554540548014731,"{""type"":""MultiPoint"",""coordinates"":[]}"
2697,242,1.0724314435870987,1,0.6631699800491333,0,0.4842199447142442,"{""type"":""MultiPoint"",""coordinates"":[]}"
2698,437,1.3733212080216048,0,1.1091413497924805,0,0.5260603576148088,"{""type"":""MultiPoint"",""coordinates"":[]}"
2699,247,2.1090073093189075,0,0.1214150041341781,0,1.003478902432761,"{""type"":""MultiPoint"",""coordinates"":[]}"
2700,98,2.2865196730253947,0,0.4402131140232086,0,1.0712257014689797,"{""type"":""MultiPoint"",""coordinates"":[]}"
2701,313,2.859379403973136,0,0.3813898265361786,0,1.4981800855094811,"{""type"":""MultiPoint"",""coordinates"":[]}"
2702,258,3.2713041894076804,1,0.5606851577758789,2,1.7532951352289554,"{""type"":""MultiPoint"",""coordinates"":[]}"
2703,53,2.363476830350128,1,0.0579681657254695,1,1.045042830767987,"{""type"":""MultiPoint"",""coordinates"":[]}"
2704,816,1.2807510513503757,0,12.649723052978516,0,0.7079550972049465,"{""type"":""MultiPoint"",""coordinates"":[]}"
2705,149,2.709728817887074,1,0.3554753959178924,1,1.479769531880792,"{""type"":""MultiPoint"",""coordinates"":[]}"
2706,772,1.7283516968382964,0,7.348395347595215,0,0.8029899563559552,"{""type"":""MultiPoint"",""coordinates"":[]}"
2707,80,2.458917737060608,1,0.1739040166139602,1,1.1653335929821858,"{""type"":""MultiPoint"",""coordinates"":[]}"
2708,59,3.515080211557886,0,0.0918629616498947,0,1.3654031426659636,"{""type"":""MultiPoint"",""coordinates"":[]}"
2709,211,1.2693967427615442,0,0.6114839315414429,0,0.674146131488558,"{""type"":""MultiPoint"",""coordinates"":[]}"
2710,138,2.410230825411627,0,0.3079375922679901,0,1.369310897767613,"{""type"":""MultiPoint"",""coordinates"":[]}"
2711,96,1.7509034020844143,1,0.3573943376541137,0,1.1841665867878144,"{""type"":""MultiPoint"",""coordinates"":[]}"
2712,320,3.003856724470759,0,0.7558531761169434,0,1.6064816529214705,"{""type"":""MultiPoint"",""coordinates"":[]}"
2713,438,1.751044154817072,0,9.8220853805542,0,0.9325950072808764,"{""type"":""MultiPoint"",""coordinates"":[]}"
2714,111,1.745677907953321,1,0.2112429738044738,0,0.9887906873004324,"{""type"":""MultiPoint"",""coordinates"":[]}"
2715,385,2.206090649761835,1,0.3328613042831421,1,1.1455857572318906,"{""type"":""MultiPoint"",""coordinates"":[]}"
2716,38,3.8028580563392143,0,0.298482596874237,0,1.9963966312138308,"{""type"":""MultiPoint"",""coordinates"":[]}"
2717,309,2.301479268726176,1,0.7830772399902344,1,1.308828832219462,"{""type"":""MultiPoint"",""coordinates"":[]}"
2718,645,2.07550200545278,0,10.164705276489258,0,1.1820874303052369,"{""type"":""MultiPoint"",""coordinates"":[]}"
2719,880,1.2372003881403797,0,9.734118461608888,0,0.6415180405319193,"{""type"":""MultiPoint"",""coordinates"":[]}"
2720,285,3.001020128610526,1,0.444719135761261,2,1.6535381388161965,"{""type"":""MultiPoint"",""coordinates"":[]}"
2721,143,2.237773227747402,0,0.3646002411842346,0,1.066586934829263,"{""type"":""MultiPoint"",""coordinates"":[]}"
2722,102,1.925394411909376,1,0.4592990577220917,0,0.9686687640810038,"{""type"":""MultiPoint"",""coordinates"":[]}"
2723,23,2.5880399644683187,1,0.0412674434483051,1,1.3184770109943205,"{""type"":""MultiPoint"",""coordinates"":[]}"
2724,30,2.5880399644683187,0,0.0412690490484237,0,1.3184770109943205,"{""type"":""MultiPoint"",""coordinates"":[]}"
2725,27,2.135617035590709,1,0.0893168523907661,1,0.9901842087419594,"{""type"":""MultiPoint"",""coordinates"":[]}"
2726,167,1.6891352407622322,1,0.25233194231987,0,0.7938512304582964,"{""type"":""MultiPoint"",""coordinates"":[]}"
2727,9,2.1409018724094837,1,0.0,1,0.9277353566231704,"{""type"":""MultiPoint"",""coordinates"":[]}"
2728,2,5.47077515326074,1,0.1213401779532432,2,1.817984120163356,"{""type"":""MultiPoint"",""coordinates"":[]}"
2730,159,2.709728817887074,1,0.2515546381473541,1,1.479769531880792,"{""type"":""MultiPoint"",""coordinates"":[]}"
2731,72,1.9057245565720704,0,0.8166360855102539,0,0.9637902449515072,"{""type"":""MultiPoint"",""coordinates"":[]}"
2732,41,2.071469598901983,1,0.2916711568832397,1,0.9555152795806304,"{""type"":""MultiPoint"",""coordinates"":[]}"
2733,1299,1.6437523469089603,0,2.7118706703186035,0,0.6994719132404654,"{""type"":""MultiPoint"",""coordinates"":[]}"
2734,509,1.744901164518591,0,4.291384220123291,0,0.7929212242531937,"{""type"":""MultiPoint"",""coordinates"":[]}"
2735,210,1.2921279513466042,1,0.39509978890419,0,0.5625875635163692,"{""type"":""MultiPoint"",""coordinates"":[]}"
2736,107,1.7406761552041128,1,0.3546991348266601,0,1.1571692362975383,"{""type"":""MultiPoint"",""coordinates"":[]}"
2737,112,1.8686871753988128,0,0.146697923541069,0,0.9396686248204348,"{""type"":""MultiPoint"",""coordinates"":[]}"
2738,385,2.206090649761835,1,0.5618880987167358,1,1.1455857572318906,"{""type"":""MultiPoint"",""coordinates"":[]}"
2739,720,2.322381376183638,0,2.3663196563720703,0,1.2499884715203136,"{""type"":""MultiPoint"",""coordinates"":[]}"
2740,100,2.3402583729185724,0,0.2962149977684021,0,1.0787738628895782,"{""type"":""MultiPoint"",""coordinates"":[]}"
2741,526,2.378430625219639,1,1.444850206375122,1,1.2528892619052452,"{""type"":""MultiPoint"",""coordinates"":[]}"
2742,6,4.8860301494567135,1,0.131378173828125,2,1.6628245961512476,"{""type"":""MultiPoint"",""coordinates"":[]}"
2743,65,1.9540072287950483,1,0.0888992175459861,0,0.9465803940089887,"{""type"":""MultiPoint"",""coordinates"":[]}"
2744,405,1.3610831265959618,0,6.47462797164917,0,0.7311885229780462,"{""type"":""MultiPoint"",""coordinates"":[]}"
2745,272,0.8440728420795995,1,0.8061416149139404,0,0.4486552445428983,"{""type"":""MultiPoint"",""coordinates"":[]}"
2746,18,2.6547961403947875,0,0.0938283279538154,0,1.1103204817153385,"{""type"":""MultiPoint"",""coordinates"":[]}"
2747,8,2.7509368078023853,1,0.0294890068471431,1,0.955261890945505,"{""type"":""MultiPoint"",""coordinates"":[]}"
2748,62,2.4940483300251106,0,0.1240985170006752,0,1.2386088857289692,"{""type"":""MultiPoint"",""coordinates"":[]}"
2749,352,1.1013447127036189,0,0.9676330089569092,0,0.593999924642169,"{""type"":""MultiPoint"",""coordinates"":[]}"
2750,878,0.7297211580512621,0,15.168082237243652,0,0.3584854003577742,"{""type"":""MultiPoint"",""coordinates"":[]}"
2751,81,1.671205173157251,1,0.2503229677677154,0,0.7080971209804702,"{""type"":""MultiPoint"",""coordinates"":[]}"
2752,53,1.970632133467482,0,0.1498642712831497,0,1.1816167062228533,"{""type"":""MultiPoint"",""coordinates"":[]}"
2753,1350,1.550143223870268,0,9.50955295562744,0,0.6312344336029411,"{""type"":""MultiPoint"",""coordinates"":[]}"
2754,459,1.1764139391825288,0,13.36640167236328,0,0.5773902150109429,"{""type"":""MultiPoint"",""coordinates"":[]}"
2755,432,1.5519300603457844,0,3.930740356445313,0,0.6345126223174369,"{""type"":""MultiPoint"",""coordinates"":[]}"
2756,796,1.960924505340819,0,7.15687370300293,0,1.1233080380977305,"{""type"":""MultiPoint"",""coordinates"":[]}"
2757,192,2.4798626020111447,1,0.2101526856422424,1,1.3703515442383143,"{""type"":""MultiPoint"",""coordinates"":[]}"
2758,63,2.366330988478552,0,0.4068441987037658,0,1.1177784746463713,"{""type"":""MultiPoint"",""coordinates"":[]}"
2759,172,1.939663109243404,0,0.399189829826355,0,0.9437862097184454,"{""type"":""MultiPoint"",""coordinates"":[]}"
2760,60,1.6768184449513204,1,0.0654192939400672,0,0.7365384026839878,"{""type"":""MultiPoint"",""coordinates"":[]}"
2761,40,2.290412878890094,1,0.1711153984069824,1,0.9817058749755094,"{""type"":""MultiPoint"",""coordinates"":[]}"
2762,105,1.632462639847111,0,0.119603581726551,0,0.7643427625040963,"{""type"":""MultiPoint"",""coordinates"":[]}"
2763,74,1.8721799101080117,0,0.2512029111385345,0,0.9305330214776664,"{""type"":""MultiPoint"",""coordinates"":[]}"
2764,73,1.8290004346460536,1,0.3155992925167084,0,0.8763881125122542,"{""type"":""MultiPoint"",""coordinates"":[]}"
2765,103,1.739137627821939,0,0.2661187648773193,0,0.8462796114017832,"{""type"":""MultiPoint"",""coordinates"":[]}"
2766,186,2.3455152403386923,1,0.6152988076210022,1,1.1570419226116906,"{""type"":""MultiPoint"",""coordinates"":[]}"
2767,263,0.936902241149737,0,1.0629464387893677,0,0.4552702009294891,"{""type"":""MultiPoint"",""coordinates"":[]}"
2768,29,2.188557917028646,1,0.0413409583270549,1,0.9156217348593348,"{""type"":""MultiPoint"",""coordinates"":[]}"
2769,158,1.6845756633101108,0,0.4760580658912658,0,0.859849919302512,"{""type"":""MultiPoint"",""coordinates"":[]}"
2770,15,2.075809488385063,0,0.1217370927333831,0,0.9229136229329722,"{""type"":""MultiPoint"",""coordinates"":[]}"
2771,192,1.26222354402996,1,0.3547382652759552,0,0.5621628062649789,"{""type"":""MultiPoint"",""coordinates"":[]}"
2772,20,2.8955998844330653,1,0.1243282034993171,1,1.1664911518169334,"{""type"":""MultiPoint"",""coordinates"":[]}"
2773,14,2.5248766802448377,1,0.0885293632745742,1,0.988051272945059,"{""type"":""MultiPoint"",""coordinates"":[]}"
2774,377,2.206090649761835,1,0.2934143245220184,1,1.1455857572318906,"{""type"":""MultiPoint"",""coordinates"":[]}"
2775,195,2.944720627728256,1,0.2932477593421936,1,1.647218564612692,"{""type"":""MultiPoint"",""coordinates"":[]}"
2776,299,3.001020128610526,1,0.4866702258586883,2,1.6535381388161965,"{""type"":""MultiPoint"",""coordinates"":[]}"
2777,42,2.080404199985755,1,0.11886777728796,1,0.9484819171503132,"{""type"":""MultiPoint"",""coordinates"":[]}"
2778,110,2.35226451331523,1,0.2747819423675537,1,1.1378207334629442,"{""type"":""MultiPoint"",""coordinates"":[]}"
2779,76,2.106888459777104,0,0.6150301694869995,0,0.9871084580531642,"{""type"":""MultiPoint"",""coordinates"":[]}"
2780,103,2.4349036725234177,1,0.1697980612516403,1,1.211331508928924,"{""type"":""MultiPoint"",""coordinates"":[]}"
2781,443,1.8107561549564184,0,2.6083130836486816,0,0.9005426607522945,"{""type"":""MultiPoint"",""coordinates"":[]}"
2782,18,2.5100614786846163,0,0.105324238538742,0,1.1237174694748568,"{""type"":""MultiPoint"",""coordinates"":[]}"
2783,520,1.4316702340579643,0,11.236213684082031,0,0.6341081981377864,"{""type"":""MultiPoint"",""coordinates"":[]}"
2784,141,1.7179319204005972,0,0.3070767223834991,0,0.9860838006042116,"{""type"":""MultiPoint"",""coordinates"":[]}"
2785,212,1.671205173157251,0,5.457124710083008,0,0.7080971209804702,"{""type"":""MultiPoint"",""coordinates"":[]}"
2786,132,1.9033299025866457,0,0.2148303538560867,0,0.8452395978257101,"{""type"":""MultiPoint"",""coordinates"":[]}"
2787,4,4.208848805432868,1,0.0579681657254695,2,1.6501399636221887,"{""type"":""MultiPoint"",""coordinates"":[]}"
2788,567,2.245956656386427,0,1.571760892868042,0,1.1626437644204233,"{""type"":""MultiPoint"",""coordinates"":[]}"
2789,265,2.3917711262856023,1,0.5227473378181458,1,1.327900051843739,"{""type"":""MultiPoint"",""coordinates"":[]}"
2790,9,4.07831162661132,1,0.0655694305896759,2,1.736629147964175,"{""type"":""MultiPoint"",""coordinates"":[]}"
2791,50,1.8750652225049356,0,0.0650813952088356,0,0.8840551954395648,"{""type"":""MultiPoint"",""coordinates"":[]}"
2792,152,2.5480381290756293,1,0.3779417276382446,1,1.4086195151573675,"{""type"":""MultiPoint"",""coordinates"":[]}"
2793,14,3.3487027220453616,0,0.1763644814491272,0,1.4897968453683563,"{""type"":""MultiPoint"",""coordinates"":[]}"
2794,23,2.608239876981464,1,0.180279403924942,1,1.0855303638713312,"{""type"":""MultiPoint"",""coordinates"":[]}"
2795,579,1.9641607914160828,0,3.746557950973511,0,1.110563225029989,"{""type"":""MultiPoint"",""coordinates"":[]}"
2796,9,2.764702453811012,1,0.3022264242172241,1,1.1221537938846309,"{""type"":""MultiPoint"",""coordinates"":[]}"
2797,190,2.0542483723281806,1,0.3855196237564087,1,1.195668084217728,"{""type"":""MultiPoint"",""coordinates"":[]}"
2798,642,1.4765121872049636,1,8.371634483337402,0,0.8208416841317092,"{""type"":""MultiPoint"",""coordinates"":[]}"
2799,21,2.608239876981464,1,0.3333514630794525,1,1.0855303638713312,"{""type"":""MultiPoint"",""coordinates"":[]}"
2800,18,4.07086929441581,0,0.0293068513274192,0,1.7377325559458956,"{""type"":""MultiPoint"",""coordinates"":[]}"
2801,344,1.1117906357222478,0,1.428020715713501,0,0.6396632229454594,"{""type"":""MultiPoint"",""coordinates"":[]}"
2802,233,2.2773347669319697,0,10.87724781036377,0,1.349560265925016,"{""type"":""MultiPoint"",""coordinates"":[]}"
2803,744,1.6443875572388835,0,16.898786544799805,0,0.7074002068440863,"{""type"":""MultiPoint"",""coordinates"":[]}"
2804,329,1.554057779029695,1,0.435760498046875,0,0.7191190818915735,"{""type"":""MultiPoint"",""coordinates"":[]}"
2805,60,2.225031173716224,0,0.2696200311183929,0,0.9632845016025096,"{""type"":""MultiPoint"",""coordinates"":[]}"
2806,402,1.9940263273884185,0,2.622931718826294,0,1.0900795391873226,"{""type"":""MultiPoint"",""coordinates"":[]}"
2807,291,1.9641607914160828,0,6.500747680664063,0,1.110563225029989,"{""type"":""MultiPoint"",""coordinates"":[]}"
2808,344,2.0814856100378942,0,0.6390389800071716,0,1.0140682818582918,"{""type"":""MultiPoint"",""coordinates"":[]}"
2809,336,1.7160565515423594,1,0.8303558826446533,0,0.691144891169714,"{""type"":""MultiPoint"",""coordinates"":[]}"
2810,19,2.3236957165140293,1,0.0590161010622978,1,0.9614417544338149,"{""type"":""MultiPoint"",""coordinates"":[]}"
2811,43,1.9106465980127048,0,0.2300349473953247,0,0.9286425818663774,"{""type"":""MultiPoint"",""coordinates"":[]}"
2812,221,2.050890501332101,1,1.0825510025024414,1,1.104288835877086,"{""type"":""MultiPoint"",""coordinates"":[]}"
2813,496,2.3302969911891407,1,2.5054659843444824,1,1.2616361434244363,"{""type"":""MultiPoint"",""coordinates"":[]}"
2814,2154,0.977925713009646,0,3.867174386978149,0,0.5412456564112493,"{""type"":""MultiPoint"",""coordinates"":[]}"
2815,358,1.8789136290199204,0,10.107967376708984,0,1.0125894697606836,"{""type"":""MultiPoint"",""coordinates"":[]}"
2816,522,1.8473123133353129,0,7.297804355621338,0,0.7259023913862547,"{""type"":""MultiPoint"",""coordinates"":[]}"
2817,154,1.7901540430231635,0,0.2713596224784851,0,0.899874145093655,"{""type"":""MultiPoint"",""coordinates"":[]}"
2818,12,2.4246190569512374,1,0.0289840884506702,1,1.0254019645522532,"{""type"":""MultiPoint"",""coordinates"":[]}"
2819,202,1.26222354402996,1,0.3757376372814178,0,0.5621628062649789,"{""type"":""MultiPoint"",""coordinates"":[]}"
2820,346,2.161387591753815,0,0.3650943040847778,0,1.2174628961386635,"{""type"":""MultiPoint"",""coordinates"":[]}"
2821,104,2.049554942131888,1,0.0869522094726562,1,0.9974735105651484,"{""type"":""MultiPoint"",""coordinates"":[]}"
2822,61,2.0988124483179624,0,0.1696116030216217,0,1.0135742599130222,"{""type"":""MultiPoint"",""coordinates"":[]}"
2823,281,0.7141998268699804,1,0.6337487101554871,0,0.3711914690049633,"{""type"":""MultiPoint"",""coordinates"":[]}"
2824,330,3.003856724470759,1,0.5439292192459106,2,1.6064816529214705,"{""type"":""MultiPoint"",""coordinates"":[]}"
2825,843,3.1127530519053828,1,0.3598803281784057,2,1.5637980651906522,"{""type"":""MultiPoint"",""coordinates"":[]}"
2826,65,1.8721799101080117,0,0.2062327712774276,0,0.9305330214776664,"{""type"":""MultiPoint"",""coordinates"":[]}"
2827,342,2.207770249376116,0,0.1472624540328979,0,1.170035044285473,"{""type"":""MultiPoint"",""coordinates"":[]}"
2828,399,1.976905149751013,0,0.3242496252059936,0,0.9366690160576516,"{""type"":""MultiPoint"",""coordinates"":[]}"
2829,80,1.9796173854218435,0,0.1837609559297561,0,0.9620248057224016,"{""type"":""MultiPoint"",""coordinates"":[]}"
2830,282,1.257775838898059,1,3.138437032699585,0,0.565521217998297,"{""type"":""MultiPoint"",""coordinates"":[]}"
2831,211,1.7201416414556538,1,1.506142258644104,0,0.7339289597706087,"{""type"":""MultiPoint"",""coordinates"":[]}"
2833,109,1.671767778083762,0,0.3282780945301056,0,0.7547243336390591,"{""type"":""MultiPoint"",""coordinates"":[]}"
2834,10,4.370330472364077,1,0.0654955431818962,2,1.862196094096915,"{""type"":""MultiPoint"",""coordinates"":[]}"
2835,15,2.56260290726543,1,0.1299605071544647,1,1.2729719228912093,"{""type"":""MultiPoint"",""coordinates"":[]}"
2836,601,2.378430625219639,0,1.5624470710754397,0,1.2528892619052452,"{""type"":""MultiPoint"",""coordinates"":[]}"
2837,100,1.8712271396112707,0,0.2789562940597534,0,1.040123040057489,"{""type"":""MultiPoint"",""coordinates"":[]}"
2838,174,1.6820672920012605,1,0.3028690218925476,0,0.8973120711580305,"{""type"":""MultiPoint"",""coordinates"":[]}"
2839,252,1.9081416166969367,1,0.1861048340797424,0,0.9999233914680258,"{""type"":""MultiPoint"",""coordinates"":[]}"
2840,1183,1.7427547596147346,0,13.721685409545898,0,0.7715009046774661,"{""type"":""MultiPoint"",""coordinates"":[]}"
2841,180,1.344615355995886,1,1.205901026725769,0,0.7769218427403821,"{""type"":""MultiPoint"",""coordinates"":[]}"
2842,41,2.041969116181897,1,0.1050071790814399,1,1.1797195552165327,"{""type"":""MultiPoint"",""coordinates"":[]}"
2843,62,2.226013808441022,0,0.1706536412239074,0,1.073541898206815,"{""type"":""MultiPoint"",""coordinates"":[]}"
2844,636,1.3137472142588065,0,7.609993934631348,0,0.6430564853683358,"{""type"":""MultiPoint"",""coordinates"":[]}"
2845,385,1.4615545740439078,1,0.2289526462554931,0,0.7837795532167808,"{""type"":""MultiPoint"",""coordinates"":[]}"
2846,139,1.2219452693430484,1,0.1563934087753296,0,0.6410328205196243,"{""type"":""MultiPoint"",""coordinates"":[]}"
2847,46,2.013918779374087,0,0.2337737530469894,0,0.9641205523081022,"{""type"":""MultiPoint"",""coordinates"":[]}"
2848,40,3.829115522686016,1,0.0579681657254695,2,1.4962851546841405,"{""type"":""MultiPoint"",""coordinates"":[]}"
2849,197,0.9954394846852156,0,0.2786256670951843,0,0.5980286306944166,"{""type"":""MultiPoint"",""coordinates"":[]}"
2850,306,2.301479268726176,1,0.382574051618576,1,1.308828832219462,"{""type"":""MultiPoint"",""coordinates"":[]}"
2851,115,1.9880742808305985,1,0.2379545867443084,0,0.9693281273075351,"{""type"":""MultiPoint"",""coordinates"":[]}"
2852,147,2.6558239025111066,1,0.2337422668933868,1,1.4791094314036304,"{""type"":""MultiPoint"",""coordinates"":[]}"
2853,92,2.1284576866011413,1,0.1470688134431839,1,1.0754998313439286,"{""type"":""MultiPoint"",""coordinates"":[]}"
2854,20,2.19969615804166,0,0.105200707912445,0,0.9560836443942974,"{""type"":""MultiPoint"",""coordinates"":[]}"
2855,11,3.3487027220453616,0,0.2344195991754531,0,1.4897968453683563,"{""type"":""MultiPoint"",""coordinates"":[]}"
2856,630,1.7017127565520775,0,12.90810775756836,0,0.7037100684447265,"{""type"":""MultiPoint"",""coordinates"":[]}"
2857,353,2.2046535180537106,1,0.6343855857849121,1,1.1319046333744505,"{""type"":""MultiPoint"",""coordinates"":[]}"
2858,726,0.9894105338592432,1,1.5090970993041992,0,0.6106169836030625,"{""type"":""MultiPoint"",""coordinates"":[]}"
2859,302,1.8448264969024035,0,0.7055034637451172,0,1.073382440510615,"{""type"":""MultiPoint"",""coordinates"":[]}"
2860,807,1.403476903994285,0,4.782411098480225,0,0.6125195449365191,"{""type"":""MultiPoint"",""coordinates"":[]}"
2861,26,2.222533379583518,1,0.0595359317958354,1,1.0090283056278075,"{""type"":""MultiPoint"",""coordinates"":[]}"
2862,13,2.547343700285216,0,0.0830798745155334,0,1.0923091190885366,"{""type"":""MultiPoint"",""coordinates"":[]}"
2863,247,2.1295767238679297,0,1.884635329246521,0,1.165838166560741,"{""type"":""MultiPoint"",""coordinates"":[]}"
2864,241,2.783648997576605,1,0.3827188014984131,1,1.5455659817590313,"{""type"":""MultiPoint"",""coordinates"":[]}"
2865,61,4.200403303363268,0,0.6956043243408203,0,1.5678915878089972,"{""type"":""MultiPoint"",""coordinates"":[]}"
2866,435,1.9166357015871835,0,3.4950497150421143,0,1.0349429341781196,"{""type"":""MultiPoint"",""coordinates"":[]}"
2867,1009,0.7991130248299343,0,1.926767349243164,0,0.4516438409369502,"{""type"":""MultiPoint"",""coordinates"":[]}"
2868,79,1.7056410902921253,0,0.1300262510776519,0,1.144282281909932,"{""type"":""MultiPoint"",""coordinates"":[]}"
2869,287,2.019124627443309,0,0.950307309627533,0,0.8158398453786491,"{""type"":""MultiPoint"",""coordinates"":[]}"
2870,145,1.989330204935546,1,0.3695813119411468,0,1.068192296903658,"{""type"":""MultiPoint"",""coordinates"":[]}"
2871,45,2.066769624228556,1,0.0592408664524555,1,0.9400326133263244,"{""type"":""MultiPoint"",""coordinates"":[]}"
2872,219,0.9538523072694828,1,0.1867402493953704,0,0.5081228122415963,"{""type"":""MultiPoint"",""coordinates"":[]}"
2873,52,2.079126024103008,0,0.3386319279670715,0,0.9596526141372124,"{""type"":""MultiPoint"",""coordinates"":[]}"
2874,1023,1.0002101753428634,0,9.194730758666992,0,0.5082117748253667,"{""type"":""MultiPoint"",""coordinates"":[]}"
2875,357,0.6794064617104196,1,0.6732765436172485,0,0.3819456050657812,"{""type"":""MultiPoint"",""coordinates"":[]}"
2876,51,1.9332562934248445,0,0.215029701590538,0,0.9028128657500925,"{""type"":""MultiPoint"",""coordinates"":[]}"
2877,75,2.398627923678175,1,0.091824397444725,1,1.1942120947329484,"{""type"":""MultiPoint"",""coordinates"":[]}"
2878,168,1.6194902752875973,1,0.1952018141746521,0,0.8149450699215998,"{""type"":""MultiPoint"",""coordinates"":[]}"
2879,16,2.570872964830133,1,0.1472268551588058,1,1.0854037298061996,"{""type"":""MultiPoint"",""coordinates"":[]}"
2880,175,1.948794607732201,0,3.762888193130493,0,1.015261189608036,"{""type"":""MultiPoint"",""coordinates"":[]}"
2881,462,1.1985492874369263,0,9.117650032043455,0,0.6538320879479183,"{""type"":""MultiPoint"",""coordinates"":[]}"
2882,414,1.4265786444870092,0,1.437254548072815,0,0.5893091237502357,"{""type"":""MultiPoint"",""coordinates"":[]}"
2883,184,1.560669101096576,0,0.3321814239025116,0,0.6891209809674436,"{""type"":""MultiPoint"",""coordinates"":[]}"
2884,229,3.056020806323047,1,0.5584661960601807,2,1.6872120001588151,"{""type"":""MultiPoint"",""coordinates"":[]}"
2885,80,2.010569076685928,1,0.1506376713514328,1,0.9398902390791468,"{""type"":""MultiPoint"",""coordinates"":[]}"
2886,55,1.9068042229903783,0,0.1704344451427459,0,0.8290586482149802,"{""type"":""MultiPoint"",""coordinates"":[]}"
2887,110,1.4604237903858783,0,0.1707577407360077,0,0.7190260837080846,"{""type"":""MultiPoint"",""coordinates"":[]}"
2888,746,1.8589431962210845,0,3.511424779891968,0,1.0321469924239606,"{""type"":""MultiPoint"",""coordinates"":[]}"
2889,26,2.474292125316459,0,0.0655265375971794,0,1.2725444695771717,"{""type"":""MultiPoint"",""coordinates"":[]}"
2890,18,2.2786746007704624,1,0.0827654302120208,1,1.0098406416461263,"{""type"":""MultiPoint"",""coordinates"":[]}"
2891,72,2.0384465767168685,1,0.2098773270845413,1,0.9419402813949814,"{""type"":""MultiPoint"",""coordinates"":[]}"
2892,41,2.1669869154937227,0,0.375247597694397,0,0.9713429299621524,"{""type"":""MultiPoint"",""coordinates"":[]}"
2893,223,1.0724314435870987,1,0.1976930648088455,0,0.4842199447142442,"{""type"":""MultiPoint"",""coordinates"":[]}"
2894,220,1.026858668657541,1,0.578578770160675,0,0.472815703142056,"{""type"":""MultiPoint"",""coordinates"":[]}"
2895,488,2.3201084644524053,1,0.7207737565040588,1,1.2600452220584617,"{""type"":""MultiPoint"",""coordinates"":[]}"
2896,253,3.116440855321408,1,0.5635743141174316,2,1.6967924257083182,"{""type"":""MultiPoint"",""coordinates"":[]}"
2897,72,2.27438250629955,0,0.3514798283576965,0,0.9835860851499806,"{""type"":""MultiPoint"",""coordinates"":[]}"
2898,42,3.515080211557886,0,0.4166135191917419,0,1.3654031426659636,"{""type"":""MultiPoint"",""coordinates"":[]}"
2899,521,1.7011457482924832,0,16.53767204284668,0,0.8928892864479229,"{""type"":""MultiPoint"",""coordinates"":[]}"
2900,26,2.1573427867248625,0,0.3951456844806671,0,0.9693776187917708,"{""type"":""MultiPoint"",""coordinates"":[]}"
2901,264,1.3941285156725884,1,0.5268330574035645,0,0.6539356259678245,"{""type"":""MultiPoint"",""coordinates"":[]}"
2902,0,3.0780966390344866,1,0.0413379408419132,2,1.0311547234398388,"{""type"":""MultiPoint"",""coordinates"":[]}"
2903,63,1.9540072287950483,1,0.2751563489437103,0,0.9465803940089887,"{""type"":""MultiPoint"",""coordinates"":[]}"
2904,195,1.440168139386972,1,0.496511697769165,0,0.6984326299431194,"{""type"":""MultiPoint"",""coordinates"":[]}"
2905,15,2.630827559701042,1,0.0595489367842674,1,1.143407009152817,"{""type"":""MultiPoint"",""coordinates"":[]}"
2906,404,1.541550479600591,1,1.925473928451538,0,0.5878089836075542,"{""type"":""MultiPoint"",""coordinates"":[]}"
2907,39,2.079126024103008,0,0.0595229864120483,0,0.9596526141372124,"{""type"":""MultiPoint"",""coordinates"":[]}"
2908,89,1.925394411909376,1,0.1481309980154037,0,0.9686687640810038,"{""type"":""MultiPoint"",""coordinates"":[]}"
2909,132,1.7508474420901976,1,0.1965100020170211,0,0.811622569100407,"{""type"":""MultiPoint"",""coordinates"":[]}"
2910,66,2.0170712147713803,1,0.187161386013031,1,1.0046864573923444,"{""type"":""MultiPoint"",""coordinates"":[]}"
2911,9,3.052514317627192,1,0.0591478385031223,2,1.2605777788050565,"{""type"":""MultiPoint"",""coordinates"":[]}"
2912,12,2.7509368078023853,1,0.0579681657254695,1,0.955261890945505,"{""type"":""MultiPoint"",""coordinates"":[]}"
2913,1064,1.1529308370644842,1,23.878278732299805,0,0.5808103179190041,"{""type"":""MultiPoint"",""coordinates"":[]}"
2914,201,1.822939408282726,1,0.505731999874115,0,0.9863192780142565,"{""type"":""MultiPoint"",""coordinates"":[]}"
2915,322,2.019124627443309,1,4.317866325378418,1,0.8158398453786491,"{""type"":""MultiPoint"",""coordinates"":[]}"
2916,60,2.301394175683622,0,0.1057182103395462,0,0.9958105315347708,"{""type"":""MultiPoint"",""coordinates"":[]}"
2917,327,2.1831748171277265,0,2.380566358566284,0,1.2370064284468276,"{""type"":""MultiPoint"",""coordinates"":[]}"
2918,83,2.167439215572556,0,0.2476257085800171,0,1.1548776517086072,"{""type"":""MultiPoint"",""coordinates"":[]}"
2919,501,1.7881024689148302,0,5.485348701477051,0,0.873959084909538,"{""type"":""MultiPoint"",""coordinates"":[]}"
2920,274,2.4553764557632203,1,0.1458278000354766,1,1.3516316737797605,"{""type"":""MultiPoint"",""coordinates"":[]}"
2921,33,2.795942643530674,1,0.2049994319677353,1,1.3222583472391365,"{""type"":""MultiPoint"",""coordinates"":[]}"
2922,141,1.875721241408734,1,0.2365556955337524,0,0.8995736337043749,"{""type"":""MultiPoint"",""coordinates"":[]}"
2923,217,1.7608049205797722,1,0.180392324924469,0,0.9749339247252902,"{""type"":""MultiPoint"",""coordinates"":[]}"
2924,472,1.7412202643767638,0,4.279849529266357,0,0.8546027500630381,"{""type"":""MultiPoint"",""coordinates"":[]}"
2925,18,4.4205533808736766,1,0.15631203353405,2,1.7358224011571812,"{""type"":""MultiPoint"",""coordinates"":[]}"
2926,291,1.9338413518101345,1,0.290324330329895,0,1.1166382858759014,"{""type"":""MultiPoint"",""coordinates"":[]}"
2927,236,1.664679013336893,0,0.6775550246238708,0,0.8122663098522047,"{""type"":""MultiPoint"",""coordinates"":[]}"
2928,94,1.9278790362922764,0,0.2346184402704239,0,1.0028276589671363,"{""type"":""MultiPoint"",""coordinates"":[]}"
2929,207,2.57002730603416,0,0.5996774435043335,0,1.0150098968781966,"{""type"":""MultiPoint"",""coordinates"":[]}"
2930,25,2.290412878890094,1,0.1501913517713546,1,0.9817058749755094,"{""type"":""MultiPoint"",""coordinates"":[]}"
2931,89,2.034166895451313,1,0.3510420620441437,1,1.0030494541626758,"{""type"":""MultiPoint"",""coordinates"":[]}"
2932,408,2.8910351658464264,1,0.5863901376724243,1,1.4660915169746234,"{""type"":""MultiPoint"",""coordinates"":[]}"
2933,3,4.724730678566143,0,0.0826977044343948,0,1.636595115986225,"{""type"":""MultiPoint"",""coordinates"":[]}"
2934,558,1.80747792158444,0,7.592630863189697,0,1.0303626374749932,"{""type"":""MultiPoint"",""coordinates"":[]}"
2935,111,1.829148040518037,1,0.3779471814632416,0,0.8530475995289215,"{""type"":""MultiPoint"",""coordinates"":[]}"
2936,21,2.2998861439315164,1,0.0289840884506702,1,1.048930350463199,"{""type"":""MultiPoint"",""coordinates"":[]}"
2937,196,3.011218229942956,1,0.5869210362434387,2,1.6632052774995478,"{""type"":""MultiPoint"",""coordinates"":[]}"
2938,879,3.0436809294223983,1,0.5725908875465393,2,1.4955746716115963,"{""type"":""MultiPoint"",""coordinates"":[]}"
2939,1020,2.4409677401867675,0,8.673348426818848,0,1.2957932345029883,"{""type"":""MultiPoint"",""coordinates"":[]}"
2940,155,1.83267178536043,1,0.2934434711933136,0,0.7968506669046664,"{""type"":""MultiPoint"",""coordinates"":[]}"
2941,14,3.4369017480228576,0,0.1495023518800735,0,1.5041077415747506,"{""type"":""MultiPoint"",""coordinates"":[]}"
2942,323,2.3186114604499792,0,4.12959098815918,0,1.3475970907305084,"{""type"":""MultiPoint"",""coordinates"":[]}"
2943,227,2.1090073093189075,1,0.9853320121765136,1,1.003478902432761,"{""type"":""MultiPoint"",""coordinates"":[]}"
2944,29,2.8504518174696742,0,0.2921914160251617,0,1.160358500452734,"{""type"":""MultiPoint"",""coordinates"":[]}"
2945,-1,3.897261565999888,1,0.0413391478359699,2,1.3082849417411115,"{""type"":""MultiPoint"",""coordinates"":[]}"
2946,459,1.9656365647774112,1,0.4100775122642517,0,1.012690055534784,"{""type"":""MultiPoint"",""coordinates"":[]}"
2947,168,1.559160011587909,1,0.0289840884506702,0,0.6758561725859648,"{""type"":""MultiPoint"",""coordinates"":[]}"
2948,144,1.9267230219495783,1,0.2108791172504425,0,0.9353010685327104,"{""type"":""MultiPoint"",""coordinates"":[]}"
2949,20,2.2549781050458084,0,0.1189688444137573,0,0.9843145069694156,"{""type"":""MultiPoint"",""coordinates"":[]}"
2950,87,1.9278790362922764,1,0.262512743473053,0,1.0028276589671363,"{""type"":""MultiPoint"",""coordinates"":[]}"
2951,35,1.8598914686659112,1,0.1049794629216194,0,1.1753024650476478,"{""type"":""MultiPoint"",""coordinates"":[]}"
2952,54,2.372773015873868,0,0.0880975574254989,0,1.168433747457306,"{""type"":""MultiPoint"",""coordinates"":[]}"
2953,302,1.4891826745177232,0,1.1197234392166138,0,0.6971744504904825,"{""type"":""MultiPoint"",""coordinates"":[]}"
2954,27,2.1956045869927308,1,0.1714250743389129,1,0.9720802496112436,"{""type"":""MultiPoint"",""coordinates"":[]}"
2955,366,0.9978458936171164,1,0.1505791395902633,0,0.5069012647792266,"{""type"":""MultiPoint"",""coordinates"":[]}"
2956,103,2.118410044206491,0,0.3719662725925445,0,1.014976032250512,"{""type"":""MultiPoint"",""coordinates"":[]}"
2957,43,2.7142908378038912,1,0.1577323973178863,1,1.2633049572210235,"{""type"":""MultiPoint"",""coordinates"":[]}"
2958,238,1.7608049205797722,1,0.2942714691162109,0,0.9749339247252902,"{""type"":""MultiPoint"",""coordinates"":[]}"
2959,64,3.283683498548585,0,0.6190523505210876,0,2.2332737197554438,"{""type"":""MultiPoint"",""coordinates"":[]}"
2960,1158,1.6517983089992938,0,4.947744369506836,0,0.7522326795072478,"{""type"":""MultiPoint"",""coordinates"":[]}"
2961,110,2.397161053279313,0,0.3943125605583191,0,1.1244164273060475,"{""type"":""MultiPoint"",""coordinates"":[]}"
2962,434,3.1680271155024,1,0.1794774830341339,2,1.5545917663605922,"{""type"":""MultiPoint"",""coordinates"":[]}"
2963,222,1.6594003732532308,1,1.0868794918060305,0,0.6728735834065964,"{""type"":""MultiPoint"",""coordinates"":[]}"
2964,57,2.407334671356267,1,0.0824645608663559,1,1.143364207617077,"{""type"":""MultiPoint"",""coordinates"":[]}"
2965,1671,1.7487272618680816,0,18.84028434753418,0,0.869918451208872,"{""type"":""MultiPoint"",""coordinates"":[]}"
2966,251,0.9362105930157784,1,0.5006373524665833,0,0.3691189127299447,"{""type"":""MultiPoint"",""coordinates"":[]}"
2967,290,1.3221929349466883,1,4.31030797958374,0,0.5440395214341774,"{""type"":""MultiPoint"",""coordinates"":[]}"
2968,85,2.0327740631834503,1,0.1055420413613319,1,1.0793418842073628,"{""type"":""MultiPoint"",""coordinates"":[]}"
2969,323,0.3357754151203453,1,0.5183113217353821,0,0.1964928443605074,"{""type"":""MultiPoint"",""coordinates"":[]}"
2970,319,2.7522984475725547,1,0.4674823582172394,1,1.4267621157173778,"{""type"":""MultiPoint"",""coordinates"":[]}"
2971,85,1.8238881767620645,0,0.3767877519130707,0,1.09713250309807,"{""type"":""MultiPoint"",""coordinates"":[]}"
2972,507,2.439260532105558,0,0.5578397512435913,0,1.3054530314640032,"{""type"":""MultiPoint"",""coordinates"":[]}"
2973,83,2.474469157199223,1,0.2391656041145324,1,0.977116238692242,"{""type"":""MultiPoint"",""coordinates"":[]}"
2974,15,2.351583031650633,1,0.187161386013031,1,1.0175481487282003,"{""type"":""MultiPoint"",""coordinates"":[]}"
2975,300,0.7141998268699804,0,0.7953278422355652,0,0.3711914690049633,"{""type"":""MultiPoint"",""coordinates"":[]}"
2976,14,2.4246190569512374,1,0.0295319464057683,1,1.0254019645522532,"{""type"":""MultiPoint"",""coordinates"":[]}"
2977,139,2.078304720271292,1,0.6578435897827148,1,1.0465160135966152,"{""type"":""MultiPoint"",""coordinates"":[]}"
2978,140,1.875721241408734,1,0.2337212860584259,0,0.8995736337043749,"{""type"":""MultiPoint"",""coordinates"":[]}"
2979,664,2.09141092600366,0,8.043889999389648,0,1.190310825613172,"{""type"":""MultiPoint"",""coordinates"":[]}"
2980,40,2.3374690486380656,1,0.0918221473693847,1,1.07999561607684,"{""type"":""MultiPoint"",""coordinates"":[]}"
2981,27,2.9287861359738283,1,0.0412717387080192,1,1.4088050571044974,"{""type"":""MultiPoint"",""coordinates"":[]}"
2982,248,2.074446167221783,0,0.7565327286720276,0,1.1225663434621314,"{""type"":""MultiPoint"",""coordinates"":[]}"
2983,176,1.6683571272743587,1,0.4663291871547699,0,0.8139725383061488,"{""type"":""MultiPoint"",""coordinates"":[]}"
2984,75,2.404776655621608,1,0.1695781201124191,1,1.2006613426125037,"{""type"":""MultiPoint"",""coordinates"":[]}"
2985,239,0.8440728420795995,1,0.3001274764537811,0,0.4486552445428983,"{""type"":""MultiPoint"",""coordinates"":[]}"
2986,398,2.2403403073775485,0,0.1873163729906082,0,1.2532822945785425,"{""type"":""MultiPoint"",""coordinates"":[]}"
2987,771,1.3733212080216048,0,1.7452086210250854,0,0.5260603576148088,"{""type"":""MultiPoint"",""coordinates"":[]}"
2988,321,2.161387591753815,0,0.3814256191253662,0,1.2174628961386635,"{""type"":""MultiPoint"",""coordinates"":[]}"
2989,482,1.897451831372988,1,0.430869460105896,0,0.9654793824061276,"{""type"":""MultiPoint"",""coordinates"":[]}"
2990,396,2.15096877111277,0,3.87628984451294,0,0.9118119944167808,"{""type"":""MultiPoint"",""coordinates"":[]}"
2991,10,2.130025816300068,1,0.0869522094726562,1,0.9230255230149704,"{""type"":""MultiPoint"",""coordinates"":[]}"
2992,229,2.263068735366578,0,0.3739757835865021,0,1.2676707622517331,"{""type"":""MultiPoint"",""coordinates"":[]}"
2993,42,2.2303287724879777,0,0.2053318172693252,0,1.109310912587507,"{""type"":""MultiPoint"",""coordinates"":[]}"
2994,7,2.7509368078023853,1,0.0657074674963951,1,0.955261890945505,"{""type"":""MultiPoint"",""coordinates"":[]}"
2995,68,2.000386466239464,0,0.1211189776659011,0,1.1841605262122243,"{""type"":""MultiPoint"",""coordinates"":[]}"
2996,534,2.3010457503036155,1,8.95084285736084,1,1.276800540873673,"{""type"":""MultiPoint"",""coordinates"":[]}"
2997,457,1.6920157055597738,0,16.408584594726562,0,0.7235504320989972,"{""type"":""MultiPoint"",""coordinates"":[]}"
2998,175,2.4798626020111447,1,0.208506777882576,1,1.3703515442383143,"{""type"":""MultiPoint"",""coordinates"":[]}"
2999,232,1.664679013336893,0,3.102308988571167,0,0.8122663098522047,"{""type"":""MultiPoint"",""coordinates"":[]}"
3000,176,1.995847396885652,0,0.1595750302076339,0,1.0615938556604354,"{""type"":""MultiPoint"",""coordinates"":[]}"
3001,16,2.547343700285216,0,0.0919030755758285,0,1.0923091190885366,"{""type"":""MultiPoint"",""coordinates"":[]}"
3002,320,0.958510706432984,0,6.895053386688232,0,0.5146952480218067,"{""type"":""MultiPoint"",""coordinates"":[]}"
3003,10,4.370330472364077,1,0.1054658666253089,2,1.862196094096915,"{""type"":""MultiPoint"",""coordinates"":[]}"
3004,19,2.3236957165140293,1,0.0295045673847198,1,0.9614417544338149,"{""type"":""MultiPoint"",""coordinates"":[]}"
3005,253,1.5618307018856463,0,8.079407691955566,0,0.6203635870903331,"{""type"":""MultiPoint"",""coordinates"":[]}"
3006,465,1.973339745410363,1,0.4387769401073456,0,0.9882268760097608,"{""type"":""MultiPoint"",""coordinates"":[]}"
3007,492,1.7412202643767638,0,2.587547779083252,0,0.8546027500630381,"{""type"":""MultiPoint"",""coordinates"":[]}"
3008,698,2.891766927940416,1,0.6542273759841919,1,1.5006790576009856,"{""type"":""MultiPoint"",""coordinates"":[]}"
3009,922,2.7240446916468346,1,0.5068536400794983,1,1.350518857864085,"{""type"":""MultiPoint"",""coordinates"":[]}"
3010,915,0.9729920560587868,0,5.362498760223389,0,0.4679121691226711,"{""type"":""MultiPoint"",""coordinates"":[]}"
3011,187,1.7201416414556538,1,0.391584187746048,0,0.7339289597706087,"{""type"":""MultiPoint"",""coordinates"":[]}"
3012,102,1.7995724607405323,1,0.4386927783489227,0,0.877428183598956,"{""type"":""MultiPoint"",""coordinates"":[]}"
3013,129,2.7628505048442964,0,0.147896409034729,0,1.5483952781896813,"{""type"":""MultiPoint"",""coordinates"":[]}"
3014,18,2.19969615804166,1,0.0592196583747863,1,0.9560836443942974,"{""type"":""MultiPoint"",""coordinates"":[]}"
3015,620,1.9641607914160828,0,9.202718734741213,0,1.110563225029989,"{""type"":""MultiPoint"",""coordinates"":[]}"
3016,128,1.7221039293843317,0,0.1763790845870971,0,1.075387827227876,"{""type"":""MultiPoint"",""coordinates"":[]}"
3017,26,2.222533379583518,0,0.3258325457572937,0,1.0090283056278075,"{""type"":""MultiPoint"",""coordinates"":[]}"
3018,56,1.965551117061905,0,0.0938588380813598,0,0.969776637310516,"{""type"":""MultiPoint"",""coordinates"":[]}"
3019,1190,0.8866194415176893,0,3.660953521728516,0,0.4532179026400169,"{""type"":""MultiPoint"",""coordinates"":[]}"
3020,63,1.984474621203263,1,0.2641650736331939,0,0.97892692016483,"{""type"":""MultiPoint"",""coordinates"":[]}"
3021,91,1.925394411909376,1,0.1777570247650146,0,0.9686687640810038,"{""type"":""MultiPoint"",""coordinates"":[]}"
3022,14,3.31791331495791,1,0.0825785025954246,2,1.5321868244882422,"{""type"":""MultiPoint"",""coordinates"":[]}"
3023,674,2.378430625219639,0,4.442415714263916,0,1.2528892619052452,"{""type"":""MultiPoint"",""coordinates"":[]}"
3024,483,1.879739784305661,0,16.747262954711914,0,0.9877815809843168,"{""type"":""MultiPoint"",""coordinates"":[]}"
3025,1124,1.1093991031836337,0,14.5949125289917,0,0.5683985492627103,"{""type"":""MultiPoint"",""coordinates"":[]}"
3026,52,2.075713014879466,0,0.5098053812980652,0,0.9281708884071126,"{""type"":""MultiPoint"",""coordinates"":[]}"
3027,273,2.783648997576605,1,0.5088856816291809,1,1.5455659817590313,"{""type"":""MultiPoint"",""coordinates"":[]}"
3028,6,3.083716871790444,1,0.0827939510345459,2,1.255070566544462,"{""type"":""MultiPoint"",""coordinates"":[]}"
3029,69,1.9948481181747248,1,0.1323476433753967,0,0.9719106186373568,"{""type"":""MultiPoint"",""coordinates"":[]}"
3030,484,2.3201084644524053,1,3.0271756649017334,1,1.2600452220584617,"{""type"":""MultiPoint"",""coordinates"":[]}"
3031,117,2.0537491532827814,1,0.0937950238585472,1,1.0279110750382665,"{""type"":""MultiPoint"",""coordinates"":[]}"
3032,30,2.19969615804166,1,0.1301842033863067,1,0.9560836443942974,"{""type"":""MultiPoint"",""coordinates"":[]}"
3033,40,2.1520457866889044,1,0.169729545712471,1,1.0051973630041022,"{""type"":""MultiPoint"",""coordinates"":[]}"
3034,95,1.9849795857750556,1,0.1719621419906616,0,0.9753393864456976,"{""type"":""MultiPoint"",""coordinates"":[]}"
3035,191,2.559478692729965,1,0.2917101383209228,1,1.4097191977036696,"{""type"":""MultiPoint"",""coordinates"":[]}"
3036,1303,1.3137472142588065,0,13.866106033325195,0,0.6430564853683358,"{""type"":""MultiPoint"",""coordinates"":[]}"
3037,114,1.9849795857750556,1,0.2911414802074432,0,0.9753393864456976,"{""type"":""MultiPoint"",""coordinates"":[]}"
3038,634,1.9853954305260664,0,6.766910076141357,0,1.048188214487977,"{""type"":""MultiPoint"",""coordinates"":[]}"
3039,606,1.6487676788720065,0,16.640607833862305,0,0.9142142275011496,"{""type"":""MultiPoint"",""coordinates"":[]}"
3040,507,2.2626477521000283,1,0.4561708867549896,1,1.2003657769798153,"{""type"":""MultiPoint"",""coordinates"":[]}"
3041,340,1.541550479600591,0,2.591782093048096,0,0.5878089836075542,"{""type"":""MultiPoint"",""coordinates"":[]}"
3042,55,2.363476830350128,0,0.4043938815593719,0,1.045042830767987,"{""type"":""MultiPoint"",""coordinates"":[]}"
3043,5,4.286767711268862,1,0.065030038356781,2,1.4146615339048787,"{""type"":""MultiPoint"",""coordinates"":[]}"
3044,546,0.6931609403182784,0,6.507913589477539,0,0.4116044373679159,"{""type"":""MultiPoint"",""coordinates"":[]}"
3045,302,1.491861754761503,0,0.9466342329978944,0,0.5721642647655814,"{""type"":""MultiPoint"",""coordinates"":[]}"
3046,40,2.4251162151711245,0,0.0293651316314935,0,1.2160259115136245,"{""type"":""MultiPoint"",""coordinates"":[]}"
3047,322,2.9512143282869627,1,0.2931241989135742,1,1.5883849549186766,"{""type"":""MultiPoint"",""coordinates"":[]}"
3048,15,2.0477648699084563,1,0.0289840884506702,1,0.913188133568445,"{""type"":""MultiPoint"",""coordinates"":[]}"
3049,653,1.741429791115748,0,7.1586689949035645,0,0.7489990097954086,"{""type"":""MultiPoint"",""coordinates"":[]}"
3050,43,2.053390745727516,1,0.2061606496572494,1,1.0287678255692372,"{""type"":""MultiPoint"",""coordinates"":[]}"
3051,350,3.2806755057216934,0,0.4357540905475616,0,1.69557885268887,"{""type"":""MultiPoint"",""coordinates"":[]}"
3052,92,2.214228167826392,1,0.2863401472568512,1,1.1050044406042354,"{""type"":""MultiPoint"",""coordinates"":[]}"
3053,936,0.7297211580512621,0,10.410429000854492,0,0.3584854003577742,"{""type"":""MultiPoint"",""coordinates"":[]}"
3054,251,0.968201318801544,0,11.018324851989746,0,0.4524544970867372,"{""type"":""MultiPoint"",""coordinates"":[]}"
3055,49,2.066769624228556,0,0.1590332686901092,0,0.9400326133263244,"{""type"":""MultiPoint"",""coordinates"":[]}"
3056,233,2.2508798976054463,1,0.2768668532371521,1,1.2575684738564552,"{""type"":""MultiPoint"",""coordinates"":[]}"
3057,91,1.7406761552041128,0,0.1239150390028953,0,1.1571692362975383,"{""type"":""MultiPoint"",""coordinates"":[]}"
3058,154,2.0646243154625803,1,0.298871099948883,1,1.07382761467884,"{""type"":""MultiPoint"",""coordinates"":[]}"
3059,608,1.423767433349142,0,10.239428520202637,0,0.8663723721254595,"{""type"":""MultiPoint"",""coordinates"":[]}"
3060,74,1.671205173157251,0,0.5928025841712952,0,0.7080971209804702,"{""type"":""MultiPoint"",""coordinates"":[]}"
3061,306,1.7242338724045922,0,9.394396781921388,0,0.7545175971148598,"{""type"":""MultiPoint"",""coordinates"":[]}"
3062,412,1.3137472142588065,1,0.9976229667663574,0,0.6430564853683358,"{""type"":""MultiPoint"",""coordinates"":[]}"
3063,31,2.1494848059143785,1,0.0294907242059707,1,0.9395237677766868,"{""type"":""MultiPoint"",""coordinates"":[]}"
3064,1112,1.6957449571229013,1,6.855864524841309,0,0.7604426054300232,"{""type"":""MultiPoint"",""coordinates"":[]}"
3065,931,1.795959415659186,0,1.757724404335022,0,0.9786303545236352,"{""type"":""MultiPoint"",""coordinates"":[]}"
3066,335,2.2064734927800718,1,0.4253628551959991,1,1.238005245665513,"{""type"":""MultiPoint"",""coordinates"":[]}"
3067,10,3.828765266112223,1,0.2318714708089828,2,1.4623091873082827,"{""type"":""MultiPoint"",""coordinates"":[]}"
3068,33,2.1086193444485715,0,0.2391043305397033,0,0.981783923139442,"{""type"":""MultiPoint"",""coordinates"":[]}"
3069,878,1.1123376722256595,1,4.630460262298584,0,0.6609501013500717,"{""type"":""MultiPoint"",""coordinates"":[]}"
3070,382,2.2046535180537106,1,3.7916438579559326,1,1.1319046333744505,"{""type"":""MultiPoint"",""coordinates"":[]}"
3071,323,2.019124627443309,0,2.878608465194702,0,0.8158398453786491,"{""type"":""MultiPoint"",""coordinates"":[]}"
3072,122,1.7688213698717272,0,0.3776905238628387,0,1.022249742594675,"{""type"":""MultiPoint"",""coordinates"":[]}"
3073,210,2.078304720271292,0,1.0823670625686646,0,1.0465160135966152,"{""type"":""MultiPoint"",""coordinates"":[]}"
3074,7,4.058009311842343,0,0.0,0,1.748389081757882,"{""type"":""MultiPoint"",""coordinates"":[]}"
3075,135,2.332153046326891,1,0.1564628630876541,1,1.1375679856956458,"{""type"":""MultiPoint"",""coordinates"":[]}"
3076,810,2.381053709137751,1,2.490597724914551,1,1.1979268573539414,"{""type"":""MultiPoint"",""coordinates"":[]}"
3077,71,2.474469157199223,1,0.3056797683238983,1,0.977116238692242,"{""type"":""MultiPoint"",""coordinates"":[]}"
3078,15,3.580573824285928,0,0.0655210986733436,0,1.6109334388838634,"{""type"":""MultiPoint"",""coordinates"":[]}"
3079,236,1.1180886277824362,0,0.3946569561958313,0,0.5155792366495207,"{""type"":""MultiPoint"",""coordinates"":[]}"
3080,49,2.0538180187475445,1,0.0869522094726562,1,0.9598960152828812,"{""type"":""MultiPoint"",""coordinates"":[]}"
3081,57,2.102739730498381,1,0.0655306279659271,1,1.1344593465104953,"{""type"":""MultiPoint"",""coordinates"":[]}"
3082,396,1.5479069531971876,1,6.339115142822266,0,0.8270509858584416,"{""type"":""MultiPoint"",""coordinates"":[]}"
3083,168,2.3455152403386923,1,0.4128030240535736,1,1.1570419226116906,"{""type"":""MultiPoint"",""coordinates"":[]}"
3084,551,2.322381376183638,1,6.2025017738342285,1,1.2499884715203136,"{""type"":""MultiPoint"",""coordinates"":[]}"
3085,1602,0.7222722287716908,0,8.6686429977417,0,0.3632968141791968,"{""type"":""MultiPoint"",""coordinates"":[]}"
3086,394,2.161387591753815,1,0.6063568592071533,1,1.2174628961386635,"{""type"":""MultiPoint"",""coordinates"":[]}"
3087,29,2.8183431705906083,1,0.1322229653596878,1,1.134009020297249,"{""type"":""MultiPoint"",""coordinates"":[]}"
3088,121,1.9033299025866457,1,0.3527937531471252,0,0.8452395978257101,"{""type"":""MultiPoint"",""coordinates"":[]}"
3089,20,2.8000439280892198,1,0.1209548786282539,1,1.3561986743936798,"{""type"":""MultiPoint"",""coordinates"":[]}"
3090,46,2.607913557447403,1,0.280895859003067,1,1.08408523776899,"{""type"":""MultiPoint"",""coordinates"":[]}"
3091,430,2.259761867857826,0,0.2780729532241821,0,1.236995596028016,"{""type"":""MultiPoint"",""coordinates"":[]}"
3092,5,4.104927869183763,1,0.0827900320291519,2,1.6343704350248875,"{""type"":""MultiPoint"",""coordinates"":[]}"
3093,73,2.0506164527603614,0,0.4962521195411682,0,0.9317262384649226,"{""type"":""MultiPoint"",""coordinates"":[]}"
3094,50,1.9593171597329653,0,0.1196585521101951,0,0.9141591731717722,"{""type"":""MultiPoint"",""coordinates"":[]}"
3095,133,2.192453244832324,0,0.2673452794551849,0,1.0480655895478093,"{""type"":""MultiPoint"",""coordinates"":[]}"
3096,590,2.439500571204455,0,2.169227123260498,0,1.393165234279148,"{""type"":""MultiPoint"",""coordinates"":[]}"
3097,633,1.587057277825116,0,14.751197814941406,0,0.7206624113184849,"{""type"":""MultiPoint"",""coordinates"":[]}"
3098,12,2.4981260670251344,1,0.0590354315936565,1,1.0070335921365734,"{""type"":""MultiPoint"",""coordinates"":[]}"
3099,149,2.013496863568603,1,0.4149981737136841,1,1.0051307851883422,"{""type"":""MultiPoint"",""coordinates"":[]}"
3100,434,2.118257958694973,0,4.427054405212402,0,1.1064264628845188,"{""type"":""MultiPoint"",""coordinates"":[]}"
3101,267,1.9359130776270967,0,1.392924666404724,0,1.09561885035678,"{""type"":""MultiPoint"",""coordinates"":[]}"
3102,234,1.1180886277824362,0,1.187372803688049,0,0.5155792366495207,"{""type"":""MultiPoint"",""coordinates"":[]}"
3103,134,1.9450736579560892,1,0.3513653874397278,0,1.1134808879613365,"{""type"":""MultiPoint"",""coordinates"":[]}"
3104,66,2.026458930593141,1,0.0579681657254695,1,1.0185392605297765,"{""type"":""MultiPoint"",""coordinates"":[]}"
3105,74,2.525223014652472,0,0.0918238312005996,0,1.287440359206909,"{""type"":""MultiPoint"",""coordinates"":[]}"
3106,20,2.298544780443667,1,0.0413581170141696,1,0.9913163460935422,"{""type"":""MultiPoint"",""coordinates"":[]}"
3107,144,1.5216407240131369,1,0.1581262499094009,0,0.8895665197915722,"{""type"":""MultiPoint"",""coordinates"":[]}"
3108,75,2.398627923678175,0,0.1058326289057731,0,1.1942120947329484,"{""type"":""MultiPoint"",""coordinates"":[]}"
3109,272,3.1936993548294184,1,0.2523982226848602,2,1.6945040077020312,"{""type"":""MultiPoint"",""coordinates"":[]}"
3110,93,1.916989124284917,0,0.1563980728387832,0,1.0417198986542282,"{""type"":""MultiPoint"",""coordinates"":[]}"
3111,195,1.822939408282726,1,0.5037965178489685,0,0.9863192780142565,"{""type"":""MultiPoint"",""coordinates"":[]}"
3112,205,2.1532205106792737,0,0.2213403582572937,0,0.8561089917271784,"{""type"":""MultiPoint"",""coordinates"":[]}"
3113,58,1.804191435269273,0,0.1835234761238098,0,0.8448756499881416,"{""type"":""MultiPoint"",""coordinates"":[]}"
3114,262,2.1831748171277265,1,1.0079576969146729,1,1.2370064284468276,"{""type"":""MultiPoint"",""coordinates"":[]}"
3115,9,2.74663348351555,1,0.0289840884506702,1,1.2102160143135006,"{""type"":""MultiPoint"",""coordinates"":[]}"
3116,8,3.0714209339339598,1,0.1460074633359909,2,1.2700744088207092,"{""type"":""MultiPoint"",""coordinates"":[]}"
3117,1852,1.7427547596147346,0,7.179189682006836,0,0.7715009046774661,"{""type"":""MultiPoint"",""coordinates"":[]}"
3118,678,2.753555734123327,0,3.43292236328125,0,1.4428392591735482,"{""type"":""MultiPoint"",""coordinates"":[]}"
3119,6,3.4117452649048827,1,0.210486501455307,2,1.427630176729881,"{""type"":""MultiPoint"",""coordinates"":[]}"
3120,95,2.1120066764009686,1,0.2704187333583832,1,1.056252694940343,"{""type"":""MultiPoint"",""coordinates"":[]}"
3121,34,4.246873116020533,1,0.1694940328598022,2,1.7146205748618,"{""type"":""MultiPoint"",""coordinates"":[]}"
3122,445,2.275583103503933,1,0.2215451300144195,1,1.2147005913762654,"{""type"":""MultiPoint"",""coordinates"":[]}"
3123,469,2.3010457503036155,0,0.520775556564331,0,1.276800540873673,"{""type"":""MultiPoint"",""coordinates"":[]}"
3124,460,2.275583103503933,1,0.3732333183288574,1,1.2147005913762654,"{""type"":""MultiPoint"",""coordinates"":[]}"
3125,280,2.3917711262856023,1,0.5142982006072998,1,1.327900051843739,"{""type"":""MultiPoint"",""coordinates"":[]}"
3126,372,2.443693577618349,1,0.1181563660502433,1,1.305968204412328,"{""type"":""MultiPoint"",""coordinates"":[]}"
3127,16,3.112438207015709,1,0.0587753839790821,2,1.4716031485262364,"{""type"":""MultiPoint"",""coordinates"":[]}"
3128,302,0.9954394846852156,0,12.5419282913208,0,0.5980286306944166,"{""type"":""MultiPoint"",""coordinates"":[]}"
3129,1532,0.7297211580512621,0,16.46202278137207,0,0.3584854003577742,"{""type"":""MultiPoint"",""coordinates"":[]}"
3130,231,1.562516013942547,0,0.4698338806629181,0,0.8648833806098261,"{""type"":""MultiPoint"",""coordinates"":[]}"
3131,226,0.9538523072694828,0,2.1779842376708984,0,0.5081228122415963,"{""type"":""MultiPoint"",""coordinates"":[]}"
3132,110,1.897806734288321,0,0.2479687482118606,0,0.9722481594308688,"{""type"":""MultiPoint"",""coordinates"":[]}"
3133,269,2.2508798976054463,1,0.4636528491973877,1,1.2575684738564552,"{""type"":""MultiPoint"",""coordinates"":[]}"
3134,245,1.124794861069113,1,0.8947577476501465,0,0.5986513695856246,"{""type"":""MultiPoint"",""coordinates"":[]}"
3135,196,2.559478692729965,1,0.358712762594223,1,1.4097191977036696,"{""type"":""MultiPoint"",""coordinates"":[]}"
3136,84,2.03613802098438,0,0.2775933146476745,0,0.918491918295635,"{""type"":""MultiPoint"",""coordinates"":[]}"
3138,82,2.2303287724879777,0,0.1763617098331451,0,1.109310912587507,"{""type"":""MultiPoint"",""coordinates"":[]}"
3139,127,2.088412484436005,1,0.3192155063152313,1,1.0532641148981878,"{""type"":""MultiPoint"",""coordinates"":[]}"
3140,57,1.970116464993072,0,0.1460806429386139,0,0.9281518152425076,"{""type"":""MultiPoint"",""coordinates"":[]}"
3141,393,2.1514531233815206,0,0.3679508566856384,0,1.0049885167315835,"{""type"":""MultiPoint"",""coordinates"":[]}"
3142,223,1.072961761141661,1,0.3368887603282928,0,0.480394803299655,"{""type"":""MultiPoint"",""coordinates"":[]}"
3143,424,1.5189974710194931,0,6.5140156745910645,0,0.6610196240493245,"{""type"":""MultiPoint"",""coordinates"":[]}"
3144,580,1.554057779029695,0,1.3290774822235107,0,0.7191190818915735,"{""type"":""MultiPoint"",""coordinates"":[]}"
3145,400,1.9940263273884185,0,0.651472806930542,0,1.0900795391873226,"{""type"":""MultiPoint"",""coordinates"":[]}"
3146,123,1.9450736579560892,1,0.2517605125904083,0,1.1134808879613365,"{""type"":""MultiPoint"",""coordinates"":[]}"
3147,12,2.5248766802448377,0,0.0295080598443746,0,0.988051272945059,"{""type"":""MultiPoint"",""coordinates"":[]}"
3148,114,1.9943921899668164,1,0.3320089280605316,0,1.0253399121221662,"{""type"":""MultiPoint"",""coordinates"":[]}"
3149,104,1.925394411909376,0,0.1509494930505752,0,0.9686687640810038,"{""type"":""MultiPoint"",""coordinates"":[]}"
3150,81,2.034166895451313,0,0.2761662304401397,0,1.0030494541626758,"{""type"":""MultiPoint"",""coordinates"":[]}"
3151,689,2.245956656386427,0,4.532104969024658,0,1.1626437644204233,"{""type"":""MultiPoint"",""coordinates"":[]}"
3152,14,2.5248766802448377,1,0.0413637235760688,1,0.988051272945059,"{""type"":""MultiPoint"",""coordinates"":[]}"
3153,9,2.1409018724094837,1,0.0295674335211515,1,0.9277353566231704,"{""type"":""MultiPoint"",""coordinates"":[]}"
3154,10,3.112438207015709,1,0.0655361115932464,2,1.4716031485262364,"{""type"":""MultiPoint"",""coordinates"":[]}"
3155,40,2.2828945340508904,1,0.1240779086947441,1,1.0336264403159805,"{""type"":""MultiPoint"",""coordinates"":[]}"
3156,76,1.6690082623450078,0,0.3513775765895843,0,1.128417530365516,"{""type"":""MultiPoint"",""coordinates"":[]}"
3157,148,1.3861983624674004,1,0.3242095708847046,0,0.8462344102296303,"{""type"":""MultiPoint"",""coordinates"":[]}"
3158,91,1.7739569616726325,1,0.2393080294132232,0,0.8477052661408697,"{""type"":""MultiPoint"",""coordinates"":[]}"
3159,198,1.5578379363704489,0,0.9100956320762634,0,0.7168065748550353,"{""type"":""MultiPoint"",""coordinates"":[]}"
3160,15,2.1956045869927308,1,0.0413891859352588,1,0.9720802496112436,"{""type"":""MultiPoint"",""coordinates"":[]}"
3161,234,1.6594003732532308,1,0.4318962097167969,0,0.6728735834065964,"{""type"":""MultiPoint"",""coordinates"":[]}"
3162,6,4.104927869183763,0,0.0,0,1.6343704350248875,"{""type"":""MultiPoint"",""coordinates"":[]}"
3163,595,0.9894105338592432,0,3.3185184001922607,0,0.6106169836030625,"{""type"":""MultiPoint"",""coordinates"":[]}"
3164,868,3.0436809294223983,1,0.4304069876670837,2,1.4955746716115963,"{""type"":""MultiPoint"",""coordinates"":[]}"
3165,392,2.206090649761835,1,0.3129923641681671,1,1.1455857572318906,"{""type"":""MultiPoint"",""coordinates"":[]}"
3166,514,1.897451831372988,1,1.045822262763977,0,0.9654793824061276,"{""type"":""MultiPoint"",""coordinates"":[]}"
3167,335,1.5729592329858646,0,2.3672537803649902,0,0.8107232565827517,"{""type"":""MultiPoint"",""coordinates"":[]}"
3168,388,1.1764139391825288,0,1.8119930028915403,0,0.5773902150109429,"{""type"":""MultiPoint"",""coordinates"":[]}"
3169,12,2.4246190569512374,1,0.1316068470478058,1,1.0254019645522532,"{""type"":""MultiPoint"",""coordinates"":[]}"
3170,72,2.929828299049244,0,0.29432213306427,0,1.1882817165656967,"{""type"":""MultiPoint"",""coordinates"":[]}"
3171,282,0.424513132550473,0,0.8032094836235046,0,0.2185266559926506,"{""type"":""MultiPoint"",""coordinates"":[]}"
3172,186,1.1683503395656725,1,0.6206349730491638,0,0.6342923810416271,"{""type"":""MultiPoint"",""coordinates"":[]}"
3173,189,1.026858668657541,1,0.7106661200523376,0,0.472815703142056,"{""type"":""MultiPoint"",""coordinates"":[]}"
3174,17,4.246873116020533,0,0.5510838031768799,0,1.7146205748618,"{""type"":""MultiPoint"",""coordinates"":[]}"
3175,60,2.118599578217152,1,0.2994327843189239,1,1.149190790198498,"{""type"":""MultiPoint"",""coordinates"":[]}"
3176,86,2.404776655621608,1,0.1578029245138168,1,1.2006613426125037,"{""type"":""MultiPoint"",""coordinates"":[]}"
3177,354,2.161387591753815,1,0.4777531027793884,1,1.2174628961386635,"{""type"":""MultiPoint"",""coordinates"":[]}"
3178,242,0.8081290910926276,0,1.472278118133545,0,0.4277897792625033,"{""type"":""MultiPoint"",""coordinates"":[]}"
3179,69,2.0639387645834573,0,0.1196039617061615,0,1.1311356244352513,"{""type"":""MultiPoint"",""coordinates"":[]}"
3180,48,2.344002118188232,1,0.5216992497444153,1,1.0385871276031855,"{""type"":""MultiPoint"",""coordinates"":[]}"
3181,767,2.589710677731332,0,1.8725666999816892,0,1.3805008446857812,"{""type"":""MultiPoint"",""coordinates"":[]}"
3182,184,1.9809681164027817,0,7.322558879852295,0,1.281242839150036,"{""type"":""MultiPoint"",""coordinates"":[]}"
3183,96,1.916989124284917,1,0.1739040166139602,0,1.0417198986542282,"{""type"":""MultiPoint"",""coordinates"":[]}"
3184,56,2.026458930593141,1,0.1565846055746078,1,1.0185392605297765,"{""type"":""MultiPoint"",""coordinates"":[]}"
3185,369,1.9940263273884185,0,0.435942143201828,0,1.0900795391873226,"{""type"":""MultiPoint"",""coordinates"":[]}"
3186,27,2.1573427867248625,0,0.2352320253849029,0,0.9693776187917708,"{""type"":""MultiPoint"",""coordinates"":[]}"
3187,83,2.5548406395912093,0,0.1196328923106193,0,1.2918991697221325,"{""type"":""MultiPoint"",""coordinates"":[]}"
3188,145,1.671205173157251,1,7.360725879669189,0,0.7080971209804702,"{""type"":""MultiPoint"",""coordinates"":[]}"
3189,79,2.002886541634349,1,0.3307755887508392,1,0.9304254013966669,"{""type"":""MultiPoint"",""coordinates"":[]}"
3190,26,2.76623344880158,0,0.0869522094726562,0,1.3563923054914993,"{""type"":""MultiPoint"",""coordinates"":[]}"
3191,104,2.2257651991813376,0,0.1449201554059982,0,1.1819722301456357,"{""type"":""MultiPoint"",""coordinates"":[]}"
3192,349,0.9978458936171164,1,0.8589804768562317,0,0.5069012647792266,"{""type"":""MultiPoint"",""coordinates"":[]}"
3193,18,2.679090434171439,1,0.0829233527183532,1,1.1203455463766068,"{""type"":""MultiPoint"",""coordinates"":[]}"
3194,223,1.671205173157251,0,4.381692886352539,0,0.7080971209804702,"{""type"":""MultiPoint"",""coordinates"":[]}"
3195,179,1.7201416414556538,1,0.3630417287349701,0,0.7339289597706087,"{""type"":""MultiPoint"",""coordinates"":[]}"
3196,20,2.003108931994663,0,0.1196473464369773,0,0.8958363081773946,"{""type"":""MultiPoint"",""coordinates"":[]}"
3197,69,2.027329455645628,1,0.2100928127765655,1,0.9530128639881198,"{""type"":""MultiPoint"",""coordinates"":[]}"
3198,83,2.929828299049244,0,0.3126237392425537,0,1.1882817165656967,"{""type"":""MultiPoint"",""coordinates"":[]}"
3199,145,1.8398691352602785,1,0.3127025663852691,0,0.8027091158700879,"{""type"":""MultiPoint"",""coordinates"":[]}"
3200,57,1.948628699252423,1,0.1301703304052353,0,0.916229924324172,"{""type"":""MultiPoint"",""coordinates"":[]}"
3201,386,1.741429791115748,1,0.857742428779602,0,0.7489990097954086,"{""type"":""MultiPoint"",""coordinates"":[]}"
3202,32,2.1031110991355524,1,0.353034645318985,1,0.9761771602390066,"{""type"":""MultiPoint"",""coordinates"":[]}"
3203,304,2.3729240259761477,0,0.5225349068641663,0,1.209537386209789,"{""type"":""MultiPoint"",""coordinates"":[]}"
3204,30,2.507170439164776,0,0.0869522094726562,0,1.0311741677945163,"{""type"":""MultiPoint"",""coordinates"":[]}"
3205,52,4.200403303363268,0,0.5342460870742798,0,1.5678915878089972,"{""type"":""MultiPoint"",""coordinates"":[]}"
3206,123,1.993117633404856,1,0.1513748914003372,0,0.9906699444490358,"{""type"":""MultiPoint"",""coordinates"":[]}"
3207,200,1.5832791589191029,1,0.4047921001911163,0,0.6790427343731306,"{""type"":""MultiPoint"",""coordinates"":[]}"
3208,152,1.5042219525369624,0,0.2392282038927078,0,0.9539971399024844,"{""type"":""MultiPoint"",""coordinates"":[]}"
3209,407,2.6120082202415427,1,0.4213635921478271,1,1.31704546735355,"{""type"":""MultiPoint"",""coordinates"":[]}"
3210,756,1.206029539787516,0,5.5035319328308105,0,0.5739807890933347,"{""type"":""MultiPoint"",""coordinates"":[]}"
3211,74,1.9057245565720704,0,0.3046101629734039,0,0.9637902449515072,"{""type"":""MultiPoint"",""coordinates"":[]}"
3212,455,1.3221929349466883,0,13.247513771057127,0,0.5440395214341774,"{""type"":""MultiPoint"",""coordinates"":[]}"
3213,244,1.562516013942547,1,1.84381365776062,0,0.8648833806098261,"{""type"":""MultiPoint"",""coordinates"":[]}"
3214,29,2.5880399644683187,1,0.065512977540493,1,1.3184770109943205,"{""type"":""MultiPoint"",""coordinates"":[]}"
3216,201,1.8789136290199204,1,0.5652885437011719,0,1.0125894697606836,"{""type"":""MultiPoint"",""coordinates"":[]}"
3217,14,2.608239876981464,1,0.2483565807342529,1,1.0855303638713312,"{""type"":""MultiPoint"",""coordinates"":[]}"
3218,347,2.161387591753815,1,0.5245985984802246,1,1.2174628961386635,"{""type"":""MultiPoint"",""coordinates"":[]}"
3219,412,1.9737195792517217,1,0.4936084449291229,0,1.0404390091045057,"{""type"":""MultiPoint"",""coordinates"":[]}"
3220,33,1.8598914686659112,1,0.0869522094726562,0,1.1753024650476478,"{""type"":""MultiPoint"",""coordinates"":[]}"
3221,176,1.9793476899338716,1,0.3874582052230835,0,0.9053155560448372,"{""type"":""MultiPoint"",""coordinates"":[]}"
3222,169,2.051384158980655,0,0.5055784583091736,0,1.124440119531671,"{""type"":""MultiPoint"",""coordinates"":[]}"
3223,162,1.3905291847325485,1,0.1788856983184814,0,0.7448226784200308,"{""type"":""MultiPoint"",""coordinates"":[]}"
3224,892,0.914963272231469,0,21.507896423339844,0,0.4364339607588587,"{""type"":""MultiPoint"",""coordinates"":[]}"
3225,316,3.3594297759706966,1,0.4602467119693756,2,1.7484056569308168,"{""type"":""MultiPoint"",""coordinates"":[]}"
3226,119,1.993117633404856,1,0.170142725110054,0,0.9906699444490358,"{""type"":""MultiPoint"",""coordinates"":[]}"
3227,241,1.155516999409218,0,0.3727226257324219,0,0.4913395757729343,"{""type"":""MultiPoint"",""coordinates"":[]}"
3228,128,1.6536260126633358,1,0.0658726394176483,0,0.7253528735749425,"{""type"":""MultiPoint"",""coordinates"":[]}"
3229,394,2.2470718729652104,0,3.690352916717529,0,1.2957750075048893,"{""type"":""MultiPoint"",""coordinates"":[]}"
3230,597,1.163699504638066,0,8.88858699798584,0,0.5947266593139773,"{""type"":""MultiPoint"",""coordinates"":[]}"
3231,170,1.9968617862348896,1,0.267520397901535,0,1.0273501785591308,"{""type"":""MultiPoint"",""coordinates"":[]}"
3232,34,2.4726663843451497,0,0.1867965459823608,0,1.0013335908105676,"{""type"":""MultiPoint"",""coordinates"":[]}"
3233,201,2.0277007402700957,0,0.6770058870315552,0,1.193263540696278,"{""type"":""MultiPoint"",""coordinates"":[]}"
3234,13,3.135842213370662,1,0.0825001150369644,2,1.438884866136444,"{""type"":""MultiPoint"",""coordinates"":[]}"
3235,362,2.206090649761835,1,0.3519421219825744,1,1.1455857572318906,"{""type"":""MultiPoint"",""coordinates"":[]}"
3236,494,1.9474103576336348,1,0.3745073080062866,0,0.977167471922742,"{""type"":""MultiPoint"",""coordinates"":[]}"
3237,572,1.550143223870268,1,2.9839954376220703,0,0.6312344336029411,"{""type"":""MultiPoint"",""coordinates"":[]}"
3238,979,1.2706688059130569,1,2.474123001098633,0,0.7476622345494036,"{""type"":""MultiPoint"",""coordinates"":[]}"
3239,351,2.0814856100378942,1,0.5981074571609497,1,1.0140682818582918,"{""type"":""MultiPoint"",""coordinates"":[]}"
3240,12,3.1005231138164606,0,0.3515938520431518,0,1.2311030315307854,"{""type"":""MultiPoint"",""coordinates"":[]}"
3241,1033,1.4209160745325276,0,14.167280197143556,0,0.7245326618784717,"{""type"":""MultiPoint"",""coordinates"":[]}"
3242,102,2.4138560221977032,1,0.2957961857318878,1,1.1514869986583305,"{""type"":""MultiPoint"",""coordinates"":[]}"
3243,161,1.9793222959283736,1,0.345112144947052,0,1.0743437618543528,"{""type"":""MultiPoint"",""coordinates"":[]}"
3244,389,1.554057779029695,0,0.7784582376480103,0,0.7191190818915735,"{""type"":""MultiPoint"",""coordinates"":[]}"
3245,227,1.8289710017555625,1,0.2279631495475769,0,0.9980950958966176,"{""type"":""MultiPoint"",""coordinates"":[]}"
3246,606,2.378430625219639,0,6.3112993240356445,0,1.2528892619052452,"{""type"":""MultiPoint"",""coordinates"":[]}"
3247,183,1.8152208222852475,0,0.1496551483869552,0,0.7869891805566256,"{""type"":""MultiPoint"",""coordinates"":[]}"
3248,67,1.710130655388445,1,0.2860014736652374,0,0.7516166767644664,"{""type"":""MultiPoint"",""coordinates"":[]}"
3249,118,2.397161053279313,1,0.0918163135647773,1,1.1244164273060475,"{""type"":""MultiPoint"",""coordinates"":[]}"
3250,809,1.403476903994285,0,6.447945594787598,0,0.6125195449365191,"{""type"":""MultiPoint"",""coordinates"":[]}"
3251,481,2.155852290131217,0,2.20886754989624,0,1.1219718132963958,"{""type"":""MultiPoint"",""coordinates"":[]}"
3252,1963,0.8369741441131859,0,1.4032331705093384,0,0.4029493038610932,"{""type"":""MultiPoint"",""coordinates"":[]}"
3253,532,1.933553949436766,0,2.836634874343872,0,1.0217557924938403,"{""type"":""MultiPoint"",""coordinates"":[]}"
3254,32,1.9780620592278777,1,0.0882069617509841,0,1.1657015362483876,"{""type"":""MultiPoint"",""coordinates"":[]}"
3255,117,2.023783490205445,1,0.2692134082317352,1,0.9706077907976944,"{""type"":""MultiPoint"",""coordinates"":[]}"
3256,539,1.7017127565520775,0,12.17901611328125,0,0.7037100684447265,"{""type"":""MultiPoint"",""coordinates"":[]}"
3257,71,2.4065181092234385,1,0.4138331115245819,1,1.1445074922349985,"{""type"":""MultiPoint"",""coordinates"":[]}"
3258,436,1.9247879392769796,0,1.9289495944976809,0,1.0703750408946655,"{""type"":""MultiPoint"",""coordinates"":[]}"
3259,2,3.250397918035241,0,0.0289840884506702,0,1.2632219777726683,"{""type"":""MultiPoint"",""coordinates"":[]}"
3260,350,1.5729592329858646,1,1.8507925271987915,0,0.8107232565827517,"{""type"":""MultiPoint"",""coordinates"":[]}"
3261,47,2.168269914880928,0,0.3567271530628204,0,1.0611779354863704,"{""type"":""MultiPoint"",""coordinates"":[]}"
3262,707,1.6784466555484834,0,13.710289001464844,0,0.7820336566740402,"{""type"":""MultiPoint"",""coordinates"":[]}"
3263,390,2.6120082202415427,0,0.619993269443512,0,1.31704546735355,"{""type"":""MultiPoint"",""coordinates"":[]}"
3264,450,1.2571589847499378,0,6.437672138214111,0,0.6375893246430799,"{""type"":""MultiPoint"",""coordinates"":[]}"
3265,107,2.000542941075095,0,0.4152043163776397,0,1.058241219686175,"{""type"":""MultiPoint"",""coordinates"":[]}"
3266,56,1.970116464993072,1,0.0659494251012802,0,0.9281518152425076,"{""type"":""MultiPoint"",""coordinates"":[]}"
3267,94,2.019650128643471,0,0.2345135807991027,0,1.1254407702942757,"{""type"":""MultiPoint"",""coordinates"":[]}"
3268,129,2.076607026953737,0,0.3328456580638885,0,1.1935656940698796,"{""type"":""MultiPoint"",""coordinates"":[]}"
3269,100,1.8290004346460536,0,0.2726847231388092,0,0.8763881125122542,"{""type"":""MultiPoint"",""coordinates"":[]}"
3270,129,1.7508474420901976,1,0.0412631817162036,0,0.811622569100407,"{""type"":""MultiPoint"",""coordinates"":[]}"
3271,246,2.050890501332101,1,1.7548601627349854,1,1.104288835877086,"{""type"":""MultiPoint"",""coordinates"":[]}"
3272,485,2.4925487306860403,0,1.5147215127944946,0,1.3672472065306145,"{""type"":""MultiPoint"",""coordinates"":[]}"
3273,552,1.2376057899625017,0,3.0372447967529297,0,0.574073298716852,"{""type"":""MultiPoint"",""coordinates"":[]}"
3274,45,1.9959453820978368,0,0.0587861090898513,0,1.1523829223607478,"{""type"":""MultiPoint"",""coordinates"":[]}"
3275,23,2.46254168276631,0,0.0826686322689056,0,0.9632302035094896,"{""type"":""MultiPoint"",""coordinates"":[]}"
3276,425,1.0497370427767343,1,4.670528411865234,0,0.4475999928184658,"{""type"":""MultiPoint"",""coordinates"":[]}"
3277,176,1.497130263435558,0,0.3800910413265228,0,0.7562579700868141,"{""type"":""MultiPoint"",""coordinates"":[]}"
3278,408,2.2403403073775485,0,0.1837433278560638,0,1.2532822945785425,"{""type"":""MultiPoint"",""coordinates"":[]}"
3279,294,1.4265786444870092,1,1.1412858963012695,0,0.5893091237502357,"{""type"":""MultiPoint"",""coordinates"":[]}"
3280,319,1.806919845504693,0,0.6060425639152527,0,0.7160985633699634,"{""type"":""MultiPoint"",""coordinates"":[]}"
3281,14,2.547343700285216,0,0.0579681657254695,0,1.0923091190885366,"{""type"":""MultiPoint"",""coordinates"":[]}"
3282,41,2.0770468859749043,0,0.0917821526527404,0,1.1482930706520855,"{""type"":""MultiPoint"",""coordinates"":[]}"
3283,180,1.5832791589191029,0,0.183695763349533,0,0.6790427343731306,"{""type"":""MultiPoint"",""coordinates"":[]}"
3284,35,2.237875450490162,1,0.1243511587381362,1,0.9899313762970018,"{""type"":""MultiPoint"",""coordinates"":[]}"
3285,54,1.8853312195131424,0,0.2519873082637787,0,0.9683394271901012,"{""type"":""MultiPoint"",""coordinates"":[]}"
3286,170,1.8525295889397095,1,0.2608550190925598,0,0.8749580024208224,"{""type"":""MultiPoint"",""coordinates"":[]}"
3287,299,0.6569669577796318,1,1.175857663154602,0,0.3585157183972629,"{""type"":""MultiPoint"",""coordinates"":[]}"
3288,138,2.078304720271292,1,1.0488317012786863,1,1.0465160135966152,"{""type"":""MultiPoint"",""coordinates"":[]}"
3289,11,3.342437234959725,1,0.091829814016819,2,1.2811879768499272,"{""type"":""MultiPoint"",""coordinates"":[]}"
3290,68,1.8203903357715483,1,0.1060085594654083,0,0.8637153585854873,"{""type"":""MultiPoint"",""coordinates"":[]}"
3291,103,1.9020795630951235,0,0.46922567486763,0,0.9706780875238592,"{""type"":""MultiPoint"",""coordinates"":[]}"
3292,77,1.7199518795196225,0,0.2994703948497772,0,1.163797340250066,"{""type"":""MultiPoint"",""coordinates"":[]}"
3293,80,2.1152120923223454,1,0.4043301045894623,1,1.086846054595061,"{""type"":""MultiPoint"",""coordinates"":[]}"
3294,169,1.3481772946534774,0,0.2080549299716949,0,0.7261472878513459,"{""type"":""MultiPoint"",""coordinates"":[]}"
3295,171,2.4798626020111447,1,0.0827124714851379,1,1.3703515442383143,"{""type"":""MultiPoint"",""coordinates"":[]}"
3296,157,1.497130263435558,1,0.5020396113395691,0,0.7562579700868141,"{""type"":""MultiPoint"",""coordinates"":[]}"
3297,30,2.2274142495321763,0,0.1196294575929641,0,0.982113353815436,"{""type"":""MultiPoint"",""coordinates"":[]}"
3298,354,1.627636450661884,1,0.5104108452796936,0,0.648440294314128,"{""type"":""MultiPoint"",""coordinates"":[]}"
3299,392,1.3733212080216048,0,3.503462553024292,0,0.5260603576148088,"{""type"":""MultiPoint"",""coordinates"":[]}"
3300,289,1.9958530707866595,1,0.3548654019832611,0,1.009434931686851,"{""type"":""MultiPoint"",""coordinates"":[]}"
3301,11,2.6547961403947875,0,0.0651563629508018,0,1.1103204817153385,"{""type"":""MultiPoint"",""coordinates"":[]}"
3302,40,2.225031173716224,0,0.6955840587615967,0,0.9632845016025096,"{""type"":""MultiPoint"",""coordinates"":[]}"
3303,565,1.6487676788720065,0,5.134793758392334,0,0.9142142275011496,"{""type"":""MultiPoint"",""coordinates"":[]}"
3304,236,1.9131939355811451,1,1.190628170967102,0,1.0898861784725191,"{""type"":""MultiPoint"",""coordinates"":[]}"
3305,20,2.462034616713609,0,0.1566507816314697,0,1.034758313643206,"{""type"":""MultiPoint"",""coordinates"":[]}"
3306,297,2.434789458820881,0,0.951498806476593,0,1.002738989223768,"{""type"":""MultiPoint"",""coordinates"":[]}"
3307,280,0.7141998268699804,0,0.2345903813838958,0,0.3711914690049633,"{""type"":""MultiPoint"",""coordinates"":[]}"
3308,34,2.135617035590709,1,0.0662221759557724,1,0.9901842087419594,"{""type"":""MultiPoint"",""coordinates"":[]}"
3309,24,2.608239876981464,1,0.2073431611061096,1,1.0855303638713312,"{""type"":""MultiPoint"",""coordinates"":[]}"
3310,1216,1.2456830584798937,0,15.772947311401367,0,0.6818337255692263,"{""type"":""MultiPoint"",""coordinates"":[]}"
3311,450,2.041037653239399,0,5.910457134246826,0,1.1182123654656848,"{""type"":""MultiPoint"",""coordinates"":[]}"
3312,302,2.1831748171277265,0,3.82789158821106,0,1.2370064284468276,"{""type"":""MultiPoint"",""coordinates"":[]}"
3313,129,1.581695047081311,1,0.2063443958759308,0,0.7108086032618779,"{""type"":""MultiPoint"",""coordinates"":[]}"
3314,288,1.697954597229979,1,0.5449737310409546,0,0.6638169401251471,"{""type"":""MultiPoint"",""coordinates"":[]}"
3315,69,1.7199518795196225,0,0.2363326698541641,0,1.163797340250066,"{""type"":""MultiPoint"",""coordinates"":[]}"
3316,168,1.559160011587909,1,0.0289840884506702,0,0.6758561725859648,"{""type"":""MultiPoint"",""coordinates"":[]}"
3317,261,1.2118354413796384,1,0.9353935122489928,0,0.5381303974449783,"{""type"":""MultiPoint"",""coordinates"":[]}"
3318,193,1.79821677720833,0,0.6081959009170532,0,0.7546480935971488,"{""type"":""MultiPoint"",""coordinates"":[]}"
3319,99,2.0785784333785915,1,0.2148549854755401,1,0.9611038669959924,"{""type"":""MultiPoint"",""coordinates"":[]}"
3320,12,3.112438207015709,0,0.0825466737151146,0,1.4716031485262364,"{""type"":""MultiPoint"",""coordinates"":[]}"
3321,543,2.3010457503036155,0,3.837763547897339,0,1.276800540873673,"{""type"":""MultiPoint"",""coordinates"":[]}"
3322,6,4.370330472364077,1,0.0293725784868001,2,1.862196094096915,"{""type"":""MultiPoint"",""coordinates"":[]}"
3323,6,4.484716222830941,0,0.1461735218763351,0,1.912527002372612,"{""type"":""MultiPoint"",""coordinates"":[]}"
3324,36,2.1549844194097347,0,0.0412771590054035,0,1.1828644728585924,"{""type"":""MultiPoint"",""coordinates"":[]}"
3325,461,2.3010457503036155,1,0.4558590948581695,1,1.276800540873673,"{""type"":""MultiPoint"",""coordinates"":[]}"
3326,873,2.7240446916468346,1,0.7350271940231323,1,1.350518857864085,"{""type"":""MultiPoint"",""coordinates"":[]}"
3327,481,2.1514531233815206,0,6.838156700134277,0,1.0049885167315835,"{""type"":""MultiPoint"",""coordinates"":[]}"
3328,585,2.2547610235036246,1,0.6666040420532227,1,1.1943867667893708,"{""type"":""MultiPoint"",""coordinates"":[]}"
3329,316,1.1117906357222478,0,8.189057350158691,0,0.6396632229454594,"{""type"":""MultiPoint"",""coordinates"":[]}"
3330,24,2.2375714079170046,1,0.0888496562838554,1,0.9750754386703602,"{""type"":""MultiPoint"",""coordinates"":[]}"
3331,315,3.3450571063206653,1,0.4446067214012146,2,1.6961739374812048,"{""type"":""MultiPoint"",""coordinates"":[]}"
3332,143,2.5317844513446537,0,0.3308956325054168,0,1.427240182725711,"{""type"":""MultiPoint"",""coordinates"":[]}"
3333,43,2.372773015873868,0,0.0289840884506702,0,1.168433747457306,"{""type"":""MultiPoint"",""coordinates"":[]}"
3334,40,2.409775922076211,1,0.0918272361159324,1,1.1356661307112317,"{""type"":""MultiPoint"",""coordinates"":[]}"
3335,264,2.7140013685020192,1,0.5577461123466492,1,1.4858715638309463,"{""type"":""MultiPoint"",""coordinates"":[]}"
3336,150,2.2095389772555016,1,3.812917470932007,1,1.1284533465246096,"{""type"":""MultiPoint"",""coordinates"":[]}"
3337,21,2.35375255836849,1,0.0590021610260009,1,0.9515416028136016,"{""type"":""MultiPoint"",""coordinates"":[]}"
3338,206,1.440097856426177,1,0.3561187386512756,0,0.6301598020221468,"{""type"":""MultiPoint"",""coordinates"":[]}"
3339,136,2.168998689358088,1,0.2732548415660858,1,1.0969384748088222,"{""type"":""MultiPoint"",""coordinates"":[]}"
3340,121,2.332153046326891,1,0.1179627403616905,1,1.1375679856956458,"{""type"":""MultiPoint"",""coordinates"":[]}"
3341,403,1.7554474928741874,1,4.922539234161377,0,0.7733480851064848,"{""type"":""MultiPoint"",""coordinates"":[]}"
3342,16,2.764702453811012,1,0.1872013956308365,1,1.1221537938846309,"{""type"":""MultiPoint"",""coordinates"":[]}"
3343,189,2.520828397268659,1,0.3326848149299621,1,1.3431762636495073,"{""type"":""MultiPoint"",""coordinates"":[]}"
3344,334,0.490209154495393,1,0.6403573155403137,0,0.2266964202609999,"{""type"":""MultiPoint"",""coordinates"":[]}"
3345,1011,2.558798585247073,1,0.8198384046554565,1,1.282320038157156,"{""type"":""MultiPoint"",""coordinates"":[]}"
3346,187,1.6845756633101108,1,0.5389189720153809,0,0.859849919302512,"{""type"":""MultiPoint"",""coordinates"":[]}"
3347,144,1.344615355995886,0,0.2112522721290588,0,0.7769218427403821,"{""type"":""MultiPoint"",""coordinates"":[]}"
3348,11,2.4981260670251344,1,0.059037197381258,1,1.0070335921365734,"{""type"":""MultiPoint"",""coordinates"":[]}"
3349,110,1.829148040518037,1,0.2903706133365631,0,0.8530475995289215,"{""type"":""MultiPoint"",""coordinates"":[]}"
3350,116,1.8086068015887176,1,0.1651722937822342,0,1.0499367955639256,"{""type"":""MultiPoint"",""coordinates"":[]}"
3351,82,2.4371559329601764,0,0.2368248403072357,0,1.203936654710691,"{""type"":""MultiPoint"",""coordinates"":[]}"
3352,281,0.7141998268699804,1,0.4152724146842956,0,0.3711914690049633,"{""type"":""MultiPoint"",""coordinates"":[]}"
3353,515,1.7717244920737516,0,0.5804187655448914,0,0.8508001127958511,"{""type"":""MultiPoint"",""coordinates"":[]}"
3354,1086,1.7427547596147346,0,8.780186653137207,0,0.7715009046774661,"{""type"":""MultiPoint"",""coordinates"":[]}"
3355,131,2.6558239025111066,1,0.3153069317340851,1,1.4791094314036304,"{""type"":""MultiPoint"",""coordinates"":[]}"
3356,243,2.123570811332753,0,1.3054143190383911,0,1.1860563180308774,"{""type"":""MultiPoint"",""coordinates"":[]}"
3357,318,1.904996530806268,1,0.1697700023651123,0,1.089877800166242,"{""type"":""MultiPoint"",""coordinates"":[]}"
3358,24,2.76623344880158,1,0.0869522094726562,1,1.3563923054914993,"{""type"":""MultiPoint"",""coordinates"":[]}"
3359,262,1.1492662840202104,1,0.4765717387199402,0,0.5019438815085241,"{""type"":""MultiPoint"",""coordinates"":[]}"
3360,482,1.973339745410363,1,0.5190831422805786,0,0.9882268760097608,"{""type"":""MultiPoint"",""coordinates"":[]}"
3361,317,1.613535409702708,0,14.41530418395996,0,0.7315895442386353,"{""type"":""MultiPoint"",""coordinates"":[]}"
3362,237,2.07550200545278,0,0.0415262132883071,0,1.1820874303052369,"{""type"":""MultiPoint"",""coordinates"":[]}"
3363,63,2.363476830350128,1,0.3523444533348083,1,1.045042830767987,"{""type"":""MultiPoint"",""coordinates"":[]}"
3364,98,1.909610978900916,0,0.1238810569047927,0,1.12766017027658,"{""type"":""MultiPoint"",""coordinates"":[]}"
3365,278,2.1831748171277265,0,0.6672671437263489,0,1.2370064284468276,"{""type"":""MultiPoint"",""coordinates"":[]}"
3366,76,2.42678833813838,0,0.0650491714477539,0,1.2054060711655288,"{""type"":""MultiPoint"",""coordinates"":[]}"
3367,272,1.4265786444870092,1,0.5612771511077881,0,0.5893091237502357,"{""type"":""MultiPoint"",""coordinates"":[]}"
3368,89,2.414083801071938,0,0.2084055691957473,0,1.1158105049311589,"{""type"":""MultiPoint"",""coordinates"":[]}"
3369,0,2.800193339387058,1,0.0579681657254695,1,1.1429407570945105,"{""type"":""MultiPoint"",""coordinates"":[]}"
3370,75,1.9796173854218435,1,0.2392733991146087,0,0.9620248057224016,"{""type"":""MultiPoint"",""coordinates"":[]}"
3371,198,1.879739784305661,0,5.9520182609558105,0,0.9877815809843168,"{""type"":""MultiPoint"",""coordinates"":[]}"
3372,502,1.8589431962210845,0,6.481999397277832,0,1.0321469924239606,"{""type"":""MultiPoint"",""coordinates"":[]}"
3373,480,2.2626477521000283,1,0.2483576536178589,1,1.2003657769798153,"{""type"":""MultiPoint"",""coordinates"":[]}"
3374,83,2.1683963670613355,0,0.4205679893493652,0,1.007022232198593,"{""type"":""MultiPoint"",""coordinates"":[]}"
3375,61,1.9020795630951235,1,0.0929954871535301,0,0.9706780875238592,"{""type"":""MultiPoint"",""coordinates"":[]}"
3376,80,1.9031294384785529,1,0.150715172290802,0,0.8945651146373838,"{""type"":""MultiPoint"",""coordinates"":[]}"
3377,80,2.118410044206491,0,0.3395211696624756,0,1.014976032250512,"{""type"":""MultiPoint"",""coordinates"":[]}"
3378,12,2.547343700285216,0,0.0662008300423622,0,1.0923091190885366,"{""type"":""MultiPoint"",""coordinates"":[]}"
3379,78,2.1635453510753284,1,0.2420121878385543,1,1.022350214820426,"{""type"":""MultiPoint"",""coordinates"":[]}"
3380,55,1.9772015245798376,1,0.1565763652324676,0,0.9638475032056366,"{""type"":""MultiPoint"",""coordinates"":[]}"
3381,13,3.387048073408114,0,0.0649584457278251,0,1.4899161889713326,"{""type"":""MultiPoint"",""coordinates"":[]}"
3382,194,2.4798626020111447,1,0.3681084811687469,1,1.3703515442383143,"{""type"":""MultiPoint"",""coordinates"":[]}"
3383,399,3.1124446173759326,1,0.5902104377746582,2,1.4599905703486864,"{""type"":""MultiPoint"",""coordinates"":[]}"
3384,92,2.024878301817492,1,0.106387473642826,1,0.9854259496946136,"{""type"":""MultiPoint"",""coordinates"":[]}"
3385,248,2.1090073093189075,0,2.7665674686431885,0,1.003478902432761,"{""type"":""MultiPoint"",""coordinates"":[]}"
3386,227,1.3941285156725884,1,0.3585477471351623,0,0.6539356259678245,"{""type"":""MultiPoint"",""coordinates"":[]}"
3387,33,2.290412878890094,1,0.2862587869167328,1,0.9817058749755094,"{""type"":""MultiPoint"",""coordinates"":[]}"
3388,141,1.5791055335884163,1,0.2278317213058471,0,0.9864940063355162,"{""type"":""MultiPoint"",""coordinates"":[]}"
3389,718,1.5984524292700193,0,1.2295905351638794,0,0.8642031919550477,"{""type"":""MultiPoint"",""coordinates"":[]}"
3390,961,1.960924505340819,0,1.5983940362930298,0,1.1233080380977305,"{""type"":""MultiPoint"",""coordinates"":[]}"
3391,249,0.7141998268699804,1,0.387033998966217,0,0.3711914690049633,"{""type"":""MultiPoint"",""coordinates"":[]}"
3392,1617,1.189481581742856,1,24.21933364868164,0,0.6876972408139139,"{""type"":""MultiPoint"",""coordinates"":[]}"
3393,272,1.7608049205797722,0,7.150036334991455,0,0.9749339247252902,"{""type"":""MultiPoint"",""coordinates"":[]}"
3394,400,2.052540043945101,1,0.4646851718425751,1,1.068842908696514,"{""type"":""MultiPoint"",""coordinates"":[]}"
3395,80,1.8680290226720828,0,0.4365868270397186,0,1.190999734828575,"{""type"":""MultiPoint"",""coordinates"":[]}"
3396,24,2.2853544541254798,1,0.0413776189088821,1,1.031258530807923,"{""type"":""MultiPoint"",""coordinates"":[]}"
3397,323,1.2235938679318397,1,0.4476203024387359,0,0.5155826355207517,"{""type"":""MultiPoint"",""coordinates"":[]}"
3398,79,2.30861979426877,1,0.293425977230072,1,1.086556713014008,"{""type"":""MultiPoint"",""coordinates"":[]}"
3399,144,1.6105968047818155,1,0.1699142605066299,0,0.6650021774477994,"{""type"":""MultiPoint"",""coordinates"":[]}"
3400,324,1.9958530707866595,1,0.3679180145263672,0,1.009434931686851,"{""type"":""MultiPoint"",""coordinates"":[]}"
3401,32,2.351583031650633,1,0.1719144731760025,1,1.0175481487282003,"{""type"":""MultiPoint"",""coordinates"":[]}"
3402,70,1.7199518795196225,0,0.363655537366867,0,1.163797340250066,"{""type"":""MultiPoint"",""coordinates"":[]}"
3403,403,1.1764139391825288,0,0.9622422456741332,0,0.5773902150109429,"{""type"":""MultiPoint"",""coordinates"":[]}"
3404,99,2.0859450276861926,1,0.2786679267883301,1,1.0420993842586066,"{""type"":""MultiPoint"",""coordinates"":[]}"
3405,16,2.816676834286981,0,0.0825178623199462,0,1.3341897024734255,"{""type"":""MultiPoint"",""coordinates"":[]}"
3406,823,2.589710677731332,1,1.4981063604354858,1,1.3805008446857812,"{""type"":""MultiPoint"",""coordinates"":[]}"
3407,146,2.237773227747402,1,0.4068397581577301,1,1.066586934829263,"{""type"":""MultiPoint"",""coordinates"":[]}"
3408,1060,0.9502485108094212,0,3.635490894317627,0,0.5160339438735938,"{""type"":""MultiPoint"",""coordinates"":[]}"
3409,425,2.8910351658464264,1,0.6962101459503174,1,1.4660915169746234,"{""type"":""MultiPoint"",""coordinates"":[]}"
3410,2352,0.9339461717146862,0,6.215975284576416,0,0.4783562176467341,"{""type"":""MultiPoint"",""coordinates"":[]}"
3411,412,2.383130190152734,0,0.2086767852306366,0,1.1193763513817032,"{""type"":""MultiPoint"",""coordinates"":[]}"
3412,432,1.7096471638407686,0,3.62385630607605,0,0.8417001450291085,"{""type"":""MultiPoint"",""coordinates"":[]}"
3413,66,2.993705832068715,0,0.2343886196613311,0,1.1834967747592036,"{""type"":""MultiPoint"",""coordinates"":[]}"
3414,109,1.758897143644027,0,0.2284975498914718,0,1.0959963165880626,"{""type"":""MultiPoint"",""coordinates"":[]}"
3415,121,1.7145947324393396,1,0.3641643226146698,0,0.7581230544489206,"{""type"":""MultiPoint"",""coordinates"":[]}"
3416,211,1.5497406099336624,1,0.3291689157485962,0,0.7649252692926983,"{""type"":""MultiPoint"",""coordinates"":[]}"
3417,100,2.0716556248041917,1,0.1053461804986,1,1.0164784432786105,"{""type"":""MultiPoint"",""coordinates"":[]}"
3418,176,2.213739715814732,0,5.876885414123535,0,1.2211441592137058,"{""type"":""MultiPoint"",""coordinates"":[]}"
3419,83,2.3157121864575685,1,0.176181361079216,1,1.1351641147415787,"{""type"":""MultiPoint"",""coordinates"":[]}"
3420,92,2.4371559329601764,1,0.1763873696327209,1,1.203936654710691,"{""type"":""MultiPoint"",""coordinates"":[]}"
3421,197,2.41311211269281,0,0.4574552774429321,0,0.96638205235882,"{""type"":""MultiPoint"",""coordinates"":[]}"
3422,151,1.8993703875191728,1,0.1883818209171295,0,0.9642304681687548,"{""type"":""MultiPoint"",""coordinates"":[]}"
3423,856,2.743479661053794,1,2.10125732421875,1,1.466970640658127,"{""type"":""MultiPoint"",""coordinates"":[]}"
3424,50,2.175535203986444,1,0.2806048393249511,1,0.9948537326456138,"{""type"":""MultiPoint"",""coordinates"":[]}"
3425,13,3.727250890980716,1,0.0655035600066185,2,1.662407314695008,"{""type"":""MultiPoint"",""coordinates"":[]}"
3426,236,2.07550200545278,0,0.16611048579216,0,1.1820874303052369,"{""type"":""MultiPoint"",""coordinates"":[]}"
3427,220,1.0724314435870987,1,0.317797303199768,0,0.4842199447142442,"{""type"":""MultiPoint"",""coordinates"":[]}"
3428,54,2.011208345935882,1,0.0649942979216575,1,1.1761889311849705,"{""type"":""MultiPoint"",""coordinates"":[]}"
3429,548,2.757200717599005,1,0.1479335129261016,1,1.4532985503594034,"{""type"":""MultiPoint"",""coordinates"":[]}"
3430,66,2.049694160875291,1,0.1873214840888977,1,0.9619016833529752,"{""type"":""MultiPoint"",""coordinates"":[]}"
3431,141,1.5216407240131369,0,0.2695786654949188,0,0.8895665197915722,"{""type"":""MultiPoint"",""coordinates"":[]}"
3432,197,2.191439811367517,1,0.4230788052082062,1,1.2094183106703271,"{""type"":""MultiPoint"",""coordinates"":[]}"
3433,10,3.3510432143396542,0,0.0295186061412096,0,1.263107259836128,"{""type"":""MultiPoint"",""coordinates"":[]}"
3434,58,1.9056091525587504,1,0.0826390236616134,0,1.0142262772840849,"{""type"":""MultiPoint"",""coordinates"":[]}"
3435,597,2.289253310937162,1,1.1698393821716309,1,1.204500072591252,"{""type"":""MultiPoint"",""coordinates"":[]}"
3436,27,2.351583031650633,1,0.1882538348436355,1,1.0175481487282003,"{""type"":""MultiPoint"",""coordinates"":[]}"
3437,134,1.5216407240131369,1,0.2112465053796768,0,0.8895665197915722,"{""type"":""MultiPoint"",""coordinates"":[]}"
3438,816,3.0158380920753856,1,0.7455620169639587,2,1.540654105175623,"{""type"":""MultiPoint"",""coordinates"":[]}"
3439,1197,0.8955512404603164,0,19.146100997924805,0,0.5250658554465338,"{""type"":""MultiPoint"",""coordinates"":[]}"
3440,193,0.968201318801544,0,3.611999034881592,0,0.4524544970867372,"{""type"":""MultiPoint"",""coordinates"":[]}"
3441,411,1.2353587881021062,1,0.3673318922519684,0,0.5749028677706802,"{""type"":""MultiPoint"",""coordinates"":[]}"
3442,477,1.9474103576336348,1,0.3779519498348236,0,0.977167471922742,"{""type"":""MultiPoint"",""coordinates"":[]}"
3443,154,2.4964881377029213,1,0.442692756652832,1,1.2527675946769083,"{""type"":""MultiPoint"",""coordinates"":[]}"
3444,284,0.8706153188003759,0,0.5065874457359314,0,0.4753519654343456,"{""type"":""MultiPoint"",""coordinates"":[]}"
3445,109,1.8290004346460536,0,0.25233194231987,0,0.8763881125122542,"{""type"":""MultiPoint"",""coordinates"":[]}"
3446,333,0.490209154495393,1,0.6900179982185364,0,0.2266964202609999,"{""type"":""MultiPoint"",""coordinates"":[]}"
3447,46,1.965551117061905,1,0.1196954920887947,0,0.969776637310516,"{""type"":""MultiPoint"",""coordinates"":[]}"
3448,38,2.344002118188232,1,0.2113788723945617,1,1.0385871276031855,"{""type"":""MultiPoint"",""coordinates"":[]}"
3449,50,2.409775922076211,1,0.0289840884506702,1,1.1356661307112317,"{""type"":""MultiPoint"",""coordinates"":[]}"
3450,132,1.505702640229334,0,0.2050089687108993,0,0.7891524934225203,"{""type"":""MultiPoint"",""coordinates"":[]}"
3451,68,1.8680290226720828,1,0.2371022403240203,0,1.190999734828575,"{""type"":""MultiPoint"",""coordinates"":[]}"
3452,109,1.897806734288321,0,0.1860378384590149,0,0.9722481594308688,"{""type"":""MultiPoint"",""coordinates"":[]}"
3453,238,1.2921279513466042,1,0.3430528044700622,0,0.5625875635163692,"{""type"":""MultiPoint"",""coordinates"":[]}"
3454,120,1.6862434511208249,1,0.2861750423908233,0,1.047083654118848,"{""type"":""MultiPoint"",""coordinates"":[]}"
3455,57,2.011208345935882,1,0.2422188371419906,1,1.1761889311849705,"{""type"":""MultiPoint"",""coordinates"":[]}"
3456,32,2.757095951055113,0,1.937743067741394,0,1.2136010282735823,"{""type"":""MultiPoint"",""coordinates"":[]}"
3457,8,3.296197566081565,1,0.0295355319976806,2,1.300311494062237,"{""type"":""MultiPoint"",""coordinates"":[]}"
3458,33,2.135617035590709,1,0.0662202313542366,1,0.9901842087419594,"{""type"":""MultiPoint"",""coordinates"":[]}"
3459,149,2.1039365485968675,1,0.2532387971878052,1,1.1071219338946456,"{""type"":""MultiPoint"",""coordinates"":[]}"
3460,30,2.0452643686298835,1,0.0415593646466732,1,0.9614242990428868,"{""type"":""MultiPoint"",""coordinates"":[]}"
3461,677,1.8629461779653755,0,17.393386840820312,0,0.9873992866620458,"{""type"":""MultiPoint"",""coordinates"":[]}"
3462,89,2.110807341175938,1,0.122469276189804,1,1.0425833300293896,"{""type"":""MultiPoint"",""coordinates"":[]}"
3463,33,4.086440575958583,0,0.8345149159431458,0,1.6292135624461035,"{""type"":""MultiPoint"",""coordinates"":[]}"
3465,209,1.2693967427615442,0,0.3150323629379272,0,0.674146131488558,"{""type"":""MultiPoint"",""coordinates"":[]}"
3466,537,1.3137472142588065,0,3.995368242263794,0,0.6430564853683358,"{""type"":""MultiPoint"",""coordinates"":[]}"
3467,220,2.814307446443726,0,0.1216593533754348,0,1.5734615497582272,"{""type"":""MultiPoint"",""coordinates"":[]}"
3468,137,2.2112643577076114,1,0.1478872597217559,1,1.0470011492371412,"{""type"":""MultiPoint"",""coordinates"":[]}"
3469,57,1.970116464993072,1,0.0592447407543659,0,0.9281518152425076,"{""type"":""MultiPoint"",""coordinates"":[]}"
3470,192,3.011218229942956,1,0.3399608135223388,2,1.6632052774995478,"{""type"":""MultiPoint"",""coordinates"":[]}"
3471,176,1.6194902752875973,1,0.383156269788742,0,0.8149450699215998,"{""type"":""MultiPoint"",""coordinates"":[]}"
3472,195,1.063505955979872,0,0.1457443833351135,0,0.5416701865291405,"{""type"":""MultiPoint"",""coordinates"":[]}"
3473,224,2.4677943445198105,1,0.3445780575275421,1,1.3490857040101534,"{""type"":""MultiPoint"",""coordinates"":[]}"
3474,122,2.02689541319641,0,0.1566066890954971,0,0.9969272903853366,"{""type"":""MultiPoint"",""coordinates"":[]}"
3475,39,2.175535203986444,0,0.2958410978317261,0,0.9948537326456138,"{""type"":""MultiPoint"",""coordinates"":[]}"
3476,6,3.988956469726433,1,0.0294156707823276,2,1.6893446503203189,"{""type"":""MultiPoint"",""coordinates"":[]}"
3477,370,1.7487272618680816,0,4.257796764373779,0,0.869918451208872,"{""type"":""MultiPoint"",""coordinates"":[]}"
3478,759,2.155852290131217,0,6.81171464920044,0,1.1219718132963958,"{""type"":""MultiPoint"",""coordinates"":[]}"
3479,101,1.835400286470638,0,0.1696127653121948,0,0.8370428344656282,"{""type"":""MultiPoint"",""coordinates"":[]}"
3480,258,0.8081290910926276,1,0.3927097618579864,0,0.4277897792625033,"{""type"":""MultiPoint"",""coordinates"":[]}"
3481,90,2.106888459777104,0,0.6338039636611938,0,0.9871084580531642,"{""type"":""MultiPoint"",""coordinates"":[]}"
3482,20,3.074210892970932,0,0.1479302048683166,0,1.2253674441452318,"{""type"":""MultiPoint"",""coordinates"":[]}"
3483,308,1.4316702340579643,0,6.806606769561768,0,0.6341081981377864,"{""type"":""MultiPoint"",""coordinates"":[]}"
3484,12,2.5005390416487407,1,0.0295274797827005,1,1.0269418407305848,"{""type"":""MultiPoint"",""coordinates"":[]}"
3485,12,4.484716222830941,0,0.0412669070065021,0,1.912527002372612,"{""type"":""MultiPoint"",""coordinates"":[]}"
3486,273,1.9185159134624088,1,0.2392863780260086,0,1.032694097087041,"{""type"":""MultiPoint"",""coordinates"":[]}"
3487,456,1.9474103576336348,1,0.4451905488967895,0,0.977167471922742,"{""type"":""MultiPoint"",""coordinates"":[]}"
3488,1158,1.0926319120850605,0,13.99563694000244,0,0.5715738573120102,"{""type"":""MultiPoint"",""coordinates"":[]}"
3489,728,2.4478969227123013,0,2.5666418075561523,0,1.330664224354993,"{""type"":""MultiPoint"",""coordinates"":[]}"
3490,27,2.260932364209865,0,0.0657666996121406,0,1.0091478533639466,"{""type"":""MultiPoint"",""coordinates"":[]}"
3491,558,1.1117906357222478,0,6.736457824707031,0,0.6396632229454594,"{""type"":""MultiPoint"",""coordinates"":[]}"
3492,116,2.4719300212782573,1,0.2318714708089828,1,1.2140951214989757,"{""type"":""MultiPoint"",""coordinates"":[]}"
3493,314,1.9359130776270967,0,2.6331169605255127,0,1.09561885035678,"{""type"":""MultiPoint"",""coordinates"":[]}"
3494,185,2.0542483723281806,1,0.273122638463974,1,1.195668084217728,"{""type"":""MultiPoint"",""coordinates"":[]}"
3495,182,1.2395729616897946,0,0.351446270942688,0,0.6058636528788668,"{""type"":""MultiPoint"",""coordinates"":[]}"
3496,462,0.4100363549972672,1,4.7000932693481445,0,0.2287790031654167,"{""type"":""MultiPoint"",""coordinates"":[]}"
3497,267,2.1369395163277627,0,0.2906598448753357,0,1.2332031118258668,"{""type"":""MultiPoint"",""coordinates"":[]}"
3498,47,2.4279222601492627,1,0.0650471821427345,1,1.1303557062389626,"{""type"":""MultiPoint"",""coordinates"":[]}"
3499,861,2.9389729516091823,1,1.1527786254882812,1,1.4703900287185852,"{""type"":""MultiPoint"",""coordinates"":[]}"
3500,59,3.5587117172883054,1,0.2277851998805999,2,1.416460160591012,"{""type"":""MultiPoint"",""coordinates"":[]}"
3501,736,2.589710677731332,0,1.6659138202667236,0,1.3805008446857812,"{""type"":""MultiPoint"",""coordinates"":[]}"
3502,9,2.229462121459919,1,0.2282982766628265,1,0.9624073309961532,"{""type"":""MultiPoint"",""coordinates"":[]}"
3503,904,2.4409677401867675,1,3.112251043319702,1,1.2957932345029883,"{""type"":""MultiPoint"",""coordinates"":[]}"
3504,15,3.353525379861221,1,0.0412610620260238,2,1.5608403127131705,"{""type"":""MultiPoint"",""coordinates"":[]}"
3505,299,1.4260127235551272,1,0.3779455125331878,0,0.6434349084300436,"{""type"":""MultiPoint"",""coordinates"":[]}"
3506,311,2.6791914144296918,0,0.6799286603927612,0,1.1643397945707716,"{""type"":""MultiPoint"",""coordinates"":[]}"
3507,151,2.5317844513446537,0,0.3589102327823639,0,1.427240182725711,"{""type"":""MultiPoint"",""coordinates"":[]}"
3508,152,2.051384158980655,0,0.7092106342315674,0,1.124440119531671,"{""type"":""MultiPoint"",""coordinates"":[]}"
3509,41,3.5587117172883054,1,0.3508434295654297,2,1.416460160591012,"{""type"":""MultiPoint"",""coordinates"":[]}"
3510,215,1.3233415901636938,1,0.6026387810707092,0,0.6085599989712202,"{""type"":""MultiPoint"",""coordinates"":[]}"
3511,11,3.828765266112223,1,0.0414934009313583,2,1.4623091873082827,"{""type"":""MultiPoint"",""coordinates"":[]}"
3512,284,1.155516999409218,1,0.6545507907867432,0,0.4913395757729343,"{""type"":""MultiPoint"",""coordinates"":[]}"
3513,916,1.6324991495591066,0,2.0588467121124268,0,0.92281852535869,"{""type"":""MultiPoint"",""coordinates"":[]}"
3514,62,1.9057245565720704,1,0.2740997672080993,0,0.9637902449515072,"{""type"":""MultiPoint"",""coordinates"":[]}"
3515,40,1.9772015245798376,1,0.0651054307818412,0,0.9638475032056366,"{""type"":""MultiPoint"",""coordinates"":[]}"
3516,384,1.5984524292700193,0,11.388378143310549,0,0.8642031919550477,"{""type"":""MultiPoint"",""coordinates"":[]}"
3517,179,1.6194902752875973,1,0.130136489868164,0,0.8149450699215998,"{""type"":""MultiPoint"",""coordinates"":[]}"
3518,15,3.3589568163008776,1,0.0650081187486648,2,1.4754009105584396,"{""type"":""MultiPoint"",""coordinates"":[]}"
3519,6,4.438335026040506,1,0.0,2,1.6189982186630254,"{""type"":""MultiPoint"",""coordinates"":[]}"
3520,66,2.1152120923223454,1,0.3626576662063598,1,1.086846054595061,"{""type"":""MultiPoint"",""coordinates"":[]}"
3521,111,2.3744881954145782,0,0.1739040166139602,0,1.3433675534109326,"{""type"":""MultiPoint"",""coordinates"":[]}"
3522,102,2.3157121864575685,0,0.3946630358695984,0,1.1351641147415787,"{""type"":""MultiPoint"",""coordinates"":[]}"
3523,76,2.075713014879466,0,0.3759065270423889,0,0.9281708884071126,"{""type"":""MultiPoint"",""coordinates"":[]}"
3524,267,1.135358993764874,1,0.2292153686285019,0,0.5133034072630792,"{""type"":""MultiPoint"",""coordinates"":[]}"
3525,86,2.446447544896265,1,0.4068434238433838,1,1.1792967607189917,"{""type"":""MultiPoint"",""coordinates"":[]}"
3526,641,1.7881024689148302,0,1.8375359773635864,0,0.873959084909538,"{""type"":""MultiPoint"",""coordinates"":[]}"
3527,486,1.973339745410363,1,0.2530845999717712,0,0.9882268760097608,"{""type"":""MultiPoint"",""coordinates"":[]}"
3528,937,0.7991130248299343,0,3.933702230453491,0,0.4516438409369502,"{""type"":""MultiPoint"",""coordinates"":[]}"
3529,386,2.161788080734226,1,0.5280742645263672,1,1.1885135520696497,"{""type"":""MultiPoint"",""coordinates"":[]}"
3530,38,2.3374690486380656,1,0.0590178519487381,1,1.07999561607684,"{""type"":""MultiPoint"",""coordinates"":[]}"
3531,372,1.9641607914160828,0,7.084000110626221,0,1.110563225029989,"{""type"":""MultiPoint"",""coordinates"":[]}"
3532,8,3.400399477243745,1,0.0295115634799003,2,1.254855804442809,"{""type"":""MultiPoint"",""coordinates"":[]}"
3533,612,1.220412026914318,0,9.054524421691896,0,0.5147515017393656,"{""type"":""MultiPoint"",""coordinates"":[]}"
3534,78,2.04499288819395,1,0.0937173962593078,1,0.9859365759962356,"{""type"":""MultiPoint"",""coordinates"":[]}"
3535,239,2.41311211269281,0,0.8136419653892517,0,0.96638205235882,"{""type"":""MultiPoint"",""coordinates"":[]}"
3536,86,2.4568972128858846,1,0.4480842351913452,1,1.1372184224275492,"{""type"":""MultiPoint"",""coordinates"":[]}"
3537,19,3.1005231138164606,0,0.2525507807731628,0,1.2311030315307854,"{""type"":""MultiPoint"",""coordinates"":[]}"
3538,300,1.960924505340819,1,0.3157813549041748,0,1.1233080380977305,"{""type"":""MultiPoint"",""coordinates"":[]}"
3539,12,3.112438207015709,0,0.0655251741409301,0,1.4716031485262364,"{""type"":""MultiPoint"",""coordinates"":[]}"
3540,302,2.213739715814732,0,10.328482627868652,0,1.2211441592137058,"{""type"":""MultiPoint"",""coordinates"":[]}"
3541,62,1.804191435269273,1,0.2111907601356506,0,0.8448756499881416,"{""type"":""MultiPoint"",""coordinates"":[]}"
3542,15,3.135842213370662,1,0.041254237294197,2,1.438884866136444,"{""type"":""MultiPoint"",""coordinates"":[]}"
3543,285,0.9216965127803376,0,0.1471538245677948,0,0.5004200450571196,"{""type"":""MultiPoint"",""coordinates"":[]}"
3544,48,2.3332584181483624,1,0.3954677879810333,1,1.0003525804023854,"{""type"":""MultiPoint"",""coordinates"":[]}"
3545,15,4.07086929441581,0,0.0869522094726562,0,1.7377325559458956,"{""type"":""MultiPoint"",""coordinates"":[]}"
3546,214,1.664679013336893,0,2.901311159133911,0,0.8122663098522047,"{""type"":""MultiPoint"",""coordinates"":[]}"
3547,941,2.522896258729107,0,3.103715181350708,0,1.243019479089752,"{""type"":""MultiPoint"",""coordinates"":[]}"
3548,79,2.0327740631834503,0,0.0928292199969291,0,1.0793418842073628,"{""type"":""MultiPoint"",""coordinates"":[]}"
3549,49,1.8853312195131424,0,0.1312796026468277,0,0.9683394271901012,"{""type"":""MultiPoint"",""coordinates"":[]}"
3550,362,2.161387591753815,0,0.5993160009384155,0,1.2174628961386635,"{""type"":""MultiPoint"",""coordinates"":[]}"
3551,132,2.065330221589885,1,0.1064519062638282,1,1.0547592643887251,"{""type"":""MultiPoint"",""coordinates"":[]}"
3552,68,2.0241598256045963,0,0.1303184181451797,0,1.0051391778011023,"{""type"":""MultiPoint"",""coordinates"":[]}"
3553,104,2.0785784333785915,1,0.4518504738807678,1,0.9611038669959924,"{""type"":""MultiPoint"",""coordinates"":[]}"
3554,81,1.9065465821938905,0,0.1055713891983032,0,1.1692963905089864,"{""type"":""MultiPoint"",""coordinates"":[]}"
3555,227,1.9381267784341056,1,0.1803684085607528,0,1.1159427442872465,"{""type"":""MultiPoint"",""coordinates"":[]}"
3556,1777,1.052616714656102,0,7.159006595611572,0,0.5156628157226257,"{""type"":""MultiPoint"",""coordinates"":[]}"
3557,50,2.041969116181897,1,0.0929280668497085,1,1.1797195552165327,"{""type"":""MultiPoint"",""coordinates"":[]}"
3558,477,2.197876071428267,1,0.2096240669488906,1,1.1483398519423431,"{""type"":""MultiPoint"",""coordinates"":[]}"
3559,509,1.719611745092309,0,3.72431230545044,0,0.8733997622288261,"{""type"":""MultiPoint"",""coordinates"":[]}"
3560,133,1.7508474420901976,1,0.105469599366188,0,0.811622569100407,"{""type"":""MultiPoint"",""coordinates"":[]}"
3561,132,1.7543511976305244,1,0.3254663050174713,0,0.8328187862403896,"{""type"":""MultiPoint"",""coordinates"":[]}"
3562,397,2.052540043945101,1,0.7151501774787903,1,1.068842908696514,"{""type"":""MultiPoint"",""coordinates"":[]}"
3563,33,2.3966901560514065,1,0.1239409446716308,1,1.118238185995054,"{""type"":""MultiPoint"",""coordinates"":[]}"
3564,330,2.744700487538522,0,0.7445729374885559,0,1.2419342746927704,"{""type"":""MultiPoint"",""coordinates"":[]}"
3565,159,1.5618307018856463,1,0.2956717312335968,0,0.6203635870903331,"{""type"":""MultiPoint"",""coordinates"":[]}"
3566,206,2.191439811367517,0,0.2084174007177353,0,1.2094183106703271,"{""type"":""MultiPoint"",""coordinates"":[]}"
3567,535,1.7097419684045287,1,1.2805798053741455,0,0.7808814657214053,"{""type"":""MultiPoint"",""coordinates"":[]}"
3568,6,2.74663348351555,1,0.0415688082575798,1,1.2102160143135006,"{""type"":""MultiPoint"",""coordinates"":[]}"
3569,14,3.9247719866798434,0,0.0579681657254695,0,1.7114350949034516,"{""type"":""MultiPoint"",""coordinates"":[]}"
3570,48,1.9332562934248445,1,0.1317384093999862,0,0.9028128657500925,"{""type"":""MultiPoint"",""coordinates"":[]}"
3571,411,1.7487336149306114,0,2.8382561206817627,0,0.8469646143432773,"{""type"":""MultiPoint"",""coordinates"":[]}"
3572,19,2.222533379583518,1,0.1838182657957077,1,1.0090283056278075,"{""type"":""MultiPoint"",""coordinates"":[]}"
3573,111,2.098639499456835,1,2.5338222980499268,1,1.0490053657322007,"{""type"":""MultiPoint"",""coordinates"":[]}"
3574,170,1.6845756633101108,1,0.476064920425415,0,0.859849919302512,"{""type"":""MultiPoint"",""coordinates"":[]}"
3575,62,1.9540072287950483,0,0.1717781722545623,0,0.9465803940089887,"{""type"":""MultiPoint"",""coordinates"":[]}"
3576,49,2.013918779374087,1,0.065161257982254,1,0.9641205523081022,"{""type"":""MultiPoint"",""coordinates"":[]}"
3577,46,1.948628699252423,1,0.1479348242282867,0,0.916229924324172,"{""type"":""MultiPoint"",""coordinates"":[]}"
3578,270,1.135358993764874,1,0.2485605627298355,0,0.5133034072630792,"{""type"":""MultiPoint"",""coordinates"":[]}"
3579,287,1.0578283664553123,1,0.8739778995513916,0,0.4937509541371072,"{""type"":""MultiPoint"",""coordinates"":[]}"
3580,97,2.4547741707821373,0,0.2318714708089828,0,1.1904656905993556,"{""type"":""MultiPoint"",""coordinates"":[]}"
3581,64,1.6768184449513204,1,0.1852473020553589,0,0.7365384026839878,"{""type"":""MultiPoint"",""coordinates"":[]}"
3582,740,2.2022858246482286,0,4.316441535949707,0,1.1357896866392003,"{""type"":""MultiPoint"",""coordinates"":[]}"
3583,64,2.1635453510753284,1,0.1310069561004638,1,1.022350214820426,"{""type"":""MultiPoint"",""coordinates"":[]}"
3584,921,1.1320068520462747,0,0.9105271697044371,0,0.5951670075144714,"{""type"":""MultiPoint"",""coordinates"":[]}"
3585,21,2.3098809182319866,0,0.1792512536048889,0,0.9144714779010386,"{""type"":""MultiPoint"",""coordinates"":[]}"
3586,244,1.1492662840202104,1,0.2372980415821075,0,0.5019438815085241,"{""type"":""MultiPoint"",""coordinates"":[]}"
3587,218,2.6394971574009283,1,0.428900808095932,1,1.437197426591855,"{""type"":""MultiPoint"",""coordinates"":[]}"
3588,303,1.4265786444870092,0,4.2216010093688965,0,0.5893091237502357,"{""type"":""MultiPoint"",""coordinates"":[]}"
3589,51,2.407334671356267,1,0.3984813690185547,1,1.143364207617077,"{""type"":""MultiPoint"",""coordinates"":[]}"
3590,36,3.1313731337463127,1,0.3028964698314667,2,1.3778607319501874,"{""type"":""MultiPoint"",""coordinates"":[]}"
3591,303,2.370306699133029,1,0.3151752352714538,1,1.3413064624187938,"{""type"":""MultiPoint"",""coordinates"":[]}"
3592,151,1.630883620003951,1,0.248295783996582,0,0.7366764455552869,"{""type"":""MultiPoint"",""coordinates"":[]}"
3593,56,1.965551117061905,1,0.132382184267044,0,0.969776637310516,"{""type"":""MultiPoint"",""coordinates"":[]}"
3594,224,2.0201567637900766,1,0.3191914558410644,1,1.1302002016272803,"{""type"":""MultiPoint"",""coordinates"":[]}"
3595,75,2.05231950878926,1,0.1196925565600395,1,1.0068307604015068,"{""type"":""MultiPoint"",""coordinates"":[]}"
3596,67,2.469624827667045,1,0.3103536069393158,1,1.2317181383221305,"{""type"":""MultiPoint"",""coordinates"":[]}"
3597,50,2.993705832068715,1,0.186375230550766,1,1.1834967747592036,"{""type"":""MultiPoint"",""coordinates"":[]}"
3598,119,1.4493776272118688,1,0.1456540375947952,0,0.6881436368162053,"{""type"":""MultiPoint"",""coordinates"":[]}"
3599,864,0.7693519925214879,1,2.3158509731292725,0,0.3931635335292209,"{""type"":""MultiPoint"",""coordinates"":[]}"
3600,280,2.859379403973136,1,0.4346180558204651,1,1.4981800855094811,"{""type"":""MultiPoint"",""coordinates"":[]}"
3601,49,1.923451656536672,0,0.2479941844940185,0,0.8998809046874864,"{""type"":""MultiPoint"",""coordinates"":[]}"
3602,76,2.075713014879466,0,0.2696013450622558,0,0.9281708884071126,"{""type"":""MultiPoint"",""coordinates"":[]}"
3603,193,2.57002730603416,0,0.553968608379364,0,1.0150098968781966,"{""type"":""MultiPoint"",""coordinates"":[]}"
3604,1163,1.5166034428342954,0,6.529698848724365,0,0.7416903968253785,"{""type"":""MultiPoint"",""coordinates"":[]}"
3605,920,0.914963272231469,0,4.199000835418701,0,0.4364339607588587,"{""type"":""MultiPoint"",""coordinates"":[]}"
3606,2,3.0780966390344866,1,0.0884260833263397,2,1.0311547234398388,"{""type"":""MultiPoint"",""coordinates"":[]}"
3607,143,2.005662447206786,1,0.2489500790834427,1,0.9785939691888672,"{""type"":""MultiPoint"",""coordinates"":[]}"
3608,128,1.6105647609203797,1,0.2937053442001343,0,0.7102347575112434,"{""type"":""MultiPoint"",""coordinates"":[]}"
3609,365,2.797748672554069,0,0.3539981842041015,0,1.4031366163036485,"{""type"":""MultiPoint"",""coordinates"":[]}"
3610,6,4.370330472364077,1,0.0655062422156333,2,1.862196094096915,"{""type"":""MultiPoint"",""coordinates"":[]}"
3611,454,1.5519300603457844,0,11.524454116821287,0,0.6345126223174369,"{""type"":""MultiPoint"",""coordinates"":[]}"
3612,703,0.6945765586270385,0,13.574995994567873,0,0.397646419455644,"{""type"":""MultiPoint"",""coordinates"":[]}"
3613,81,2.4138560221977032,1,0.3724510371685028,1,1.1514869986583305,"{""type"":""MultiPoint"",""coordinates"":[]}"
3614,310,0.490209154495393,0,0.6530112028121948,0,0.2266964202609999,"{""type"":""MultiPoint"",""coordinates"":[]}"
3615,99,2.03613802098438,0,0.0295945815742015,0,0.918491918295635,"{""type"":""MultiPoint"",""coordinates"":[]}"
3616,124,1.7658775595548488,0,2.2571163177490234,0,0.8992660144015432,"{""type"":""MultiPoint"",""coordinates"":[]}"
3617,206,2.525650674079468,0,0.5730738639831543,0,1.4373947639001894,"{""type"":""MultiPoint"",""coordinates"":[]}"
3618,229,2.814307446443726,0,0.4047011435031891,0,1.5734615497582272,"{""type"":""MultiPoint"",""coordinates"":[]}"
3619,4,4.286767711268862,1,0.0,2,1.4146615339048787,"{""type"":""MultiPoint"",""coordinates"":[]}"
3620,124,1.7221039293843317,0,0.2278501242399215,0,1.075387827227876,"{""type"":""MultiPoint"",""coordinates"":[]}"
3621,35,3.1313731337463127,1,0.1449201554059982,2,1.3778607319501874,"{""type"":""MultiPoint"",""coordinates"":[]}"
3622,137,1.8372268595330707,1,0.3982490599155426,0,0.878225774821369,"{""type"":""MultiPoint"",""coordinates"":[]}"
3623,32,2.1520457866889044,1,0.1767164170742035,1,1.0051973630041022,"{""type"":""MultiPoint"",""coordinates"":[]}"
3624,191,1.124794861069113,1,0.3513948023319244,0,0.5986513695856246,"{""type"":""MultiPoint"",""coordinates"":[]}"
3625,45,2.115225080354576,0,0.2113687247037887,0,0.9591376087419944,"{""type"":""MultiPoint"",""coordinates"":[]}"
3626,24,2.1956045869927308,0,0.1772776395082473,0,0.9720802496112436,"{""type"":""MultiPoint"",""coordinates"":[]}"
3627,137,2.069870512057886,1,0.2981682121753692,1,1.029222091587706,"{""type"":""MultiPoint"",""coordinates"":[]}"
3628,432,1.824712321475482,0,3.6237480640411377,0,0.9307143042425567,"{""type"":""MultiPoint"",""coordinates"":[]}"
3629,115,2.002886541634349,1,0.2619804739952087,1,0.9304254013966669,"{""type"":""MultiPoint"",""coordinates"":[]}"
3630,247,2.023959366021848,0,0.415404200553894,0,1.1965752604875162,"{""type"":""MultiPoint"",""coordinates"":[]}"
3631,89,2.034166895451313,1,0.1871532052755355,1,1.0030494541626758,"{""type"":""MultiPoint"",""coordinates"":[]}"
3632,1223,1.7357335362513466,0,12.237104415893556,0,0.7277560530858656,"{""type"":""MultiPoint"",""coordinates"":[]}"
3633,172,1.8093895401160032,1,0.4591671526432037,0,0.9841623509293064,"{""type"":""MultiPoint"",""coordinates"":[]}"
3634,135,1.6891352407622322,0,0.2152279019355774,0,0.7938512304582964,"{""type"":""MultiPoint"",""coordinates"":[]}"
3635,162,0.9422293819287956,1,0.1856799870729446,0,0.6223165707828542,"{""type"":""MultiPoint"",""coordinates"":[]}"
3636,32,2.1549844194097347,1,0.0917836129665374,1,1.1828644728585924,"{""type"":""MultiPoint"",""coordinates"":[]}"
3637,191,1.9429463613732785,1,0.2913574278354645,0,1.0077443564545814,"{""type"":""MultiPoint"",""coordinates"":[]}"
3638,237,1.6594003732532308,0,0.390490174293518,0,0.6728735834065964,"{""type"":""MultiPoint"",""coordinates"":[]}"
3639,165,1.2229416570952385,1,0.178866907954216,0,0.6631899224587443,"{""type"":""MultiPoint"",""coordinates"":[]}"
3640,153,1.5791055335884163,1,0.6828647255897522,0,0.9864940063355162,"{""type"":""MultiPoint"",""coordinates"":[]}"
3641,28,2.13841624685957,1,0.1176879182457923,1,1.183964197383948,"{""type"":""MultiPoint"",""coordinates"":[]}"
3642,24,2.507170439164776,0,0.1196208894252777,0,1.0311741677945163,"{""type"":""MultiPoint"",""coordinates"":[]}"
3643,193,1.6194902752875973,1,0.5514148473739624,0,0.8149450699215998,"{""type"":""MultiPoint"",""coordinates"":[]}"
3644,27,2.3098809182319866,0,0.1458402872085571,0,0.9144714779010386,"{""type"":""MultiPoint"",""coordinates"":[]}"
3645,7,4.104927869183763,1,0.0650699958205223,2,1.6343704350248875,"{""type"":""MultiPoint"",""coordinates"":[]}"
3646,188,1.587057277825116,1,0.5347810387611389,0,0.7206624113184849,"{""type"":""MultiPoint"",""coordinates"":[]}"
3647,35,2.306447739421977,0,0.2216294854879379,0,0.999670600078496,"{""type"":""MultiPoint"",""coordinates"":[]}"
3648,311,2.0533620812852758,0,1.5467427968978882,0,1.2033082535085842,"{""type"":""MultiPoint"",""coordinates"":[]}"
3649,38,2.344002118188232,1,0.1461344808340072,1,1.0385871276031855,"{""type"":""MultiPoint"",""coordinates"":[]}"
3650,87,2.0145380665366046,1,0.1055556833744049,1,1.15396923528573,"{""type"":""MultiPoint"",""coordinates"":[]}"
3651,57,2.4065181092234385,1,0.3176220059394836,1,1.1445074922349985,"{""type"":""MultiPoint"",""coordinates"":[]}"
3652,336,2.205878502424931,0,2.88492202758789,0,1.272909579656388,"{""type"":""MultiPoint"",""coordinates"":[]}"
3653,64,2.3332584181483624,0,0.0830282568931579,0,1.0003525804023854,"{""type"":""MultiPoint"",""coordinates"":[]}"
3654,71,2.4568972128858846,1,0.1770007759332656,1,1.1372184224275492,"{""type"":""MultiPoint"",""coordinates"":[]}"
3655,104,2.4349036725234177,1,0.1971911340951919,1,1.211331508928924,"{""type"":""MultiPoint"",""coordinates"":[]}"
3656,71,1.804191435269273,0,0.5486301183700562,0,0.8448756499881416,"{""type"":""MultiPoint"",""coordinates"":[]}"
3657,400,3.1680271155024,1,0.3425697088241577,2,1.5545917663605922,"{""type"":""MultiPoint"",""coordinates"":[]}"
3658,217,1.5131244370298182,1,0.5020668506622314,0,0.7722649610133244,"{""type"":""MultiPoint"",""coordinates"":[]}"
3659,1266,0.7751033377425832,0,8.562141418457031,0,0.4504174748577105,"{""type"":""MultiPoint"",""coordinates"":[]}"
3660,202,1.423767433349142,0,0.7352093458175659,0,0.8663723721254595,"{""type"":""MultiPoint"",""coordinates"":[]}"
3661,276,1.80747792158444,1,0.3030297458171844,0,1.0303626374749932,"{""type"":""MultiPoint"",""coordinates"":[]}"
3662,968,0.7991130248299343,0,1.3042985200881958,0,0.4516438409369502,"{""type"":""MultiPoint"",""coordinates"":[]}"
3663,103,2.4371559329601764,0,0.1057823076844215,0,1.203936654710691,"{""type"":""MultiPoint"",""coordinates"":[]}"
3664,1743,0.7297211580512621,0,16.40691375732422,0,0.3584854003577742,"{""type"":""MultiPoint"",""coordinates"":[]}"
3665,410,3.1680271155024,1,0.1739040166139602,2,1.5545917663605922,"{""type"":""MultiPoint"",""coordinates"":[]}"
3666,139,1.7145947324393396,0,3.6344053745269775,0,0.7581230544489206,"{""type"":""MultiPoint"",""coordinates"":[]}"
3667,737,1.9641607914160828,0,7.300127029418945,0,1.110563225029989,"{""type"":""MultiPoint"",""coordinates"":[]}"
3668,151,1.5815072108469683,1,0.2285127341747284,0,0.8920296650266389,"{""type"":""MultiPoint"",""coordinates"":[]}"
3669,144,1.5216407240131369,0,0.0826066732406616,0,0.8895665197915722,"{""type"":""MultiPoint"",""coordinates"":[]}"
3670,692,1.2456830584798937,0,4.31088399887085,0,0.6818337255692263,"{""type"":""MultiPoint"",""coordinates"":[]}"
3671,378,2.206090649761835,1,0.2863652110099792,1,1.1455857572318906,"{""type"":""MultiPoint"",""coordinates"":[]}"
3672,11,3.828765266112223,1,0.1461933553218841,2,1.4623091873082827,"{""type"":""MultiPoint"",""coordinates"":[]}"
3673,912,2.623922969392914,0,0.2529734671115875,0,1.2727870208212566,"{""type"":""MultiPoint"",""coordinates"":[]}"
3674,45,2.13178008436859,1,0.166017398238182,1,0.9545885580542528,"{""type"":""MultiPoint"",""coordinates"":[]}"
3675,11,2.003108931994663,0,0.0414009355008602,0,0.8958363081773946,"{""type"":""MultiPoint"",""coordinates"":[]}"
3677,25,2.19969615804166,1,0.0414324663579463,1,0.9560836443942974,"{""type"":""MultiPoint"",""coordinates"":[]}"
3678,164,1.7201416414556538,1,0.1785670965909958,0,0.7339289597706087,"{""type"":""MultiPoint"",""coordinates"":[]}"
3679,128,1.793979578376686,0,0.0826066732406616,0,1.1481423320301616,"{""type"":""MultiPoint"",""coordinates"":[]}"
3680,252,2.814307446443726,1,1.2475184202194214,1,1.5734615497582272,"{""type"":""MultiPoint"",""coordinates"":[]}"
3681,5,3.2011346637161044,1,0.0413891859352588,2,1.2867056208110037,"{""type"":""MultiPoint"",""coordinates"":[]}"
3682,40,2.175535203986444,1,0.3309929370880127,1,0.9948537326456138,"{""type"":""MultiPoint"",""coordinates"":[]}"
3683,474,1.897451831372988,1,0.436252623796463,0,0.9654793824061276,"{""type"":""MultiPoint"",""coordinates"":[]}"
3684,434,1.8589431962210845,0,3.0662612915039062,0,1.0321469924239606,"{""type"":""MultiPoint"",""coordinates"":[]}"
3685,376,1.2011499197530948,1,0.2345531433820724,0,0.624665659212447,"{""type"":""MultiPoint"",""coordinates"":[]}"
3686,68,3.8028580563392143,0,0.6494295001029968,0,1.9963966312138308,"{""type"":""MultiPoint"",""coordinates"":[]}"
3687,45,2.118599578217152,1,0.2368018627166748,1,1.149190790198498,"{""type"":""MultiPoint"",""coordinates"":[]}"
3688,730,1.0246379005872974,0,1.49067223072052,0,0.5642776927779306,"{""type"":""MultiPoint"",""coordinates"":[]}"
3689,85,2.4371559329601764,1,0.2515154182910919,1,1.203936654710691,"{""type"":""MultiPoint"",""coordinates"":[]}"
3690,310,0.3051108396630596,0,4.712737083435059,0,0.179258296811627,"{""type"":""MultiPoint"",""coordinates"":[]}"
3691,53,2.4574455236497936,1,0.1051062420010566,1,1.1712791914940872,"{""type"":""MultiPoint"",""coordinates"":[]}"
3692,203,2.887842457159765,0,0.3582785129547119,0,1.6146012371254594,"{""type"":""MultiPoint"",""coordinates"":[]}"
3693,210,1.072961761141661,1,0.3188217282295227,0,0.480394803299655,"{""type"":""MultiPoint"",""coordinates"":[]}"
3694,20,2.290804350628066,1,0.0939267724752426,1,1.0539631506221605,"{""type"":""MultiPoint"",""coordinates"":[]}"
3695,286,2.359339829239384,0,0.4153017997741699,0,0.985266440719838,"{""type"":""MultiPoint"",""coordinates"":[]}"
3696,118,2.023783490205445,1,0.1763655841350555,1,0.9706077907976944,"{""type"":""MultiPoint"",""coordinates"":[]}"
3697,134,1.7688213698717272,0,0.4152776300907135,0,1.022249742594675,"{""type"":""MultiPoint"",""coordinates"":[]}"
3698,21,2.795942643530674,1,0.1467086672782898,1,1.3222583472391365,"{""type"":""MultiPoint"",""coordinates"":[]}"
3699,287,0.5292147766867088,1,0.9554585814476012,0,0.2469928254086026,"{""type"":""MultiPoint"",""coordinates"":[]}"
3700,477,2.439500571204455,0,5.113821983337402,0,1.393165234279148,"{""type"":""MultiPoint"",""coordinates"":[]}"
3701,174,1.587057277825116,1,0.7601683139801025,0,0.7206624113184849,"{""type"":""MultiPoint"",""coordinates"":[]}"
3702,14,2.3824569037113883,0,0.1868305653333664,0,0.909709619629656,"{""type"":""MultiPoint"",""coordinates"":[]}"
3703,391,1.4472466380357785,0,3.1628003120422363,0,0.7843494939631143,"{""type"":""MultiPoint"",""coordinates"":[]}"
3704,92,2.03613802098438,0,0.4350076615810394,0,0.918491918295635,"{""type"":""MultiPoint"",""coordinates"":[]}"
3705,331,2.566463615724703,1,0.5217276811599731,1,1.3782401279595409,"{""type"":""MultiPoint"",""coordinates"":[]}"
3706,479,2.439500571204455,0,6.65194034576416,0,1.393165234279148,"{""type"":""MultiPoint"",""coordinates"":[]}"
3707,95,2.458917737060608,0,0.1875829696655273,0,1.1653335929821858,"{""type"":""MultiPoint"",""coordinates"":[]}"
3708,233,0.7548123853211001,1,0.3013733029365539,0,0.2985670346760287,"{""type"":""MultiPoint"",""coordinates"":[]}"
3709,385,1.8107561549564184,1,0.2483237236738205,0,0.9005426607522945,"{""type"":""MultiPoint"",""coordinates"":[]}"
3710,74,2.0382469465213418,1,0.1310968548059463,1,1.1457349451270944,"{""type"":""MultiPoint"",""coordinates"":[]}"
3711,21,2.1573427867248625,0,0.0830752626061439,0,0.9693776187917708,"{""type"":""MultiPoint"",""coordinates"":[]}"
3712,54,2.028554713421638,1,0.0886966958642005,1,0.9418939605590472,"{""type"":""MultiPoint"",""coordinates"":[]}"
3713,278,2.932622123331306,0,0.339969277381897,0,1.280220975328059,"{""type"":""MultiPoint"",""coordinates"":[]}"
3714,378,1.8242419730265589,0,0.4593085348606109,0,0.9598417601498442,"{""type"":""MultiPoint"",""coordinates"":[]}"
3716,329,1.2554156529452372,0,0.4768887162208557,0,0.5395973305627823,"{""type"":""MultiPoint"",""coordinates"":[]}"
3717,85,1.87595851860114,0,0.1462075561285019,0,0.8863104122158119,"{""type"":""MultiPoint"",""coordinates"":[]}"
3718,107,2.098639499456835,1,0.7141159772872925,1,1.0490053657322007,"{""type"":""MultiPoint"",""coordinates"":[]}"
3719,38,1.9106465980127048,1,0.0830953121185302,0,0.9286425818663774,"{""type"":""MultiPoint"",""coordinates"":[]}"
3720,267,1.3282238294779272,1,0.292921781539917,0,0.6030637432339563,"{""type"":""MultiPoint"",""coordinates"":[]}"
3721,134,2.5480381290756293,1,0.2392673343420028,1,1.4086195151573675,"{""type"":""MultiPoint"",""coordinates"":[]}"
3722,46,2.295521857150627,1,0.1195987462997436,1,1.206107459020797,"{""type"":""MultiPoint"",""coordinates"":[]}"
3723,253,2.1090073093189075,1,2.212401866912842,1,1.003478902432761,"{""type"":""MultiPoint"",""coordinates"":[]}"
3724,480,1.7608049205797722,0,11.06216526031494,0,0.9749339247252902,"{""type"":""MultiPoint"",""coordinates"":[]}"
3725,74,2.0754231123861797,1,0.0869522094726562,1,0.9745836911122772,"{""type"":""MultiPoint"",""coordinates"":[]}"
3726,100,2.182515638154854,1,0.2068840414285659,1,1.0519452867936665,"{""type"":""MultiPoint"",""coordinates"":[]}"
3727,472,2.2626477521000283,1,0.3664033412933349,1,1.2003657769798153,"{""type"":""MultiPoint"",""coordinates"":[]}"
3728,10,3.472634419658419,0,0.1978008300065994,0,1.374373702396745,"{""type"":""MultiPoint"",""coordinates"":[]}"
3729,19,2.56260290726543,0,0.0289840884506702,0,1.2729719228912093,"{""type"":""MultiPoint"",""coordinates"":[]}"
3730,879,1.7723582065156538,0,1.7707897424697876,0,0.9733183442676924,"{""type"":""MultiPoint"",""coordinates"":[]}"
3731,867,2.623922969392914,0,2.417072057723999,0,1.2727870208212566,"{""type"":""MultiPoint"",""coordinates"":[]}"
3732,8,5.722340724637564,0,0.2337238639593124,0,2.3290538090819206,"{""type"":""MultiPoint"",""coordinates"":[]}"
3733,81,2.0419460986333413,0,0.1954322010278701,0,0.9756747275046472,"{""type"":""MultiPoint"",""coordinates"":[]}"
3734,97,2.240173735042616,1,0.3666865825653076,1,1.1037384270940032,"{""type"":""MultiPoint"",""coordinates"":[]}"
3735,34,2.3966901560514065,1,0.1463901102542877,1,1.118238185995054,"{""type"":""MultiPoint"",""coordinates"":[]}"
3736,81,2.034166895451313,0,0.2887495458126068,0,1.0030494541626758,"{""type"":""MultiPoint"",""coordinates"":[]}"
3737,87,1.8575734806033224,0,0.2674950063228607,0,0.9043120035739304,"{""type"":""MultiPoint"",""coordinates"":[]}"
3738,94,1.829148040518037,1,0.2703963220119476,0,0.8530475995289215,"{""type"":""MultiPoint"",""coordinates"":[]}"
3739,440,1.0502422247688274,0,1.939724326133728,0,0.6202176927058112,"{""type"":""MultiPoint"",""coordinates"":[]}"
3740,211,2.191439811367517,1,0.3930884599685669,1,1.2094183106703271,"{""type"":""MultiPoint"",""coordinates"":[]}"
3741,512,0.90206543549895,0,4.381382942199707,0,0.5485617460055154,"{""type"":""MultiPoint"",""coordinates"":[]}"
3742,866,1.8650040638786676,0,14.734339714050291,0,0.747103804988939,"{""type"":""MultiPoint"",""coordinates"":[]}"
3743,9,2.616496620769912,1,0.041352555155754,1,0.959741696521171,"{""type"":""MultiPoint"",""coordinates"":[]}"
3744,60,2.022505711545941,0,0.0917855724692344,0,1.1672975978731972,"{""type"":""MultiPoint"",""coordinates"":[]}"
3745,19,2.19969615804166,0,0.0828676298260688,0,0.9560836443942974,"{""type"":""MultiPoint"",""coordinates"":[]}"
3746,65,2.3707163869308383,1,0.2990165948867798,1,1.1613217571087349,"{""type"":""MultiPoint"",""coordinates"":[]}"
3747,87,1.9877866356380056,0,0.0928602218627929,0,1.1975621642937992,"{""type"":""MultiPoint"",""coordinates"":[]}"
3748,15,3.112438207015709,0,0.0587692894041538,0,1.4716031485262364,"{""type"":""MultiPoint"",""coordinates"":[]}"
3749,18,3.4369017480228576,1,0.2280180752277374,2,1.5041077415747506,"{""type"":""MultiPoint"",""coordinates"":[]}"
3750,408,2.434789458820881,0,0.7939858436584473,0,1.002738989223768,"{""type"":""MultiPoint"",""coordinates"":[]}"
3751,2102,1.189481581742856,0,0.8498753309249878,0,0.6876972408139139,"{""type"":""MultiPoint"",""coordinates"":[]}"
3752,643,2.5009830957196386,1,4.511533260345459,1,1.3539433120527693,"{""type"":""MultiPoint"",""coordinates"":[]}"
3753,118,1.4493776272118688,0,0.1739040166139602,0,0.6881436368162053,"{""type"":""MultiPoint"",""coordinates"":[]}"
3754,418,1.490243160746712,0,0.7826257944107056,0,0.5829310548124843,"{""type"":""MultiPoint"",""coordinates"":[]}"
3755,50,2.013918779374087,1,0.1064437851309776,1,0.9641205523081022,"{""type"":""MultiPoint"",""coordinates"":[]}"
3756,280,1.9773287772748216,0,0.8425794243812561,0,1.0991717769509493,"{""type"":""MultiPoint"",""coordinates"":[]}"
3757,194,1.93059480085746,1,1.2600343227386477,0,1.089874498003912,"{""type"":""MultiPoint"",""coordinates"":[]}"
3758,651,2.4478969227123013,0,2.340459108352661,0,1.330664224354993,"{""type"":""MultiPoint"",""coordinates"":[]}"
3759,530,1.7418197882446225,0,7.452913284301758,0,0.7444466933926196,"{""type"":""MultiPoint"",""coordinates"":[]}"
3760,345,3.063213650933054,0,0.6711493134498596,0,1.5922468361745945,"{""type"":""MultiPoint"",""coordinates"":[]}"
3761,71,2.000386466239464,0,0.1055459305644035,0,1.1841605262122243,"{""type"":""MultiPoint"",""coordinates"":[]}"
3762,111,2.023783490205445,1,0.2475617080926895,1,0.9706077907976944,"{""type"":""MultiPoint"",""coordinates"":[]}"
3763,572,1.6494764090507272,0,10.529302597045898,0,0.792575230247747,"{""type"":""MultiPoint"",""coordinates"":[]}"
3764,64,1.9056091525587504,1,0.1313032209873199,0,1.0142262772840849,"{""type"":""MultiPoint"",""coordinates"":[]}"
3765,122,1.6536260126633358,1,0.1715640723705291,0,0.7253528735749425,"{""type"":""MultiPoint"",""coordinates"":[]}"
3766,1218,1.050891731090793,0,2.78574800491333,0,0.6056321559090924,"{""type"":""MultiPoint"",""coordinates"":[]}"
3767,36,1.995431168788552,1,0.0295748580247163,0,0.928599951940948,"{""type"":""MultiPoint"",""coordinates"":[]}"
3768,283,1.3743292296940834,0,0.2485850751399994,0,0.6138725909949576,"{""type"":""MultiPoint"",""coordinates"":[]}"
3769,1102,2.4409677401867675,0,4.3157477378845215,0,1.2957932345029883,"{""type"":""MultiPoint"",""coordinates"":[]}"
3770,330,1.3610831265959618,1,0.4162020087242126,0,0.7311885229780462,"{""type"":""MultiPoint"",""coordinates"":[]}"
3771,75,2.1635453510753284,0,0.1964939534664154,0,1.022350214820426,"{""type"":""MultiPoint"",""coordinates"":[]}"
3772,674,1.6807716552988532,0,6.649959564208984,0,0.8052443573320357,"{""type"":""MultiPoint"",""coordinates"":[]}"
3773,123,1.7688213698717272,0,0.2995458841323852,0,1.022249742594675,"{""type"":""MultiPoint"",""coordinates"":[]}"
3774,50,2.4820165565990746,1,0.1315332204103469,1,1.1770125307684445,"{""type"":""MultiPoint"",""coordinates"":[]}"
3775,363,0.490209154495393,1,0.0827887281775474,0,0.2266964202609999,"{""type"":""MultiPoint"",""coordinates"":[]}"
3776,427,2.9934340465979203,1,0.4427968561649322,1,1.4372532312886994,"{""type"":""MultiPoint"",""coordinates"":[]}"
3778,94,2.182515638154854,1,0.2288776934146881,1,1.0519452867936665,"{""type"":""MultiPoint"",""coordinates"":[]}"
3779,66,2.3402583729185724,1,0.2050174176692962,1,1.0787738628895782,"{""type"":""MultiPoint"",""coordinates"":[]}"
3780,302,1.53493863539216,1,0.6898828148841858,0,0.7173948638318259,"{""type"":""MultiPoint"",""coordinates"":[]}"
3781,64,2.2975418379344577,0,0.186241403222084,0,1.0438341684094354,"{""type"":""MultiPoint"",""coordinates"":[]}"
3782,287,2.411627913611372,1,0.2050280123949051,1,1.2922415425240743,"{""type"":""MultiPoint"",""coordinates"":[]}"
3783,167,1.667235225023241,0,0.3278602063655853,0,0.8897923281849475,"{""type"":""MultiPoint"",""coordinates"":[]}"
3784,38,2.4726663843451497,1,0.3557371199131012,1,1.0013335908105676,"{""type"":""MultiPoint"",""coordinates"":[]}"
3785,134,2.4964881377029213,1,0.2629331350326538,1,1.2527675946769083,"{""type"":""MultiPoint"",""coordinates"":[]}"
3786,29,3.387048073408114,0,0.4290241599082947,0,1.4899161889713326,"{""type"":""MultiPoint"",""coordinates"":[]}"
3787,312,2.9512143282869627,1,0.5348771214485168,1,1.5883849549186766,"{""type"":""MultiPoint"",""coordinates"":[]}"
3788,1013,1.0015449012281097,0,4.46982479095459,0,0.5083224442196695,"{""type"":""MultiPoint"",""coordinates"":[]}"
3789,305,1.961684185738084,0,3.352535963058472,0,1.0384252158938974,"{""type"":""MultiPoint"",""coordinates"":[]}"
3790,50,2.409775922076211,1,0.2213781177997589,1,1.1356661307112317,"{""type"":""MultiPoint"",""coordinates"":[]}"
3791,101,2.0785784333785915,1,0.3558654189109802,1,0.9611038669959924,"{""type"":""MultiPoint"",""coordinates"":[]}"
3792,36,2.462034616713609,0,0.3675854504108429,0,1.034758313643206,"{""type"":""MultiPoint"",""coordinates"":[]}"
3793,367,1.4615545740439078,1,0.3527876436710357,0,0.7837795532167808,"{""type"":""MultiPoint"",""coordinates"":[]}"
3794,481,0.90206543549895,0,9.577068328857422,0,0.5485617460055154,"{""type"":""MultiPoint"",""coordinates"":[]}"
3795,436,1.541550479600591,1,3.1326706409454346,0,0.5878089836075542,"{""type"":""MultiPoint"",""coordinates"":[]}"
3796,20,4.07086929441581,1,0.3095850944519043,2,1.7377325559458956,"{""type"":""MultiPoint"",""coordinates"":[]}"
3797,287,2.8213341391633557,1,0.5250322818756104,1,1.5317078739402552,"{""type"":""MultiPoint"",""coordinates"":[]}"
3798,97,1.8712271396112707,0,0.2519779205322265,0,1.040123040057489,"{""type"":""MultiPoint"",""coordinates"":[]}"
3799,16,3.3469782978874507,1,0.1512834876775741,2,1.3043208803266186,"{""type"":""MultiPoint"",""coordinates"":[]}"
3800,80,2.0419460986333413,1,0.1984240859746933,1,0.9756747275046472,"{""type"":""MultiPoint"",""coordinates"":[]}"
3801,235,0.9538523072694828,1,0.992387592792511,0,0.5081228122415963,"{""type"":""MultiPoint"",""coordinates"":[]}"
3802,97,1.735099879878923,0,0.339420348405838,0,1.0792649419725828,"{""type"":""MultiPoint"",""coordinates"":[]}"
3803,17,2.2549781050458084,0,0.1722659617662429,0,0.9843145069694156,"{""type"":""MultiPoint"",""coordinates"":[]}"
3804,155,1.8432383035193995,1,0.5518801212310791,0,0.9390615947338564,"{""type"":""MultiPoint"",""coordinates"":[]}"
3805,913,1.3094079629475326,0,4.077349185943604,0,0.6230038874788038,"{""type"":""MultiPoint"",""coordinates"":[]}"
3806,483,2.3302969911891407,1,0.3675234317779541,1,1.2616361434244363,"{""type"":""MultiPoint"",""coordinates"":[]}"
3807,319,0.6239959494871417,0,0.3831461071968078,0,0.2403351964390008,"{""type"":""MultiPoint"",""coordinates"":[]}"
3808,30,2.27438250629955,1,0.375921368598938,1,0.9835860851499806,"{""type"":""MultiPoint"",""coordinates"":[]}"
3809,284,2.4553764557632203,1,0.4357519745826721,1,1.3516316737797605,"{""type"":""MultiPoint"",""coordinates"":[]}"
3810,458,1.0388211961043652,0,1.3686221837997437,0,0.4065988465440306,"{""type"":""MultiPoint"",""coordinates"":[]}"
3811,110,2.4349036725234177,1,0.2670387327671051,1,1.211331508928924,"{""type"":""MultiPoint"",""coordinates"":[]}"
3812,93,2.106888459777104,1,0.2213088124990463,1,0.9871084580531642,"{""type"":""MultiPoint"",""coordinates"":[]}"
3813,408,2.052540043945101,1,0.5239201784133911,1,1.068842908696514,"{""type"":""MultiPoint"",""coordinates"":[]}"
3814,192,1.4071916013292338,1,0.4594592452049255,0,0.7726892230642867,"{""type"":""MultiPoint"",""coordinates"":[]}"
3815,158,1.8150548022905,0,0.6323204636573792,0,0.7973338800058652,"{""type"":""MultiPoint"",""coordinates"":[]}"
3816,64,2.372773015873868,0,0.207567885518074,0,1.168433747457306,"{""type"":""MultiPoint"",""coordinates"":[]}"
3817,776,2.4173926855316314,1,0.9130547642707824,1,1.2447271850059656,"{""type"":""MultiPoint"",""coordinates"":[]}"
3818,357,2.2046535180537106,1,0.4342199563980102,1,1.1319046333744505,"{""type"":""MultiPoint"",""coordinates"":[]}"
3819,321,1.4891826745177232,0,1.5663502216339111,0,0.6971744504904825,"{""type"":""MultiPoint"",""coordinates"":[]}"
3820,63,2.1635453510753284,0,0.0927599295973777,0,1.022350214820426,"{""type"":""MultiPoint"",""coordinates"":[]}"
3821,343,1.490243160746712,1,0.8440870642662048,0,0.5829310548124843,"{""type"":""MultiPoint"",""coordinates"":[]}"
3822,419,1.0270460504474794,0,1.8189568519592283,0,0.490472908574674,"{""type"":""MultiPoint"",""coordinates"":[]}"
3823,169,2.1916983558645007,1,0.2715435624122619,1,1.0385914906155858,"{""type"":""MultiPoint"",""coordinates"":[]}"
3824,84,2.002886541634349,1,0.3029382526874542,1,0.9304254013966669,"{""type"":""MultiPoint"",""coordinates"":[]}"
3825,1378,1.2273826346559984,0,10.191699028015137,0,0.5764822544383231,"{""type"":""MultiPoint"",""coordinates"":[]}"
3826,82,2.024878301817492,1,0.1479387581348419,1,0.9854259496946136,"{""type"":""MultiPoint"",""coordinates"":[]}"
3827,20,3.4369017480228576,1,0.2053566724061966,2,1.5041077415747506,"{""type"":""MultiPoint"",""coordinates"":[]}"
3828,403,1.976905149751013,1,0.3176355063915252,0,0.9366690160576516,"{""type"":""MultiPoint"",""coordinates"":[]}"
3829,105,1.915444685119298,1,0.2684771418571472,0,0.8199650180028971,"{""type"":""MultiPoint"",""coordinates"":[]}"
3830,20,2.810553572146565,1,0.1049999520182609,1,1.280525992684996,"{""type"":""MultiPoint"",""coordinates"":[]}"
3831,11,5.063825455089839,0,0.1236554682254791,0,2.1521824700790915,"{""type"":""MultiPoint"",""coordinates"":[]}"
3832,255,2.33550694191714,0,1.96764075756073,0,1.2088609681834563,"{""type"":""MultiPoint"",""coordinates"":[]}"
3833,325,2.1532205106792737,0,1.6258867979049685,0,0.8561089917271784,"{""type"":""MultiPoint"",""coordinates"":[]}"
3834,97,1.909610978900916,0,0.0650045275688171,0,1.12766017027658,"{""type"":""MultiPoint"",""coordinates"":[]}"
3835,126,2.332153046326891,0,0.1711519807577133,0,1.1375679856956458,"{""type"":""MultiPoint"",""coordinates"":[]}"
3836,369,3.076053295439289,0,0.399061381816864,0,1.566225976801123,"{""type"":""MultiPoint"",""coordinates"":[]}"
3837,378,1.942052846298259,1,0.260505735874176,0,1.0167353396217025,"{""type"":""MultiPoint"",""coordinates"":[]}"
3838,343,2.920782140127154,1,0.2699344754219055,1,1.5237509035270471,"{""type"":""MultiPoint"",""coordinates"":[]}"
3839,323,1.1117906357222478,0,9.311713218688965,0,0.6396632229454594,"{""type"":""MultiPoint"",""coordinates"":[]}"
3840,88,2.4568972128858846,1,0.4504739344120025,1,1.1372184224275492,"{""type"":""MultiPoint"",""coordinates"":[]}"
3841,1377,1.6443303917197662,0,8.122394561767578,0,0.6843741473960726,"{""type"":""MultiPoint"",""coordinates"":[]}"
3842,174,1.6494764090507272,1,0.2438521087169647,0,0.792575230247747,"{""type"":""MultiPoint"",""coordinates"":[]}"
3843,125,1.875721241408734,1,0.3102614283561706,0,0.8995736337043749,"{""type"":""MultiPoint"",""coordinates"":[]}"
3844,260,2.3917711262856023,1,0.3490571975708008,1,1.327900051843739,"{""type"":""MultiPoint"",""coordinates"":[]}"
3845,216,2.944720627728256,1,0.534286379814148,1,1.647218564612692,"{""type"":""MultiPoint"",""coordinates"":[]}"
3846,795,1.765007587744692,1,3.685812711715698,0,0.7215490503219946,"{""type"":""MultiPoint"",""coordinates"":[]}"
3847,216,1.423767433349142,0,2.215259075164795,0,0.8663723721254595,"{""type"":""MultiPoint"",""coordinates"":[]}"
3848,1608,0.8955512404603164,0,15.363889694213867,0,0.5250658554465338,"{""type"":""MultiPoint"",""coordinates"":[]}"
3849,73,2.1635453510753284,1,0.2420063912868499,1,1.022350214820426,"{""type"":""MultiPoint"",""coordinates"":[]}"
3850,150,1.352979784183049,0,0.2392042428255081,0,0.6625343791566205,"{""type"":""MultiPoint"",""coordinates"":[]}"
3851,24,2.1031110991355524,1,0.130820944905281,1,0.9761771602390066,"{""type"":""MultiPoint"",""coordinates"":[]}"
3852,239,1.3565931549838457,1,0.2028877884149551,0,0.6675342553995586,"{""type"":""MultiPoint"",""coordinates"":[]}"
3853,196,1.4071916013292338,1,0.4282317757606506,0,0.7726892230642867,"{""type"":""MultiPoint"",""coordinates"":[]}"
3854,111,1.7688213698717272,0,0.1472350507974624,0,1.022249742594675,"{""type"":""MultiPoint"",""coordinates"":[]}"
3855,451,1.4209160745325276,0,0.9491108059883118,0,0.7245326618784717,"{""type"":""MultiPoint"",""coordinates"":[]}"
3856,169,1.1117906357222478,1,0.4809738397598266,0,0.6396632229454594,"{""type"":""MultiPoint"",""coordinates"":[]}"
3857,171,2.525650674079468,0,0.3262269496917724,0,1.4373947639001894,"{""type"":""MultiPoint"",""coordinates"":[]}"
3858,27,2.3966901560514065,1,0.0413142852485179,1,1.118238185995054,"{""type"":""MultiPoint"",""coordinates"":[]}"
3859,413,2.339747726911436,0,1.66200590133667,0,1.1804976503169164,"{""type"":""MultiPoint"",""coordinates"":[]}"
3860,295,2.359339829239384,0,0.5924988389015198,0,0.985266440719838,"{""type"":""MultiPoint"",""coordinates"":[]}"
3861,13,3.580573824285928,1,0.0825402066111564,2,1.6109334388838634,"{""type"":""MultiPoint"",""coordinates"":[]}"
3862,469,1.8650040638786676,1,0.6907709240913391,0,0.747103804988939,"{""type"":""MultiPoint"",""coordinates"":[]}"
3863,22,2.0506164527603614,1,0.0295702125877141,1,0.9317262384649226,"{""type"":""MultiPoint"",""coordinates"":[]}"
3864,1820,0.8602984643959591,0,25.192365646362305,0,0.5055147733649759,"{""type"":""MultiPoint"",""coordinates"":[]}"
3865,100,2.4349036725234177,1,0.1314548403024673,1,1.211331508928924,"{""type"":""MultiPoint"",""coordinates"":[]}"
3866,110,1.8417131648502696,1,0.1699959486722946,0,0.8989112911627106,"{""type"":""MultiPoint"",""coordinates"":[]}"
3867,43,2.0369488522600427,1,0.1872232407331466,1,0.948655000485824,"{""type"":""MultiPoint"",""coordinates"":[]}"
3868,544,1.296707198084598,0,0.2697184979915619,0,0.7277935851671943,"{""type"":""MultiPoint"",""coordinates"":[]}"
3869,302,1.8448264969024035,0,0.7055034637451172,0,1.073382440510615,"{""type"":""MultiPoint"",""coordinates"":[]}"
3870,449,1.995546439118264,1,0.2113749682903289,0,1.0001176999341423,"{""type"":""MultiPoint"",""coordinates"":[]}"
3871,30,2.1573427867248625,1,0.0830829516053199,1,0.9693776187917708,"{""type"":""MultiPoint"",""coordinates"":[]}"
3872,633,2.439500571204455,0,1.1539469957351685,0,1.393165234279148,"{""type"":""MultiPoint"",""coordinates"":[]}"
3873,35,2.352879008589135,1,0.0657746419310569,1,1.101632561277817,"{""type"":""MultiPoint"",""coordinates"":[]}"
3874,28,2.392218198030502,0,0.244459182024002,0,1.023101451337869,"{""type"":""MultiPoint"",""coordinates"":[]}"
3875,1005,1.331253402555589,0,5.068072319030762,0,0.5482023181233213,"{""type"":""MultiPoint"",""coordinates"":[]}"
3876,312,1.3610831265959618,1,0.1564481258392334,0,0.7311885229780462,"{""type"":""MultiPoint"",""coordinates"":[]}"
3877,38,1.9780620592278777,0,0.1211401373147964,0,1.1657015362483876,"{""type"":""MultiPoint"",""coordinates"":[]}"
3878,878,1.737154826256598,0,3.7142913341522217,0,0.8809262456368894,"{""type"":""MultiPoint"",""coordinates"":[]}"
3879,11,3.3589568163008776,0,0.0826078131794929,0,1.4754009105584396,"{""type"":""MultiPoint"",""coordinates"":[]}"
3880,790,0.9637899358282246,0,8.92399787902832,0,0.5709343496743694,"{""type"":""MultiPoint"",""coordinates"":[]}"
3881,747,2.15096877111277,0,15.382466316223145,0,0.9118119944167808,"{""type"":""MultiPoint"",""coordinates"":[]}"
3882,145,2.069943352754785,1,0.2772147357463836,1,0.94360706843876,"{""type"":""MultiPoint"",""coordinates"":[]}"
3883,160,2.8310909077614177,1,0.3517949879169464,1,1.5767959171127464,"{""type"":""MultiPoint"",""coordinates"":[]}"
3884,450,1.6443875572388835,0,9.468929290771484,0,0.7074002068440863,"{""type"":""MultiPoint"",""coordinates"":[]}"
3885,44,1.9959453820978368,1,0.092835821211338,0,1.1523829223607478,"{""type"":""MultiPoint"",""coordinates"":[]}"
3886,55,1.8853312195131424,0,0.1500688046216964,0,0.9683394271901012,"{""type"":""MultiPoint"",""coordinates"":[]}"
3887,763,1.8162669919164105,0,9.512579917907717,0,1.0127746809738716,"{""type"":""MultiPoint"",""coordinates"":[]}"
3888,65,1.9068042229903783,1,0.1195855140686035,0,0.8290586482149802,"{""type"":""MultiPoint"",""coordinates"":[]}"
3889,521,0.5328632593889877,0,8.47232723236084,0,0.2500467312877332,"{""type"":""MultiPoint"",""coordinates"":[]}"
3890,238,1.0724314435870987,1,0.2366798520088195,0,0.4842199447142442,"{""type"":""MultiPoint"",""coordinates"":[]}"
3891,430,2.160553218047412,0,0.5386766791343689,0,0.9328210051260508,"{""type"":""MultiPoint"",""coordinates"":[]}"
3892,913,1.1282516954465531,0,1.65426766872406,0,0.6562344584189966,"{""type"":""MultiPoint"",""coordinates"":[]}"
3893,129,2.3351429458439164,1,0.2318714708089828,1,1.1414121858984314,"{""type"":""MultiPoint"",""coordinates"":[]}"
3894,815,1.0002101753428634,0,4.153684139251709,0,0.5082117748253667,"{""type"":""MultiPoint"",""coordinates"":[]}"
3895,226,2.2508798976054463,1,0.4219430387020111,1,1.2575684738564552,"{""type"":""MultiPoint"",""coordinates"":[]}"
3896,549,1.2376057899625017,0,0.5198519229888916,0,0.574073298716852,"{""type"":""MultiPoint"",""coordinates"":[]}"
3897,115,2.168998689358088,1,2.7349021434783936,1,1.0969384748088222,"{""type"":""MultiPoint"",""coordinates"":[]}"
3898,1450,1.846023524810242,0,15.382136344909668,0,0.8829134282214509,"{""type"":""MultiPoint"",""coordinates"":[]}"
3899,490,1.7717244920737516,1,0.4775944948196411,0,0.8508001127958511,"{""type"":""MultiPoint"",""coordinates"":[]}"
3900,334,0.6239959494871417,0,1.6393409967422483,0,0.2403351964390008,"{""type"":""MultiPoint"",""coordinates"":[]}"
3901,20,2.2786746007704624,1,0.0886065363883972,1,1.0098406416461263,"{""type"":""MultiPoint"",""coordinates"":[]}"
3902,127,1.7553587522477971,1,0.3870886564254761,0,0.7710815206218904,"{""type"":""MultiPoint"",""coordinates"":[]}"
3903,44,2.2975418379344577,0,0.2064703702926635,0,1.0438341684094354,"{""type"":""MultiPoint"",""coordinates"":[]}"
3904,14,3.4751317949126164,1,0.1309044808149337,2,1.5419011161103784,"{""type"":""MultiPoint"",""coordinates"":[]}"
3905,62,2.393273019685949,0,2.3515985012054443,0,1.0117611607796793,"{""type"":""MultiPoint"",""coordinates"":[]}"
3906,682,1.8242419730265589,0,8.00229549407959,0,0.9598417601498442,"{""type"":""MultiPoint"",""coordinates"":[]}"
3907,134,2.6558239025111066,1,0.3309614956378937,1,1.4791094314036304,"{""type"":""MultiPoint"",""coordinates"":[]}"
3908,394,1.4615545740439078,0,0.4176963567733764,0,0.7837795532167808,"{""type"":""MultiPoint"",""coordinates"":[]}"
3909,91,2.106888459777104,1,0.186066448688507,1,0.9871084580531642,"{""type"":""MultiPoint"",""coordinates"":[]}"
3910,85,2.250055273122852,0,0.2281935811042785,0,1.044692166556868,"{""type"":""MultiPoint"",""coordinates"":[]}"
3911,350,0.6794064617104196,1,1.482399821281433,0,0.3819456050657812,"{""type"":""MultiPoint"",""coordinates"":[]}"
3912,111,1.632462639847111,1,0.2110026329755783,0,0.7643427625040963,"{""type"":""MultiPoint"",""coordinates"":[]}"
3913,102,1.9056091525587504,0,0.8000773787498474,0,1.0142262772840849,"{""type"":""MultiPoint"",""coordinates"":[]}"
3914,195,1.8093895401160032,1,3.496711015701294,0,0.9841623509293064,"{""type"":""MultiPoint"",""coordinates"":[]}"
3915,217,1.2693967427615442,0,1.5428587198257446,0,0.674146131488558,"{""type"":""MultiPoint"",""coordinates"":[]}"
3916,8,4.300230971520628,1,0.0590728446841239,2,1.6607166385762078,"{""type"":""MultiPoint"",""coordinates"":[]}"
3917,106,2.414083801071938,0,0.4343011975288391,0,1.1158105049311589,"{""type"":""MultiPoint"",""coordinates"":[]}"
3918,42,2.0230092821312216,1,0.0826238989830017,1,1.1162361341731648,"{""type"":""MultiPoint"",""coordinates"":[]}"
3919,1869,1.1093991031836337,1,29.424509048461918,0,0.5683985492627103,"{""type"":""MultiPoint"",""coordinates"":[]}"
3920,250,1.4395333881595826,0,8.145377159118652,0,0.6826313518906794,"{""type"":""MultiPoint"",""coordinates"":[]}"
3921,110,2.2656389214307047,1,0.2922259271144867,1,1.1310721189855693,"{""type"":""MultiPoint"",""coordinates"":[]}"
3922,132,1.978130616390684,1,0.2098981887102127,0,0.9809060706288252,"{""type"":""MultiPoint"",""coordinates"":[]}"
3923,159,2.076607026953737,1,0.2337456494569778,1,1.1935656940698796,"{""type"":""MultiPoint"",""coordinates"":[]}"
3924,9,3.4596814363673385,1,0.0412798896431922,2,1.5997379254725246,"{""type"":""MultiPoint"",""coordinates"":[]}"
3925,431,2.207770249376116,0,4.9325337409973145,0,1.170035044285473,"{""type"":""MultiPoint"",""coordinates"":[]}"
3926,315,1.202644680547507,1,0.529736340045929,0,0.5043144269079569,"{""type"":""MultiPoint"",""coordinates"":[]}"
3927,605,1.9508537231252607,0,11.84550952911377,0,1.077486727879766,"{""type"":""MultiPoint"",""coordinates"":[]}"
3928,502,1.8589431962210845,0,6.481999397277832,0,1.0321469924239606,"{""type"":""MultiPoint"",""coordinates"":[]}"
3929,40,1.9106465980127048,1,0.0919062122702598,0,0.9286425818663774,"{""type"":""MultiPoint"",""coordinates"":[]}"
3930,634,2.5009830957196386,0,2.7350118160247803,0,1.3539433120527693,"{""type"":""MultiPoint"",""coordinates"":[]}"
3931,677,1.6594003732532308,0,11.185794830322266,0,0.6728735834065964,"{""type"":""MultiPoint"",""coordinates"":[]}"
3932,454,0.8866194415176893,0,9.166717529296877,0,0.4532179026400169,"{""type"":""MultiPoint"",""coordinates"":[]}"
3933,203,1.2395729616897946,1,0.472148597240448,0,0.6058636528788668,"{""type"":""MultiPoint"",""coordinates"":[]}"
3934,303,1.627636450661884,0,0.311788409948349,0,0.648440294314128,"{""type"":""MultiPoint"",""coordinates"":[]}"
3935,120,1.6359889091720794,0,0.4720640778541565,0,1.0748538325657255,"{""type"":""MultiPoint"",""coordinates"":[]}"
3936,78,1.895415202133287,1,0.238712802529335,0,0.9180055120492948,"{""type"":""MultiPoint"",""coordinates"":[]}"
3937,324,2.0533620812852758,0,3.473954200744629,0,1.2033082535085842,"{""type"":""MultiPoint"",""coordinates"":[]}"
3938,33,2.1520457866889044,0,0.3188217282295227,0,1.0051973630041022,"{""type"":""MultiPoint"",""coordinates"":[]}"
3939,216,1.562516013942547,1,0.2943566739559173,0,0.8648833806098261,"{""type"":""MultiPoint"",""coordinates"":[]}"
3940,156,2.8310909077614177,1,0.3327263593673706,1,1.5767959171127464,"{""type"":""MultiPoint"",""coordinates"":[]}"
3941,226,1.3941285156725884,1,0.4814934432506561,0,0.6539356259678245,"{""type"":""MultiPoint"",""coordinates"":[]}"
3942,223,3.2090848647074792,0,0.1196320280432701,0,1.750059745736036,"{""type"":""MultiPoint"",""coordinates"":[]}"
3943,164,1.1683503395656725,1,0.1950172185897827,0,0.6342923810416271,"{""type"":""MultiPoint"",""coordinates"":[]}"
3944,56,2.169745622208434,1,0.210671916604042,1,0.9539706290928154,"{""type"":""MultiPoint"",""coordinates"":[]}"
3945,397,2.206090649761835,1,0.4357551336288452,1,1.1455857572318906,"{""type"":""MultiPoint"",""coordinates"":[]}"
3946,267,2.1369395163277627,0,0.2532947361469269,0,1.2332031118258668,"{""type"":""MultiPoint"",""coordinates"":[]}"
3947,224,1.072961761141661,1,0.2120447754859924,0,0.480394803299655,"{""type"":""MultiPoint"",""coordinates"":[]}"
3948,31,2.5880399644683187,1,0.0649887844920158,1,1.3184770109943205,"{""type"":""MultiPoint"",""coordinates"":[]}"
3949,111,1.835400286470638,1,0.262071818113327,0,0.8370428344656282,"{""type"":""MultiPoint"",""coordinates"":[]}"
3950,68,1.9772015245798376,1,0.1319971084594726,0,0.9638475032056366,"{""type"":""MultiPoint"",""coordinates"":[]}"
3951,254,1.9508537231252607,1,1.6071577072143557,0,1.077486727879766,"{""type"":""MultiPoint"",""coordinates"":[]}"
3952,43,2.306447739421977,1,0.3243197202682495,1,0.999670600078496,"{""type"":""MultiPoint"",""coordinates"":[]}"
3953,50,2.4820165565990746,0,0.0657666996121406,0,1.1770125307684445,"{""type"":""MultiPoint"",""coordinates"":[]}"
3954,115,2.2257651991813376,1,0.3647371530532837,1,1.1819722301456357,"{""type"":""MultiPoint"",""coordinates"":[]}"
3955,60,1.970116464993072,1,0.1060972213745117,0,0.9281518152425076,"{""type"":""MultiPoint"",""coordinates"":[]}"
3956,430,2.3235836482839383,0,2.7213101387023926,0,1.319722623382346,"{""type"":""MultiPoint"",""coordinates"":[]}"
3957,36,2.1031110991355524,1,0.3270431458950043,1,0.9761771602390066,"{""type"":""MultiPoint"",""coordinates"":[]}"
3958,8,5.063825455089839,1,0.1563256382942199,2,2.1521824700790915,"{""type"":""MultiPoint"",""coordinates"":[]}"
3959,243,3.2090848647074792,1,0.3342006206512451,2,1.750059745736036,"{""type"":""MultiPoint"",""coordinates"":[]}"
3960,34,2.188557917028646,1,0.1300668120384216,1,0.9156217348593348,"{""type"":""MultiPoint"",""coordinates"":[]}"
3961,12,2.2344147018998086,1,0.0658230111002922,1,0.9638600903504254,"{""type"":""MultiPoint"",""coordinates"":[]}"
3962,75,2.525223014652472,0,0.2378427535295486,0,1.287440359206909,"{""type"":""MultiPoint"",""coordinates"":[]}"
3963,33,2.278866217228426,0,0.104941539466381,0,1.2294660124340169,"{""type"":""MultiPoint"",""coordinates"":[]}"
3964,84,2.024878301817492,1,0.1566467583179474,1,0.9854259496946136,"{""type"":""MultiPoint"",""coordinates"":[]}"
3965,51,2.09337716886276,0,0.275602251291275,0,1.0049798702985877,"{""type"":""MultiPoint"",""coordinates"":[]}"
3966,137,1.3308961635389238,1,0.2112373262643814,0,0.6897142656858772,"{""type"":""MultiPoint"",""coordinates"":[]}"
3968,2094,0.9339461717146862,0,28.03462791442871,0,0.4783562176467341,"{""type"":""MultiPoint"",""coordinates"":[]}"
3969,141,1.8023968247437585,1,0.3831359148025512,0,0.768915950055204,"{""type"":""MultiPoint"",""coordinates"":[]}"
3970,61,2.022505711545941,1,0.0917868018150329,1,1.1672975978731972,"{""type"":""MultiPoint"",""coordinates"":[]}"
3971,436,1.976905149751013,0,0.4484949707984924,0,0.9366690160576516,"{""type"":""MultiPoint"",""coordinates"":[]}"
3972,224,2.204535848390983,1,0.5135831832885742,1,1.2199516225617644,"{""type"":""MultiPoint"",""coordinates"":[]}"
3973,162,1.559160011587909,1,0.2367175072431564,0,0.6758561725859648,"{""type"":""MultiPoint"",""coordinates"":[]}"
3974,278,1.7608049205797722,0,6.098776817321777,0,0.9749339247252902,"{""type"":""MultiPoint"",""coordinates"":[]}"
3975,2,4.058009311842343,0,0.0,0,1.748389081757882,"{""type"":""MultiPoint"",""coordinates"":[]}"
3976,467,1.973339745410363,1,0.707705020904541,0,0.9882268760097608,"{""type"":""MultiPoint"",""coordinates"":[]}"
3977,264,2.2508798976054463,1,0.3444000482559204,1,1.2575684738564552,"{""type"":""MultiPoint"",""coordinates"":[]}"
3978,155,1.3481772946534774,1,0.170923575758934,0,0.7261472878513459,"{""type"":""MultiPoint"",""coordinates"":[]}"
3979,229,2.089213009449145,1,0.3399309515953064,1,0.9992824872698736,"{""type"":""MultiPoint"",""coordinates"":[]}"
3980,385,1.2235938679318397,0,2.1838936805725098,0,0.5155826355207517,"{""type"":""MultiPoint"",""coordinates"":[]}"
3981,439,2.197876071428267,1,0.2531470060348511,1,1.1483398519423431,"{""type"":""MultiPoint"",""coordinates"":[]}"
3982,724,1.3733212080216048,0,7.641746997833252,0,0.5260603576148088,"{""type"":""MultiPoint"",""coordinates"":[]}"
3983,19,3.074210892970932,1,0.0651301145553588,2,1.2253674441452318,"{""type"":""MultiPoint"",""coordinates"":[]}"
3984,779,1.744901164518591,0,1.35765278339386,0,0.7929212242531937,"{""type"":""MultiPoint"",""coordinates"":[]}"
3985,933,2.522896258729107,0,2.4301345348358154,0,1.243019479089752,"{""type"":""MultiPoint"",""coordinates"":[]}"
3986,276,2.1369395163277627,0,2.563249111175537,0,1.2332031118258668,"{""type"":""MultiPoint"",""coordinates"":[]}"
3987,42,2.0230092821312216,1,0.0917999893426895,1,1.1162361341731648,"{""type"":""MultiPoint"",""coordinates"":[]}"
3988,9,5.245728107561302,1,0.041262648999691,2,2.157653861935447,"{""type"":""MultiPoint"",""coordinates"":[]}"
3989,1730,0.8790502788204945,0,9.040410041809082,0,0.4459390477674668,"{""type"":""MultiPoint"",""coordinates"":[]}"
3990,935,1.331253402555589,0,17.636919021606445,0,0.5482023181233213,"{""type"":""MultiPoint"",""coordinates"":[]}"
3991,43,2.469624827667045,1,0.2608550190925598,1,1.2317181383221305,"{""type"":""MultiPoint"",""coordinates"":[]}"
3992,138,2.404776655621608,0,0.6699075102806091,0,1.2006613426125037,"{""type"":""MultiPoint"",""coordinates"":[]}"
3993,10,3.580573824285928,0,0.1299733072519302,0,1.6109334388838634,"{""type"":""MultiPoint"",""coordinates"":[]}"
3994,550,1.806919845504693,0,18.21968460083008,0,0.7160985633699634,"{""type"":""MultiPoint"",""coordinates"":[]}"
3995,741,1.060322709461338,0,7.4926838874816895,0,0.5777484089022024,"{""type"":""MultiPoint"",""coordinates"":[]}"
3996,307,2.3729240259761477,1,0.5343566536903381,1,1.209537386209789,"{""type"":""MultiPoint"",""coordinates"":[]}"
3997,59,1.8238881767620645,1,0.2100172936916351,0,1.09713250309807,"{""type"":""MultiPoint"",""coordinates"":[]}"
3998,2248,0.91453184028237,0,2.538938522338867,0,0.5511523434337091,"{""type"":""MultiPoint"",""coordinates"":[]}"
3999,28,2.316702408624339,1,0.0826192796230316,1,1.181839321485302,"{""type"":""MultiPoint"",""coordinates"":[]}"
4000,12,2.286559856230589,1,0.3710759580135345,1,1.0519074378233286,"{""type"":""MultiPoint"",""coordinates"":[]}"
4001,315,1.4891826745177232,0,0.9584150314331056,0,0.6971744504904825,"{""type"":""MultiPoint"",""coordinates"":[]}"
4002,797,1.6228623872449286,0,4.213726043701172,0,0.6479424292574759,"{""type"":""MultiPoint"",""coordinates"":[]}"
4003,364,1.719611745092309,1,9.767576217651367,0,0.8733997622288261,"{""type"":""MultiPoint"",""coordinates"":[]}"
4004,142,2.005662447206786,1,0.7303528189659119,1,0.9785939691888672,"{""type"":""MultiPoint"",""coordinates"":[]}"
4006,4,3.7379147765591294,1,0.0869522094726562,2,1.2828065347923707,"{""type"":""MultiPoint"",""coordinates"":[]}"
4007,136,2.076607026953737,1,0.3513635098934173,1,1.1935656940698796,"{""type"":""MultiPoint"",""coordinates"":[]}"
4008,458,1.9247879392769796,0,1.823225736618042,0,1.0703750408946655,"{""type"":""MultiPoint"",""coordinates"":[]}"
4009,243,2.685778959712429,0,0.4936020970344543,0,1.5195772923322075,"{""type"":""MultiPoint"",""coordinates"":[]}"
4010,82,2.250055273122852,0,0.4611774384975433,0,1.044692166556868,"{""type"":""MultiPoint"",""coordinates"":[]}"
4011,370,1.8184831977831264,0,1.2061307430267334,0,0.9817468124264698,"{""type"":""MultiPoint"",""coordinates"":[]}"
4012,172,1.4937309643608223,0,0.3188217282295227,0,0.8303107067361206,"{""type"":""MultiPoint"",""coordinates"":[]}"
4013,297,1.2926838929235565,1,0.5826780200004578,0,0.5879096908366442,"{""type"":""MultiPoint"",""coordinates"":[]}"
4014,469,1.5578379363704489,0,13.966782569885254,0,0.7168065748550353,"{""type"":""MultiPoint"",""coordinates"":[]}"
4015,789,3.0158380920753856,1,1.104860782623291,2,1.540654105175623,"{""type"":""MultiPoint"",""coordinates"":[]}"
4016,435,1.644613627221271,0,7.180572032928467,0,0.8694260611066856,"{""type"":""MultiPoint"",""coordinates"":[]}"
4017,13,5.245728107561302,0,0.0869522094726562,0,2.157653861935447,"{""type"":""MultiPoint"",""coordinates"":[]}"
4018,806,2.965334377577373,1,1.9205671548843384,1,1.5190221709253364,"{""type"":""MultiPoint"",""coordinates"":[]}"
4019,470,2.275583103503933,1,0.3952919244766235,1,1.2147005913762654,"{""type"":""MultiPoint"",""coordinates"":[]}"
4020,934,1.644613627221271,0,4.617268562316895,0,0.8694260611066856,"{""type"":""MultiPoint"",""coordinates"":[]}"
4021,384,3.063213650933054,1,0.4695051312446594,2,1.5922468361745945,"{""type"":""MultiPoint"",""coordinates"":[]}"
4022,644,2.614649547942069,0,0.6772498488426208,0,1.3999183297498423,"{""type"":""MultiPoint"",""coordinates"":[]}"
4023,22,2.2732417784726247,0,0.0918280929327011,0,0.9937698446144936,"{""type"":""MultiPoint"",""coordinates"":[]}"
4024,293,1.6011406661848924,0,3.4373972415924072,0,0.624729932770918,"{""type"":""MultiPoint"",""coordinates"":[]}"
4025,27,1.9780620592278777,1,0.0655624270439148,0,1.1657015362483876,"{""type"":""MultiPoint"",""coordinates"":[]}"
4026,212,1.822939408282726,1,0.2633625268936157,0,0.9863192780142565,"{""type"":""MultiPoint"",""coordinates"":[]}"
4027,201,1.8372268595330707,0,3.395141839981079,0,0.878225774821369,"{""type"":""MultiPoint"",""coordinates"":[]}"
4028,8,3.5753054358053387,1,0.0289840884506702,2,1.2671349153320193,"{""type"":""MultiPoint"",""coordinates"":[]}"
4029,46,2.4207545419384964,1,0.1763904243707656,1,1.1331215703512287,"{""type"":""MultiPoint"",""coordinates"":[]}"
4030,101,2.3499711364729285,1,0.2608550190925598,1,1.1051052145079994,"{""type"":""MultiPoint"",""coordinates"":[]}"
4031,73,2.0382469465213418,0,0.1238444298505783,0,1.1457349451270944,"{""type"":""MultiPoint"",""coordinates"":[]}"
4032,567,2.154569054096696,1,1.3027130365371704,1,1.107137171880758,"{""type"":""MultiPoint"",""coordinates"":[]}"
4033,26,3.2100057863145253,1,0.149352952837944,2,1.361939925327554,"{""type"":""MultiPoint"",""coordinates"":[]}"
4034,27,2.5880399644683187,1,0.0927706062793731,1,1.3184770109943205,"{""type"":""MultiPoint"",""coordinates"":[]}"
4035,141,1.630883620003951,1,0.2385228276252746,0,0.7366764455552869,"{""type"":""MultiPoint"",""coordinates"":[]}"
4036,201,0.9954394846852156,1,0.2889854907989502,0,0.5980286306944166,"{""type"":""MultiPoint"",""coordinates"":[]}"
4037,9,2.130025816300068,1,0.1217299699783325,1,0.9230255230149704,"{""type"":""MultiPoint"",""coordinates"":[]}"
4038,4,4.220325390257984,1,0.0579681657254695,2,1.5964918598219575,"{""type"":""MultiPoint"",""coordinates"":[]}"
4039,204,2.944720627728256,1,0.4317760467529297,1,1.647218564612692,"{""type"":""MultiPoint"",""coordinates"":[]}"
4040,1145,1.7427547596147346,0,12.898990631103516,0,0.7715009046774661,"{""type"":""MultiPoint"",""coordinates"":[]}"
4041,486,2.3201084644524053,0,0.3651615977287292,0,1.2600452220584617,"{""type"":""MultiPoint"",""coordinates"":[]}"
4042,105,2.599377400124714,1,0.320184051990509,1,1.3079571782420456,"{""type"":""MultiPoint"",""coordinates"":[]}"
4043,-1,4.724730678566143,1,0.2084055691957473,2,1.636595115986225,"{""type"":""MultiPoint"",""coordinates"":[]}"
4044,83,2.3736949227990065,0,0.2503308355808258,0,1.169556897738104,"{""type"":""MultiPoint"",""coordinates"":[]}"
4045,102,1.909610978900916,0,0.0917920470237732,0,1.12766017027658,"{""type"":""MultiPoint"",""coordinates"":[]}"
4046,673,1.7554474928741874,0,9.646857261657717,0,0.7733480851064848,"{""type"":""MultiPoint"",""coordinates"":[]}"
4047,75,1.9877866356380056,1,0.1835781037807464,0,1.1975621642937992,"{""type"":""MultiPoint"",""coordinates"":[]}"
4048,29,2.315309078462492,1,0.0289840884506702,1,1.0775469802254702,"{""type"":""MultiPoint"",""coordinates"":[]}"
4049,17,2.3816246730182944,1,0.0588000081479549,1,1.270548471617031,"{""type"":""MultiPoint"",""coordinates"":[]}"
4050,59,2.8266678369905978,0,0.1207677870988845,0,1.1553516310294438,"{""type"":""MultiPoint"",""coordinates"":[]}"
4051,340,2.526174079868013,0,0.4994123578071594,0,1.3134674239240225,"{""type"":""MultiPoint"",""coordinates"":[]}"
4052,214,2.4798626020111447,1,0.4169840514659881,1,1.3703515442383143,"{""type"":""MultiPoint"",""coordinates"":[]}"
4053,220,2.070448935202554,0,0.535459041595459,0,1.1411267869794004,"{""type"":""MultiPoint"",""coordinates"":[]}"
4054,64,1.9068042229903783,1,0.3507786989212036,0,0.8290586482149802,"{""type"":""MultiPoint"",""coordinates"":[]}"
4055,83,2.0327740631834503,1,0.1478717923164367,1,1.0793418842073628,"{""type"":""MultiPoint"",""coordinates"":[]}"
4056,194,2.8560684715919704,1,0.2997029423713684,1,1.608191438513046,"{""type"":""MultiPoint"",""coordinates"":[]}"
4057,172,1.8495376579439664,1,0.3256332278251648,0,0.939099588855634,"{""type"":""MultiPoint"",""coordinates"":[]}"
4058,139,1.7543511976305244,0,0.2625305354595184,0,0.8328187862403896,"{""type"":""MultiPoint"",""coordinates"":[]}"
4059,127,1.8686871753988128,1,0.442303329706192,0,0.9396686248204348,"{""type"":""MultiPoint"",""coordinates"":[]}"
4060,1509,1.013090095151194,0,5.424901008605957,0,0.4554540548014731,"{""type"":""MultiPoint"",""coordinates"":[]}"
4061,197,1.8554753992765984,0,0.525414228439331,0,0.8340518638229248,"{""type"":""MultiPoint"",""coordinates"":[]}"
4062,73,2.000386466239464,1,0.0825729519128799,1,1.1841605262122243,"{""type"":""MultiPoint"",""coordinates"":[]}"
4063,92,2.0327740631834503,1,0.2994014024734497,1,1.0793418842073628,"{""type"":""MultiPoint"",""coordinates"":[]}"
4064,29,2.278866217228426,0,0.0412669070065021,0,1.2294660124340169,"{""type"":""MultiPoint"",""coordinates"":[]}"
4065,77,2.0419460986333413,1,0.187441349029541,1,0.9756747275046472,"{""type"":""MultiPoint"",""coordinates"":[]}"
4066,126,1.6105968047818155,1,0.2214281558990478,0,0.6650021774477994,"{""type"":""MultiPoint"",""coordinates"":[]}"
4067,135,2.118410044206491,0,0.5577310919761658,0,1.014976032250512,"{""type"":""MultiPoint"",""coordinates"":[]}"
4068,135,2.929828299049244,0,2.7662675380706787,0,1.1882817165656967,"{""type"":""MultiPoint"",""coordinates"":[]}"
4069,723,2.891766927940416,0,1.0843514204025269,0,1.5006790576009856,"{""type"":""MultiPoint"",""coordinates"":[]}"
4070,177,1.5814405711930346,1,0.2903321087360382,0,0.6441467025669999,"{""type"":""MultiPoint"",""coordinates"":[]}"
4071,931,1.795959415659186,0,7.444954872131348,0,0.9786303545236352,"{""type"":""MultiPoint"",""coordinates"":[]}"
4072,54,2.0296566352292964,0,0.1310720443725586,0,1.1465619701092111,"{""type"":""MultiPoint"",""coordinates"":[]}"
4073,40,2.524470492473766,1,0.2504045665264129,1,1.2679466072646317,"{""type"":""MultiPoint"",""coordinates"":[]}"
4074,552,1.2376057899625017,0,3.0372447967529297,0,0.574073298716852,"{""type"":""MultiPoint"",""coordinates"":[]}"
4075,903,1.2944814379883134,0,1.471044659614563,0,0.7226111840330136,"{""type"":""MultiPoint"",""coordinates"":[]}"
4076,148,1.630883620003951,1,0.2802642285823822,0,0.7366764455552869,"{""type"":""MultiPoint"",""coordinates"":[]}"
4077,21,2.2732417784726247,1,0.065784215927124,1,0.9937698446144936,"{""type"":""MultiPoint"",""coordinates"":[]}"
4078,105,2.266137948941157,1,0.1763849258422851,1,1.0772105545849473,"{""type"":""MultiPoint"",""coordinates"":[]}"
4079,579,1.423767433349142,0,6.308392524719238,0,0.8663723721254595,"{""type"":""MultiPoint"",""coordinates"":[]}"
4081,629,2.614649547942069,1,1.222869038581848,1,1.3999183297498423,"{""type"":""MultiPoint"",""coordinates"":[]}"
4082,1813,1.052616714656102,0,3.206784248352051,0,0.5156628157226257,"{""type"":""MultiPoint"",""coordinates"":[]}"
4083,41,2.0770468859749043,0,0.1469039916992187,0,1.1482930706520855,"{""type"":""MultiPoint"",""coordinates"":[]}"
4084,42,2.0452643686298835,1,0.5402863621711731,1,0.9614242990428868,"{""type"":""MultiPoint"",""coordinates"":[]}"
4085,232,2.6394971574009283,1,0.3024757206439972,1,1.437197426591855,"{""type"":""MultiPoint"",""coordinates"":[]}"
4086,118,2.2163036601794066,0,0.6245405077934265,0,1.0104542609916265,"{""type"":""MultiPoint"",""coordinates"":[]}"
4087,534,1.7881024689148302,1,2.2277872562408447,0,0.873959084909538,"{""type"":""MultiPoint"",""coordinates"":[]}"
4088,9,5.722340724637564,1,0.1237973496317863,2,2.3290538090819206,"{""type"":""MultiPoint"",""coordinates"":[]}"
4089,150,2.8310909077614177,1,0.2368834316730499,1,1.5767959171127464,"{""type"":""MultiPoint"",""coordinates"":[]}"
4090,5,2.800193339387058,1,0.1660802215337753,1,1.1429407570945105,"{""type"":""MultiPoint"",""coordinates"":[]}"
4091,420,0.7494873588547746,1,5.132462024688721,0,0.4019499802814667,"{""type"":""MultiPoint"",""coordinates"":[]}"
4092,213,2.6394971574009283,1,0.4139392077922821,1,1.437197426591855,"{""type"":""MultiPoint"",""coordinates"":[]}"
4093,469,1.7283516968382964,0,1.7524460554122925,0,0.8029899563559552,"{""type"":""MultiPoint"",""coordinates"":[]}"
4094,872,1.6807716552988532,0,2.46343994140625,0,0.8052443573320357,"{""type"":""MultiPoint"",""coordinates"":[]}"
4095,13,3.135842213370662,1,0.0587081797420978,2,1.438884866136444,"{""type"":""MultiPoint"",""coordinates"":[]}"
4096,178,1.497130263435558,0,0.4179246723651886,0,0.7562579700868141,"{""type"":""MultiPoint"",""coordinates"":[]}"
4097,70,2.607913557447403,0,0.1873291730880737,0,1.08408523776899,"{""type"":""MultiPoint"",""coordinates"":[]}"
4098,118,2.4719300212782573,1,0.2112932950258255,1,1.2140951214989757,"{""type"":""MultiPoint"",""coordinates"":[]}"
4099,101,1.925394411909376,1,0.2913491129875183,0,0.9686687640810038,"{""type"":""MultiPoint"",""coordinates"":[]}"
4100,24,2.188557917028646,0,0.0930719971656799,0,0.9156217348593348,"{""type"":""MultiPoint"",""coordinates"":[]}"
4101,358,1.9914137457441532,1,0.4901168346405029,0,1.074545420459625,"{""type"":""MultiPoint"",""coordinates"":[]}"
4102,61,2.106888459777104,0,0.481189876794815,0,0.9871084580531642,"{""type"":""MultiPoint"",""coordinates"":[]}"
4103,515,1.7412202643767638,0,3.8308374881744394,0,0.8546027500630381,"{""type"":""MultiPoint"",""coordinates"":[]}"
4104,368,0.3357754151203453,1,0.4489575028419494,0,0.1964928443605074,"{""type"":""MultiPoint"",""coordinates"":[]}"
4105,38,2.041969116181897,1,0.1177199333906173,1,1.1797195552165327,"{""type"":""MultiPoint"",""coordinates"":[]}"
4106,121,2.237773227747402,0,0.3110604584217071,0,1.066586934829263,"{""type"":""MultiPoint"",""coordinates"":[]}"
4107,387,1.3221929349466883,0,10.843361854553224,0,0.5440395214341774,"{""type"":""MultiPoint"",""coordinates"":[]}"
4108,302,2.859379403973136,0,0.4046945571899414,0,1.4981800855094811,"{""type"":""MultiPoint"",""coordinates"":[]}"
4109,277,2.1532205106792737,0,1.2442467212677002,0,0.8561089917271784,"{""type"":""MultiPoint"",""coordinates"":[]}"
4110,18,1.9936513517306025,1,0.146395206451416,0,0.9330435730478652,"{""type"":""MultiPoint"",""coordinates"":[]}"
4111,160,1.581695047081311,1,0.5506808161735535,0,0.7108086032618779,"{""type"":""MultiPoint"",""coordinates"":[]}"
4112,190,2.4677943445198105,1,0.2028877884149551,1,1.3490857040101534,"{""type"":""MultiPoint"",""coordinates"":[]}"
4113,384,3.1680271155024,0,0.289838433265686,0,1.5545917663605922,"{""type"":""MultiPoint"",""coordinates"":[]}"
4114,146,2.404776655621608,0,0.9324746131896972,0,1.2006613426125037,"{""type"":""MultiPoint"",""coordinates"":[]}"
4115,391,1.5519300603457844,1,0.8482924103736877,0,0.6345126223174369,"{""type"":""MultiPoint"",""coordinates"":[]}"
4116,168,1.560810435125923,1,0.2383884340524673,0,0.6518463947948696,"{""type"":""MultiPoint"",""coordinates"":[]}"
4117,725,2.434789458820881,0,9.068934440612791,0,1.002738989223768,"{""type"":""MultiPoint"",""coordinates"":[]}"
4118,388,2.206090649761835,1,0.5538399815559387,1,1.1455857572318906,"{""type"":""MultiPoint"",""coordinates"":[]}"
4119,585,2.757200717599005,1,0.3336354196071625,1,1.4532985503594034,"{""type"":""MultiPoint"",""coordinates"":[]}"
4120,170,1.8525295889397095,1,0.295016884803772,0,0.8749580024208224,"{""type"":""MultiPoint"",""coordinates"":[]}"
4121,53,1.9593171597329653,1,0.1739040166139602,0,0.9141591731717722,"{""type"":""MultiPoint"",""coordinates"":[]}"
4122,1201,1.5189974710194931,0,2.5434513092041016,0,0.6610196240493245,"{""type"":""MultiPoint"",""coordinates"":[]}"
4123,411,2.160553218047412,0,0.210213765501976,0,0.9328210051260508,"{""type"":""MultiPoint"",""coordinates"":[]}"
4124,305,0.8903994285218789,1,1.2224512100219729,0,0.3962414861549275,"{""type"":""MultiPoint"",""coordinates"":[]}"
4125,13,2.547343700285216,0,0.0919048115611076,0,1.0923091190885366,"{""type"":""MultiPoint"",""coordinates"":[]}"
4126,96,2.30861979426877,1,0.274940937757492,1,1.086556713014008,"{""type"":""MultiPoint"",""coordinates"":[]}"
4127,63,1.9056091525587504,0,0.2081848531961441,0,1.0142262772840849,"{""type"":""MultiPoint"",""coordinates"":[]}"
4128,16,2.6547961403947875,0,0.4800168573856354,0,1.1103204817153385,"{""type"":""MultiPoint"",""coordinates"":[]}"
4129,142,2.237773227747402,0,0.416236400604248,0,1.066586934829263,"{""type"":""MultiPoint"",""coordinates"":[]}"
4130,153,2.1278645520503097,0,0.5154507160186768,0,1.1858232932499178,"{""type"":""MultiPoint"",""coordinates"":[]}"
4131,53,2.743479661053794,0,5.432067394256592,0,1.466970640658127,"{""type"":""MultiPoint"",""coordinates"":[]}"
4132,70,2.3541110631672284,1,0.2913340628147125,1,1.0774508696116123,"{""type"":""MultiPoint"",""coordinates"":[]}"
4133,30,2.175535203986444,0,0.2483331710100174,0,0.9948537326456138,"{""type"":""MultiPoint"",""coordinates"":[]}"
4134,412,1.6683571272743587,0,13.650084495544434,0,0.8139725383061488,"{""type"":""MultiPoint"",""coordinates"":[]}"
4135,8,3.5753054358053387,1,0.0289840884506702,2,1.2671349153320193,"{""type"":""MultiPoint"",""coordinates"":[]}"
4136,743,1.765007587744692,0,9.781991004943848,0,0.7215490503219946,"{""type"":""MultiPoint"",""coordinates"":[]}"
4137,11,3.0098895063241966,0,0.2941164672374725,0,1.1887415501652376,"{""type"":""MultiPoint"",""coordinates"":[]}"
4138,872,2.381053709137751,1,0.6770927906036377,1,1.1979268573539414,"{""type"":""MultiPoint"",""coordinates"":[]}"
4139,87,2.8410632176775223,0,1.1750741004943848,0,1.744181476849681,"{""type"":""MultiPoint"",""coordinates"":[]}"
4140,234,2.1532205106792737,0,0.6882399916648865,0,0.8561089917271784,"{""type"":""MultiPoint"",""coordinates"":[]}"
4141,695,1.7422853558048306,1,0.2351043671369552,0,0.9374809213762872,"{""type"":""MultiPoint"",""coordinates"":[]}"
4142,48,2.028554713421638,1,0.1051541119813919,1,0.9418939605590472,"{""type"":""MultiPoint"",""coordinates"":[]}"
4143,15,2.4246190569512374,1,0.145920380949974,1,1.0254019645522532,"{""type"":""MultiPoint"",""coordinates"":[]}"
4144,160,1.2219452693430484,1,1.0713753700256348,0,0.6410328205196243,"{""type"":""MultiPoint"",""coordinates"":[]}"
4145,499,2.268243528646589,0,1.1850364208221436,0,1.2054239574515595,"{""type"":""MultiPoint"",""coordinates"":[]}"
4146,159,2.1039365485968675,1,0.3697164952754974,1,1.1071219338946456,"{""type"":""MultiPoint"",""coordinates"":[]}"
4147,138,1.6891352407622322,0,0.2727099955081939,0,0.7938512304582964,"{""type"":""MultiPoint"",""coordinates"":[]}"
4148,60,2.0382469465213418,1,0.1478705704212188,1,1.1457349451270944,"{""type"":""MultiPoint"",""coordinates"":[]}"
4149,671,0.9018844836262656,0,17.5792179107666,0,0.5923021174207902,"{""type"":""MultiPoint"",""coordinates"":[]}"
4150,61,1.9877866356380056,1,0.266201764345169,0,1.1975621642937992,"{""type"":""MultiPoint"",""coordinates"":[]}"
4151,380,1.2011499197530948,1,0.2674098908901214,0,0.624665659212447,"{""type"":""MultiPoint"",""coordinates"":[]}"
4152,104,1.7904691775371175,1,0.2900152802467346,0,0.8573914466307963,"{""type"":""MultiPoint"",""coordinates"":[]}"
4153,20,2.392218198030502,1,0.1222579628229141,1,1.023101451337869,"{""type"":""MultiPoint"",""coordinates"":[]}"
4154,78,2.149712260057518,1,0.2337472438812255,1,1.001066307233956,"{""type"":""MultiPoint"",""coordinates"":[]}"
4155,386,3.2806755057216934,0,0.3298444449901581,0,1.69557885268887,"{""type"":""MultiPoint"",""coordinates"":[]}"
4156,474,1.220412026914318,0,1.391276478767395,0,0.5147515017393656,"{""type"":""MultiPoint"",""coordinates"":[]}"
4157,59,2.049694160875291,0,0.3699023425579071,0,0.9619016833529752,"{""type"":""MultiPoint"",""coordinates"":[]}"
4158,75,2.0754231123861797,1,0.0415029786527156,1,0.9745836911122772,"{""type"":""MultiPoint"",""coordinates"":[]}"
4159,168,1.2950354550825411,1,0.2337314486503601,0,0.6793595850152345,"{""type"":""MultiPoint"",""coordinates"":[]}"
4160,321,1.9958530707866595,0,1.0540874004364014,0,1.009434931686851,"{""type"":""MultiPoint"",""coordinates"":[]}"
4161,53,1.7672514351740545,0,0.2080661207437515,0,1.1538629006469336,"{""type"":""MultiPoint"",""coordinates"":[]}"
4162,202,1.667235225023241,0,0.1873169541358947,0,0.8897923281849475,"{""type"":""MultiPoint"",""coordinates"":[]}"
4163,993,0.590388433363468,0,10.41801929473877,0,0.3109971947518116,"{""type"":""MultiPoint"",""coordinates"":[]}"
4164,2,3.0780966390344866,1,0.0413403548300266,2,1.0311547234398388,"{""type"":""MultiPoint"",""coordinates"":[]}"
4165,267,0.7548123853211001,1,2.9397130012512207,0,0.2985670346760287,"{""type"":""MultiPoint"",""coordinates"":[]}"
4166,65,2.448507668223113,1,0.1478608250617981,1,1.2073871069976148,"{""type"":""MultiPoint"",""coordinates"":[]}"
4167,305,0.8706153188003759,1,0.3201770186424255,0,0.4753519654343456,"{""type"":""MultiPoint"",""coordinates"":[]}"
4168,805,1.7145947324393396,0,17.965923309326172,0,0.7581230544489206,"{""type"":""MultiPoint"",""coordinates"":[]}"
4169,289,2.021718327035225,1,0.5913441777229309,1,1.1508545796959573,"{""type"":""MultiPoint"",""coordinates"":[]}"
4170,48,1.948628699252423,1,0.3454668819904327,0,0.916229924324172,"{""type"":""MultiPoint"",""coordinates"":[]}"
4171,83,2.034166895451313,1,0.1497657597064972,1,1.0030494541626758,"{""type"":""MultiPoint"",""coordinates"":[]}"
4172,89,2.3499711364729285,1,0.3027263581752777,1,1.1051052145079994,"{""type"":""MultiPoint"",""coordinates"":[]}"
4173,32,2.458665887781979,1,0.1299611777067184,1,1.2538153232257707,"{""type"":""MultiPoint"",""coordinates"":[]}"
4174,242,3.116440855321408,1,0.3878979980945587,2,1.6967924257083182,"{""type"":""MultiPoint"",""coordinates"":[]}"
4175,826,1.052616714656102,0,2.76460337638855,0,0.5156628157226257,"{""type"":""MultiPoint"",""coordinates"":[]}"
4176,86,2.1939305066929173,0,0.506813108921051,0,0.9776776464201248,"{""type"":""MultiPoint"",""coordinates"":[]}"
4177,412,2.09141092600366,0,5.603738784790039,0,1.190310825613172,"{""type"":""MultiPoint"",""coordinates"":[]}"
4178,7,3.992333971780062,1,0.0936412960290908,2,1.52090278891521,"{""type"":""MultiPoint"",""coordinates"":[]}"
4179,263,2.359339829239384,0,0.5914433002471924,0,0.985266440719838,"{""type"":""MultiPoint"",""coordinates"":[]}"
4180,311,1.4260127235551272,1,0.5612317323684692,0,0.6434349084300436,"{""type"":""MultiPoint"",""coordinates"":[]}"
4181,375,1.7103526455417346,1,0.2632772624492645,0,0.9271995075013888,"{""type"":""MultiPoint"",""coordinates"":[]}"
4182,338,2.3186114604499792,0,4.530712127685547,0,1.3475970907305084,"{""type"":""MultiPoint"",""coordinates"":[]}"
4183,101,2.0859450276861926,0,0.1303174495697021,0,1.0420993842586066,"{""type"":""MultiPoint"",""coordinates"":[]}"
4184,38,2.2975418379344577,1,0.2112904042005539,1,1.0438341684094354,"{""type"":""MultiPoint"",""coordinates"":[]}"
4185,10,3.01301361255501,0,0.1059501692652702,0,1.2391661260236466,"{""type"":""MultiPoint"",""coordinates"":[]}"
4186,106,2.3402583729185724,0,0.1970987766981125,0,1.0787738628895782,"{""type"":""MultiPoint"",""coordinates"":[]}"
4187,69,2.4574455236497936,1,0.4082615673542022,1,1.1712791914940872,"{""type"":""MultiPoint"",""coordinates"":[]}"
4188,100,1.7406761552041128,0,0.3250658214092254,0,1.1571692362975383,"{""type"":""MultiPoint"",""coordinates"":[]}"
4189,384,2.052540043945101,1,0.4722186326980591,1,1.068842908696514,"{""type"":""MultiPoint"",""coordinates"":[]}"
4190,22,2.764702453811012,1,0.159262865781784,1,1.1221537938846309,"{""type"":""MultiPoint"",""coordinates"":[]}"
4191,3,4.208848805432868,1,0.0650650113821029,2,1.6501399636221887,"{""type"":""MultiPoint"",""coordinates"":[]}"
4192,80,2.458917737060608,0,0.1449201554059982,0,1.1653335929821858,"{""type"":""MultiPoint"",""coordinates"":[]}"
4193,820,2.579168365945901,1,0.787571370601654,1,1.3335601071313046,"{""type"":""MultiPoint"",""coordinates"":[]}"
4194,292,0.3357754151203453,0,1.7873682975769043,0,0.1964928443605074,"{""type"":""MultiPoint"",""coordinates"":[]}"
4195,52,2.5009143160347893,1,0.0590213574469089,1,1.216882312279236,"{""type"":""MultiPoint"",""coordinates"":[]}"
4196,276,2.520828397268659,0,4.509711265563965,0,1.3431762636495073,"{""type"":""MultiPoint"",""coordinates"":[]}"
4197,761,1.613535409702708,0,10.521578788757324,0,0.7315895442386353,"{""type"":""MultiPoint"",""coordinates"":[]}"
4198,72,2.3402583729185724,0,0.2893758416175842,0,1.0787738628895782,"{""type"":""MultiPoint"",""coordinates"":[]}"
4199,883,1.6807716552988532,0,2.115040779113769,0,0.8052443573320357,"{""type"":""MultiPoint"",""coordinates"":[]}"
4200,265,2.814307446443726,1,0.6383071541786194,1,1.5734615497582272,"{""type"":""MultiPoint"",""coordinates"":[]}"
4201,1897,0.5993881099326405,0,4.437071800231934,0,0.259204921329917,"{""type"":""MultiPoint"",""coordinates"":[]}"
4202,1003,1.0109102808526278,0,3.348099946975708,0,0.5356639033018847,"{""type"":""MultiPoint"",""coordinates"":[]}"
4203,100,2.414083801071938,0,0.3308020830154419,0,1.1158105049311589,"{""type"":""MultiPoint"",""coordinates"":[]}"
4204,9,2.130025816300068,1,0.0650691613554954,1,0.9230255230149704,"{""type"":""MultiPoint"",""coordinates"":[]}"
4205,298,1.0882707665458964,1,1.2123323678970337,0,0.4820544104404801,"{""type"":""MultiPoint"",""coordinates"":[]}"
4206,185,2.749503657962065,1,0.4574797451496124,1,1.5205084291749662,"{""type"":""MultiPoint"",""coordinates"":[]}"
4207,74,1.7509034020844143,0,0.239223450422287,0,1.1841665867878144,"{""type"":""MultiPoint"",""coordinates"":[]}"
4208,33,1.9936513517306025,0,0.4347530305385589,0,0.9330435730478652,"{""type"":""MultiPoint"",""coordinates"":[]}"
4209,245,1.2921279513466042,1,1.1237220764160156,0,0.5625875635163692,"{""type"":""MultiPoint"",""coordinates"":[]}"
4210,1164,1.7145947324393396,0,17.62180519104004,0,0.7581230544489206,"{""type"":""MultiPoint"",""coordinates"":[]}"
4211,21,5.365138441631322,0,0.29912069439888,0,2.0138573787901675,"{""type"":""MultiPoint"",""coordinates"":[]}"
4212,417,1.3137472142588065,0,1.0549219846725464,0,0.6430564853683358,"{""type"":""MultiPoint"",""coordinates"":[]}"
4213,78,1.8238881767620645,0,0.2665071487426758,0,1.09713250309807,"{""type"":""MultiPoint"",""coordinates"":[]}"
4214,85,2.35607561385497,1,0.2699950635433197,1,0.974184270015035,"{""type"":""MultiPoint"",""coordinates"":[]}"
4215,8,2.988909539571328,1,0.1183857545256614,1,1.2250435326091096,"{""type"":""MultiPoint"",""coordinates"":[]}"
4216,56,2.2679229004352086,1,0.1949504017829895,1,1.1406975186924555,"{""type"":""MultiPoint"",""coordinates"":[]}"
4217,406,2.261136553505791,1,0.5709484219551086,1,1.1778701854987146,"{""type"":""MultiPoint"",""coordinates"":[]}"
4218,30,2.607913557447403,1,0.1873291730880737,1,1.08408523776899,"{""type"":""MultiPoint"",""coordinates"":[]}"
4219,202,2.070448935202554,0,0.2515512406826019,0,1.1411267869794004,"{""type"":""MultiPoint"",""coordinates"":[]}"
4220,198,2.944720627728256,1,0.325246512889862,1,1.647218564612692,"{""type"":""MultiPoint"",""coordinates"":[]}"
4221,76,2.527676413538081,1,0.2897301912307739,1,1.269981520811828,"{""type"":""MultiPoint"",""coordinates"":[]}"
4222,367,2.780821110896866,0,0.6515035629272461,0,1.2935047681928766,"{""type"":""MultiPoint"",""coordinates"":[]}"
4223,102,2.04499288819395,1,0.2531289160251617,1,0.9859365759962356,"{""type"":""MultiPoint"",""coordinates"":[]}"
4224,122,1.7508474420901976,1,0.371363490819931,0,0.811622569100407,"{""type"":""MultiPoint"",""coordinates"":[]}"
4225,62,2.167439215572556,1,0.3397844433784485,1,1.1548776517086072,"{""type"":""MultiPoint"",""coordinates"":[]}"
4226,48,2.8266678369905978,1,0.164862185716629,1,1.1553516310294438,"{""type"":""MultiPoint"",""coordinates"":[]}"
4227,16,2.868682072828608,0,0.1469240188598632,0,1.157655987774819,"{""type"":""MultiPoint"",""coordinates"":[]}"
4228,365,2.2095389772555016,0,3.1688873767852783,0,1.1284533465246096,"{""type"":""MultiPoint"",""coordinates"":[]}"
4229,183,1.4071916013292338,0,0.2081734389066696,0,0.7726892230642867,"{""type"":""MultiPoint"",""coordinates"":[]}"
4230,880,3.0436809294223983,1,0.6900451183319092,2,1.4955746716115963,"{""type"":""MultiPoint"",""coordinates"":[]}"
4231,990,1.482526167863226,0,2.590160131454468,0,0.6037996189749274,"{""type"":""MultiPoint"",""coordinates"":[]}"
4232,131,1.5042219525369624,1,0.2050111442804336,0,0.9539971399024844,"{""type"":""MultiPoint"",""coordinates"":[]}"
4233,516,1.554057779029695,0,3.342490196228028,0,0.7191190818915735,"{""type"":""MultiPoint"",""coordinates"":[]}"
4234,913,1.6683571272743587,0,14.366629600524902,0,0.8139725383061488,"{""type"":""MultiPoint"",""coordinates"":[]}"
4235,854,1.644613627221271,0,12.64570140838623,0,0.8694260611066856,"{""type"":""MultiPoint"",""coordinates"":[]}"
4236,46,2.363476830350128,0,0.1214084327220916,0,1.045042830767987,"{""type"":""MultiPoint"",""coordinates"":[]}"
4237,461,1.8629461779653755,0,0.5671418905258179,0,0.9873992866620458,"{""type"":""MultiPoint"",""coordinates"":[]}"
4238,145,1.7179319204005972,1,0.303007036447525,0,0.9860838006042116,"{""type"":""MultiPoint"",""coordinates"":[]}"
4239,119,2.397161053279313,1,0.4507156312465668,1,1.1244164273060475,"{""type"":""MultiPoint"",""coordinates"":[]}"
4240,81,2.075713014879466,0,0.3309486210346222,0,0.9281708884071126,"{""type"":""MultiPoint"",""coordinates"":[]}"
4241,208,1.5497406099336624,1,0.1479034274816513,0,0.7649252692926983,"{""type"":""MultiPoint"",""coordinates"":[]}"
4242,475,1.7782638243715374,0,4.368928909301758,0,0.9420326145580314,"{""type"":""MultiPoint"",""coordinates"":[]}"
4243,130,1.9523964503169269,1,0.5784892439842224,0,0.9042044154565928,"{""type"":""MultiPoint"",""coordinates"":[]}"
4244,85,1.9796173854218435,1,0.209827110171318,0,0.9620248057224016,"{""type"":""MultiPoint"",""coordinates"":[]}"
4245,115,1.710130655388445,1,0.6216453313827515,0,0.7516166767644664,"{""type"":""MultiPoint"",""coordinates"":[]}"
4246,225,0.968201318801544,0,6.699903964996338,0,0.4524544970867372,"{""type"":""MultiPoint"",""coordinates"":[]}"
4247,93,2.240173735042616,0,0.3712084889411926,0,1.1037384270940032,"{""type"":""MultiPoint"",""coordinates"":[]}"
4248,105,2.235184249889635,0,0.2997224926948547,0,1.266213932103443,"{""type"":""MultiPoint"",""coordinates"":[]}"
4249,155,2.410230825411627,1,0.3779438734054565,1,1.369310897767613,"{""type"":""MultiPoint"",""coordinates"":[]}"
4250,55,2.2679229004352086,0,0.1195992976427078,0,1.1406975186924555,"{""type"":""MultiPoint"",""coordinates"":[]}"
4251,124,1.8816179748489632,0,0.1220244169235229,0,0.9701628204081012,"{""type"":""MultiPoint"",""coordinates"":[]}"
4252,11,3.135842213370662,1,0.0289840884506702,2,1.438884866136444,"{""type"":""MultiPoint"",""coordinates"":[]}"
4253,86,1.948628699252423,0,0.5007274746894836,0,0.916229924324172,"{""type"":""MultiPoint"",""coordinates"":[]}"
4254,203,1.2693967427615442,0,1.2185708284378052,0,0.674146131488558,"{""type"":""MultiPoint"",""coordinates"":[]}"
4255,159,1.9793222959283736,1,0.4153378903865814,0,1.0743437618543528,"{""type"":""MultiPoint"",""coordinates"":[]}"
4256,379,1.4615545740439078,1,0.3173840045928955,0,0.7837795532167808,"{""type"":""MultiPoint"",""coordinates"":[]}"
4257,61,2.006353186311157,1,0.1885296404361724,1,0.9599946423234004,"{""type"":""MultiPoint"",""coordinates"":[]}"
4258,510,1.3485773829049117,0,6.866525173187256,0,0.5935693008239511,"{""type"":""MultiPoint"",""coordinates"":[]}"
4259,252,1.1492662840202104,1,0.4948939383029938,0,0.5019438815085241,"{""type"":""MultiPoint"",""coordinates"":[]}"
4260,42,2.235765982737603,1,0.1458278000354766,1,1.0066438015319157,"{""type"":""MultiPoint"",""coordinates"":[]}"
4261,155,1.5815072108469683,0,0.1564318388700485,0,0.8920296650266389,"{""type"":""MultiPoint"",""coordinates"":[]}"
4262,182,1.063505955979872,0,0.2140584737062454,0,0.5416701865291405,"{""type"":""MultiPoint"",""coordinates"":[]}"
4263,5,3.01301361255501,1,0.093333400785923,2,1.2391661260236466,"{""type"":""MultiPoint"",""coordinates"":[]}"
4264,7,2.652579034850977,1,0.029478769749403,1,0.9380584134153644,"{""type"":""MultiPoint"",""coordinates"":[]}"
4265,529,2.4925487306860403,0,3.901601552963257,0,1.3672472065306145,"{""type"":""MultiPoint"",""coordinates"":[]}"
4266,82,1.6690082623450078,0,0.4550805389881134,0,1.128417530365516,"{""type"":""MultiPoint"",""coordinates"":[]}"
4267,125,1.9033299025866457,1,0.4696322679519653,0,0.8452395978257101,"{""type"":""MultiPoint"",""coordinates"":[]}"
4268,49,2.115225080354576,0,0.3306186497211456,0,0.9591376087419944,"{""type"":""MultiPoint"",""coordinates"":[]}"
4269,21,2.46254168276631,0,0.416094571352005,0,0.9632302035094896,"{""type"":""MultiPoint"",""coordinates"":[]}"
4270,59,1.9332562934248445,1,0.1764019727706909,0,0.9028128657500925,"{""type"":""MultiPoint"",""coordinates"":[]}"
4271,56,1.8750652225049356,1,0.1507520228624344,0,0.8840551954395648,"{""type"":""MultiPoint"",""coordinates"":[]}"
4273,890,1.8583047010219893,1,1.5093505382537842,0,1.08104092240426,"{""type"":""MultiPoint"",""coordinates"":[]}"
4274,29,2.3098809182319866,0,0.2480880618095398,0,0.9144714779010386,"{""type"":""MultiPoint"",""coordinates"":[]}"
4275,16,4.4205533808736766,1,0.0917528867721557,2,1.7358224011571812,"{""type"":""MultiPoint"",""coordinates"":[]}"
4276,323,1.2656835367879586,1,0.3156025409698486,0,0.5775946426777983,"{""type"":""MultiPoint"",""coordinates"":[]}"
4277,28,1.9780620592278777,1,0.0655652210116386,0,1.1657015362483876,"{""type"":""MultiPoint"",""coordinates"":[]}"
4278,17,2.290804350628066,1,0.0289840884506702,1,1.0539631506221605,"{""type"":""MultiPoint"",""coordinates"":[]}"
4279,299,2.019124627443309,0,0.3777509033679962,0,0.8158398453786491,"{""type"":""MultiPoint"",""coordinates"":[]}"
4280,173,1.068970471870467,0,8.435935974121094,0,0.6167717581979921,"{""type"":""MultiPoint"",""coordinates"":[]}"
4281,64,2.448507668223113,1,0.1869880259037017,1,1.2073871069976148,"{""type"":""MultiPoint"",""coordinates"":[]}"
4282,39,1.995431168788552,1,0.0591515637934207,0,0.928599951940948,"{""type"":""MultiPoint"",""coordinates"":[]}"
4283,155,1.989330204935546,0,0.2530902326107025,0,1.068192296903658,"{""type"":""MultiPoint"",""coordinates"":[]}"
4284,94,1.888831775979104,1,0.3416796922683716,0,1.1907699382420682,"{""type"":""MultiPoint"",""coordinates"":[]}"
4285,1153,1.6920157055597738,0,2.24856948852539,0,0.7235504320989972,"{""type"":""MultiPoint"",""coordinates"":[]}"
4286,413,1.7782638243715374,1,1.5962157249450684,0,0.9420326145580314,"{""type"":""MultiPoint"",""coordinates"":[]}"
4287,120,2.3744881954145782,0,0.169840469956398,0,1.3433675534109326,"{""type"":""MultiPoint"",""coordinates"":[]}"
4288,39,2.118599578217152,0,0.065514326095581,0,1.149190790198498,"{""type"":""MultiPoint"",""coordinates"":[]}"
4289,248,0.9873686342570468,1,0.3589538037776947,0,0.4680277514187679,"{""type"":""MultiPoint"",""coordinates"":[]}"
4290,84,2.019650128643471,1,0.2599895000457763,1,1.1254407702942757,"{""type"":""MultiPoint"",""coordinates"":[]}"
4291,51,1.8750652225049356,1,0.1060061976313591,0,0.8840551954395648,"{""type"":""MultiPoint"",""coordinates"":[]}"
4292,1114,1.331253402555589,0,7.491440773010254,0,0.5482023181233213,"{""type"":""MultiPoint"",""coordinates"":[]}"
4293,155,1.7538868224805408,0,0.1219752579927444,0,0.8674084068021187,"{""type"":""MultiPoint"",""coordinates"":[]}"
4294,148,1.3905291847325485,1,0.145712211728096,0,0.7448226784200308,"{""type"":""MultiPoint"",""coordinates"":[]}"
4295,58,1.7672514351740545,0,0.1049999520182609,0,1.1538629006469336,"{""type"":""MultiPoint"",""coordinates"":[]}"
4296,139,1.2219452693430484,1,0.1498147100210189,0,0.6410328205196243,"{""type"":""MultiPoint"",""coordinates"":[]}"
4297,50,1.8750652225049356,0,0.0650813952088356,0,0.8840551954395648,"{""type"":""MultiPoint"",""coordinates"":[]}"
4298,717,2.5248788889691616,1,0.7541349530220032,1,1.36306435557141,"{""type"":""MultiPoint"",""coordinates"":[]}"
4299,158,1.9777471441717536,1,0.2714077830314636,0,1.0509397199831674,"{""type"":""MultiPoint"",""coordinates"":[]}"
4300,12,2.6994591758728346,0,0.0893396884202957,0,1.188473571859693,"{""type"":""MultiPoint"",""coordinates"":[]}"
4301,73,2.149712260057518,1,0.1467579305171966,1,1.001066307233956,"{""type"":""MultiPoint"",""coordinates"":[]}"
4302,324,0.958510706432984,0,1.7650983333587646,0,0.5146952480218067,"{""type"":""MultiPoint"",""coordinates"":[]}"
4303,1086,2.289253310937162,0,10.236546516418455,0,1.204500072591252,"{""type"":""MultiPoint"",""coordinates"":[]}"
4304,39,2.119573928159584,1,0.2286611348390579,1,0.9628699284727076,"{""type"":""MultiPoint"",""coordinates"":[]}"
4305,447,2.4925487306860403,0,5.559412956237793,0,1.3672472065306145,"{""type"":""MultiPoint"",""coordinates"":[]}"
4306,588,1.6437523469089603,0,7.986845970153809,0,0.6994719132404654,"{""type"":""MultiPoint"",""coordinates"":[]}"
4307,1135,2.4409677401867675,1,2.446336507797241,1,1.2957932345029883,"{""type"":""MultiPoint"",""coordinates"":[]}"
4308,116,1.993117633404856,1,0.187422826886177,0,0.9906699444490358,"{""type"":""MultiPoint"",""coordinates"":[]}"
4309,142,1.2219452693430484,1,0.3712944090366363,0,0.6410328205196243,"{""type"":""MultiPoint"",""coordinates"":[]}"
4310,21,2.8000439280892198,1,0.0649766847491264,1,1.3561986743936798,"{""type"":""MultiPoint"",""coordinates"":[]}"
4311,872,1.2372003881403797,0,12.394007682800291,0,0.6415180405319193,"{""type"":""MultiPoint"",""coordinates"":[]}"
4312,372,2.137501126267872,0,1.797308325767517,0,1.187743891442212,"{""type"":""MultiPoint"",""coordinates"":[]}"
4313,110,2.0859450276861926,0,0.4131300747394562,0,1.0420993842586066,"{""type"":""MultiPoint"",""coordinates"":[]}"
4314,43,1.8622447542011733,0,0.267563134431839,0,0.9332563828732422,"{""type"":""MultiPoint"",""coordinates"":[]}"
4315,135,1.6105647609203797,1,0.3031280040740967,0,0.7102347575112434,"{""type"":""MultiPoint"",""coordinates"":[]}"
4316,229,0.9954394846852156,1,1.296606421470642,0,0.5980286306944166,"{""type"":""MultiPoint"",""coordinates"":[]}"
4317,178,1.2719835160218238,1,0.3654662668704986,0,0.5973433394654137,"{""type"":""MultiPoint"",""coordinates"":[]}"
4318,43,2.111057720866921,1,0.0413154475390911,1,1.0866565822665533,"{""type"":""MultiPoint"",""coordinates"":[]}"
4319,179,1.7201416414556538,1,0.3571394979953766,0,0.7339289597706087,"{""type"":""MultiPoint"",""coordinates"":[]}"
4320,178,1.2719835160218238,1,0.6012317538261414,0,0.5973433394654137,"{""type"":""MultiPoint"",""coordinates"":[]}"
4321,131,1.6105968047818155,0,0.2482575327157974,0,0.6650021774477994,"{""type"":""MultiPoint"",""coordinates"":[]}"
4322,390,1.942052846298259,1,0.2098341882228851,0,1.0167353396217025,"{""type"":""MultiPoint"",""coordinates"":[]}"
4323,463,1.9474103576336348,1,0.3460859656333923,0,0.977167471922742,"{""type"":""MultiPoint"",""coordinates"":[]}"
4324,47,2.524470492473766,1,0.259910374879837,1,1.2679466072646317,"{""type"":""MultiPoint"",""coordinates"":[]}"
4325,186,1.2229416570952385,1,1.7755727767944336,0,0.6631899224587443,"{""type"":""MultiPoint"",""coordinates"":[]}"
4326,254,3.156610732073078,1,0.4427390098571777,2,1.713995312551578,"{""type"":""MultiPoint"",""coordinates"":[]}"
4327,154,1.7326549464553125,0,0.7041500806808472,0,0.9158738273596893,"{""type"":""MultiPoint"",""coordinates"":[]}"
4328,1798,1.070849218577952,1,14.129295349121094,0,0.5468696344954341,"{""type"":""MultiPoint"",""coordinates"":[]}"
4329,91,2.049554942131888,1,0.2393677979707718,1,0.9974735105651484,"{""type"":""MultiPoint"",""coordinates"":[]}"
4330,441,2.041037653239399,0,0.978337585926056,0,1.1182123654656848,"{""type"":""MultiPoint"",""coordinates"":[]}"
4331,40,1.9106465980127048,1,0.3543731570243835,0,0.9286425818663774,"{""type"":""MultiPoint"",""coordinates"":[]}"
4332,268,1.9461653963129637,0,1.0739253759384155,0,1.1195601930278385,"{""type"":""MultiPoint"",""coordinates"":[]}"
4333,134,2.076607026953737,1,0.2602370083332062,1,1.1935656940698796,"{""type"":""MultiPoint"",""coordinates"":[]}"
4334,1357,1.013090095151194,0,13.150177001953123,0,0.4554540548014731,"{""type"":""MultiPoint"",""coordinates"":[]}"
4335,166,1.4937309643608223,1,0.2509519159793854,0,0.8303107067361206,"{""type"":""MultiPoint"",""coordinates"":[]}"
4336,1163,1.184832638084061,0,17.276466369628906,0,0.6143459881772335,"{""type"":""MultiPoint"",""coordinates"":[]}"
4337,129,1.8372268595330707,1,0.3821108341217041,0,0.878225774821369,"{""type"":""MultiPoint"",""coordinates"":[]}"
4338,1048,1.2821207816550702,0,6.273467540740967,0,0.5371173827853747,"{""type"":""MultiPoint"",""coordinates"":[]}"
4339,62,2.366330988478552,0,0.0932368263602256,0,1.1177784746463713,"{""type"":""MultiPoint"",""coordinates"":[]}"
4340,84,2.149712260057518,1,0.5003077387809753,1,1.001066307233956,"{""type"":""MultiPoint"",""coordinates"":[]}"
4341,13,3.242573291650058,1,0.0,2,1.469048200324495,"{""type"":""MultiPoint"",""coordinates"":[]}"
4342,904,1.2706688059130569,0,3.4020700454711914,0,0.7476622345494036,"{""type"":""MultiPoint"",""coordinates"":[]}"
4343,21,2.290804350628066,1,0.0831202492117881,1,1.0539631506221605,"{""type"":""MultiPoint"",""coordinates"":[]}"
4344,9,3.270920647136681,0,0.2274481654167175,0,1.4302298705784455,"{""type"":""MultiPoint"",""coordinates"":[]}"
4345,1642,0.5993881099326405,0,7.657121658325195,0,0.259204921329917,"{""type"":""MultiPoint"",""coordinates"":[]}"
4346,446,2.032632697412466,0,2.964082956314087,0,1.073765377347239,"{""type"":""MultiPoint"",""coordinates"":[]}"
4347,241,2.887842457159765,1,0.4871344268321991,1,1.6146012371254594,"{""type"":""MultiPoint"",""coordinates"":[]}"
4348,187,1.6194902752875973,1,0.295804888010025,0,0.8149450699215998,"{""type"":""MultiPoint"",""coordinates"":[]}"
4349,59,1.948628699252423,0,0.2755469977855682,0,0.916229924324172,"{""type"":""MultiPoint"",""coordinates"":[]}"
4350,999,1.666338561386427,0,5.1880598068237305,0,0.7131278878444582,"{""type"":""MultiPoint"",""coordinates"":[]}"
4351,26,2.188557917028646,0,0.1050574406981468,0,0.9156217348593348,"{""type"":""MultiPoint"",""coordinates"":[]}"
4352,34,2.290412878890094,1,0.1711081266403198,1,0.9817058749755094,"{""type"":""MultiPoint"",""coordinates"":[]}"
4353,419,1.6920157055597738,0,10.32566738128662,0,0.7235504320989972,"{""type"":""MultiPoint"",""coordinates"":[]}"
4354,307,1.2571589847499378,1,0.9931427240371704,0,0.6375893246430799,"{""type"":""MultiPoint"",""coordinates"":[]}"
4355,209,1.2693967427615442,0,0.3150323629379272,0,0.674146131488558,"{""type"":""MultiPoint"",""coordinates"":[]}"
4356,103,2.1177637662321422,1,0.2694186866283417,1,0.9686937653613796,"{""type"":""MultiPoint"",""coordinates"":[]}"
4357,132,1.8693873713945968,0,0.9970413446426392,0,0.9813831439437845,"{""type"":""MultiPoint"",""coordinates"":[]}"
4358,163,1.352979784183049,0,0.3794250786304474,0,0.6625343791566205,"{""type"":""MultiPoint"",""coordinates"":[]}"
4359,2,4.724730678566143,1,0.0413500964641571,2,1.636595115986225,"{""type"":""MultiPoint"",""coordinates"":[]}"
4360,430,1.2353587881021062,1,0.4646755754947662,0,0.5749028677706802,"{""type"":""MultiPoint"",""coordinates"":[]}"
4361,648,2.322381376183638,0,4.260838985443115,0,1.2499884715203136,"{""type"":""MultiPoint"",""coordinates"":[]}"
4362,617,2.381053709137751,0,0.8841227889060974,0,1.1979268573539414,"{""type"":""MultiPoint"",""coordinates"":[]}"
4363,1043,1.2608697945089231,1,11.00185775756836,0,0.6909675818586022,"{""type"":""MultiPoint"",""coordinates"":[]}"
4364,80,2.0050257142424868,1,0.2072688639163971,1,0.9988558719205746,"{""type"":""MultiPoint"",""coordinates"":[]}"
4365,9,3.4435160397678573,1,0.0656179711222648,2,1.4468531194205192,"{""type"":""MultiPoint"",""coordinates"":[]}"
4366,350,1.53493863539216,1,1.2366265058517456,0,0.7173948638318259,"{""type"":""MultiPoint"",""coordinates"":[]}"
4367,206,2.559478692729965,1,0.4867162406444549,1,1.4097191977036696,"{""type"":""MultiPoint"",""coordinates"":[]}"
4368,296,2.3729240259761477,1,0.1796582788228988,1,1.209537386209789,"{""type"":""MultiPoint"",""coordinates"":[]}"
4369,53,1.804191435269273,1,0.1763587743043899,0,0.8448756499881416,"{""type"":""MultiPoint"",""coordinates"":[]}"
4370,127,2.308899777242803,0,0.4166464209556579,0,1.0669823166313734,"{""type"":""MultiPoint"",""coordinates"":[]}"
4371,165,2.709728817887074,1,0.3490538299083709,1,1.479769531880792,"{""type"":""MultiPoint"",""coordinates"":[]}"
4372,1184,1.684534031361176,0,2.2717058658599854,0,0.9786684901821489,"{""type"":""MultiPoint"",""coordinates"":[]}"
4373,110,2.5480381290756293,1,0.1449201554059982,1,1.4086195151573675,"{""type"":""MultiPoint"",""coordinates"":[]}"
4374,116,1.739137627821939,1,0.1196050941944122,0,0.8462796114017832,"{""type"":""MultiPoint"",""coordinates"":[]}"
4375,363,0.6945765586270385,0,1.8188209533691408,0,0.397646419455644,"{""type"":""MultiPoint"",""coordinates"":[]}"
4376,158,2.086271675086428,1,0.3841851949691772,1,1.171984507647336,"{""type"":""MultiPoint"",""coordinates"":[]}"
4377,490,1.7881024689148302,1,0.105231262743473,0,0.873959084909538,"{""type"":""MultiPoint"",""coordinates"":[]}"
4378,1219,0.7340935300548931,0,0.1057014018297195,0,0.368195421902083,"{""type"":""MultiPoint"",""coordinates"":[]}"
4379,177,1.8286456894173773,1,0.0660562440752983,0,0.9919989458417408,"{""type"":""MultiPoint"",""coordinates"":[]}"
4380,820,0.936902241149737,0,6.535403251647949,0,0.4552702009294891,"{""type"":""MultiPoint"",""coordinates"":[]}"
4381,257,0.7494873588547746,1,0.2625122666358948,0,0.4019499802814667,"{""type"":""MultiPoint"",""coordinates"":[]}"
4382,33,2.352879008589135,1,0.1051092371344566,1,1.101632561277817,"{""type"":""MultiPoint"",""coordinates"":[]}"
4383,146,1.630883620003951,1,0.3178766667842865,0,0.7366764455552869,"{""type"":""MultiPoint"",""coordinates"":[]}"
4384,718,0.7751033377425832,0,16.14602279663086,0,0.4504174748577105,"{""type"":""MultiPoint"",""coordinates"":[]}"
4385,1930,0.984048086831178,0,3.7130653858184814,0,0.4687113522666465,"{""type"":""MultiPoint"",""coordinates"":[]}"
4386,118,2.2095389772555016,1,0.2526921033859253,1,1.1284533465246096,"{""type"":""MultiPoint"",""coordinates"":[]}"
4387,862,0.9685001316841828,0,12.601682662963867,0,0.4949525387845613,"{""type"":""MultiPoint"",""coordinates"":[]}"
4388,120,2.4787040111562715,1,0.06504837423563,1,1.2639192507245676,"{""type"":""MultiPoint"",""coordinates"":[]}"
4389,65,2.076380722886942,1,0.2710835933685303,1,0.9569060832810306,"{""type"":""MultiPoint"",""coordinates"":[]}"
4390,14,3.9247719866798434,0,0.0654875785112381,0,1.7114350949034516,"{""type"":""MultiPoint"",""coordinates"":[]}"
4391,2020,0.9963216736663106,0,6.235894203186035,0,0.5343779235189092,"{""type"":""MultiPoint"",""coordinates"":[]}"
4392,602,1.1093991031836337,1,13.004340171813965,0,0.5683985492627103,"{""type"":""MultiPoint"",""coordinates"":[]}"
4393,55,2.013918779374087,0,0.2608550190925598,0,0.9641205523081022,"{""type"":""MultiPoint"",""coordinates"":[]}"
4394,26,2.474292125316459,0,0.0881584659218788,0,1.2725444695771717,"{""type"":""MultiPoint"",""coordinates"":[]}"
4395,178,2.525650674079468,0,0.1973808258771896,0,1.4373947639001894,"{""type"":""MultiPoint"",""coordinates"":[]}"
4396,460,1.14861813411308,1,3.011372804641724,0,0.6083761604690234,"{""type"":""MultiPoint"",""coordinates"":[]}"
4397,138,1.978130616390684,1,0.290482223033905,0,0.9809060706288252,"{""type"":""MultiPoint"",""coordinates"":[]}"
4398,673,1.7422853558048306,0,2.775891065597534,0,0.9374809213762872,"{""type"":""MultiPoint"",""coordinates"":[]}"
4399,499,1.7717244920737516,1,0.5702626705169678,0,0.8508001127958511,"{""type"":""MultiPoint"",""coordinates"":[]}"
4400,224,2.262707373106334,1,0.1971632540225982,1,1.2125403041504406,"{""type"":""MultiPoint"",""coordinates"":[]}"
4401,39,2.3374690486380656,1,0.0295098088681697,1,1.07999561607684,"{""type"":""MultiPoint"",""coordinates"":[]}"
4402,15,2.9549510700589625,1,0.1867423057556152,1,1.2526361923334544,"{""type"":""MultiPoint"",""coordinates"":[]}"
4403,341,2.089213009449145,1,1.46301007270813,1,0.9992824872698736,"{""type"":""MultiPoint"",""coordinates"":[]}"
4404,135,2.2112643577076114,0,0.1501913517713546,0,1.0470011492371412,"{""type"":""MultiPoint"",""coordinates"":[]}"
4405,14,2.464295812756704,1,0.0289840884506702,1,0.9391937917429708,"{""type"":""MultiPoint"",""coordinates"":[]}"
4406,169,1.6494764090507272,0,0.1219228878617286,0,0.792575230247747,"{""type"":""MultiPoint"",""coordinates"":[]}"
4407,299,2.205878502424931,0,0.8535183668136597,0,1.272909579656388,"{""type"":""MultiPoint"",""coordinates"":[]}"
4408,263,1.4671644105728088,1,0.339508056640625,0,0.6425585770453649,"{""type"":""MultiPoint"",""coordinates"":[]}"
4409,85,1.957760820174261,1,0.2741855978965759,0,0.9972201819342476,"{""type"":""MultiPoint"",""coordinates"":[]}"
4410,48,2.2303287724879777,0,0.1783820986747741,0,1.109310912587507,"{""type"":""MultiPoint"",""coordinates"":[]}"
4411,91,1.9384573365541895,1,0.1864530593156814,0,0.9936710761710712,"{""type"":""MultiPoint"",""coordinates"":[]}"
4412,915,0.7991130248299343,0,3.164196491241455,0,0.4516438409369502,"{""type"":""MultiPoint"",""coordinates"":[]}"
4413,61,3.9859106545231486,0,0.4858800768852234,0,1.823745154639664,"{""type"":""MultiPoint"",""coordinates"":[]}"
4414,431,2.160553218047412,0,0.3513391017913818,0,0.9328210051260508,"{""type"":""MultiPoint"",""coordinates"":[]}"
4415,195,2.4798626020111447,1,0.2429951280355453,1,1.3703515442383143,"{""type"":""MultiPoint"",""coordinates"":[]}"
4416,79,1.9020795630951235,0,0.6293073296546936,0,0.9706780875238592,"{""type"":""MultiPoint"",""coordinates"":[]}"
4417,11,2.4981260670251344,1,0.0413649752736091,1,1.0070335921365734,"{""type"":""MultiPoint"",""coordinates"":[]}"
4418,23,2.059810391493828,1,0.0591552928090095,1,0.9365711310686644,"{""type"":""MultiPoint"",""coordinates"":[]}"
4419,117,2.088412484436005,1,0.2692334055900574,1,1.0532641148981878,"{""type"":""MultiPoint"",""coordinates"":[]}"
4420,306,2.3729240259761477,1,0.29011932015419,1,1.209537386209789,"{""type"":""MultiPoint"",""coordinates"":[]}"
4421,73,2.225031173716224,0,0.3085069358348846,0,0.9632845016025096,"{""type"":""MultiPoint"",""coordinates"":[]}"
4423,2205,0.977925713009646,0,6.340156555175781,0,0.5412456564112493,"{""type"":""MultiPoint"",""coordinates"":[]}"
4424,312,0.9637899358282246,1,0.5949035286903381,0,0.5709343496743694,"{""type"":""MultiPoint"",""coordinates"":[]}"
4425,233,1.7608049205797722,1,0.1780365407466888,0,0.9749339247252902,"{""type"":""MultiPoint"",""coordinates"":[]}"
4426,484,2.3302969911891407,1,0.5999718904495239,1,1.2616361434244363,"{""type"":""MultiPoint"",""coordinates"":[]}"
4427,76,1.9948481181747248,1,0.1515091210603714,0,0.9719106186373568,"{""type"":""MultiPoint"",""coordinates"":[]}"
4428,6,4.381705782273829,1,0.0289840884506702,2,1.6234737068222442,"{""type"":""MultiPoint"",""coordinates"":[]}"
4429,14,2.816676834286981,1,0.0579681657254695,1,1.3341897024734255,"{""type"":""MultiPoint"",""coordinates"":[]}"
4430,336,2.920782140127154,0,0.1697994172573089,0,1.5237509035270471,"{""type"":""MultiPoint"",""coordinates"":[]}"
4431,44,2.0149579718092663,0,0.0412760712206363,0,1.147746779894302,"{""type"":""MultiPoint"",""coordinates"":[]}"
4432,819,2.381053709137751,0,1.0714091062545776,0,1.1979268573539414,"{""type"":""MultiPoint"",""coordinates"":[]}"
4433,1032,0.7751033377425832,0,16.991975784301758,0,0.4504174748577105,"{""type"":""MultiPoint"",""coordinates"":[]}"
4434,89,2.2370397270860978,1,0.3779441714286804,1,1.0456240640760583,"{""type"":""MultiPoint"",""coordinates"":[]}"
4435,64,2.226013808441022,0,0.1870912313461303,0,1.073541898206815,"{""type"":""MultiPoint"",""coordinates"":[]}"
4436,848,1.5353033584540965,1,0.6570192575454712,0,0.8950433260978984,"{""type"":""MultiPoint"",""coordinates"":[]}"
4437,401,0.3051108396630596,0,10.95641803741455,0,0.179258296811627,"{""type"":""MultiPoint"",""coordinates"":[]}"
4438,118,2.2163036601794066,0,0.4579286277294159,0,1.0104542609916265,"{""type"":""MultiPoint"",""coordinates"":[]}"
4439,119,1.6315029477766607,0,0.119606427848339,0,0.8129547165058789,"{""type"":""MultiPoint"",""coordinates"":[]}"
4440,124,2.192453244832324,0,0.3399975299835205,0,1.0480655895478093,"{""type"":""MultiPoint"",""coordinates"":[]}"
4441,301,2.1532205106792737,0,0.8774151802062988,0,0.8561089917271784,"{""type"":""MultiPoint"",""coordinates"":[]}"
4442,95,1.9748499913295736,1,0.2967663109302521,0,0.966657180603901,"{""type"":""MultiPoint"",""coordinates"":[]}"
4443,87,1.9374391006951237,0,0.0933122634887695,0,0.899358812851342,"{""type"":""MultiPoint"",""coordinates"":[]}"
4444,135,1.8150548022905,0,0.4588251113891601,0,0.7973338800058652,"{""type"":""MultiPoint"",""coordinates"":[]}"
4445,985,1.0015449012281097,1,1.4022510051727295,0,0.5083224442196695,"{""type"":""MultiPoint"",""coordinates"":[]}"
4446,208,1.423767433349142,0,1.13647198677063,0,0.8663723721254595,"{""type"":""MultiPoint"",""coordinates"":[]}"
4447,317,2.7522984475725547,1,0.4927174150943756,1,1.4267621157173778,"{""type"":""MultiPoint"",""coordinates"":[]}"
4448,115,1.5596914185035582,0,0.1239030659198761,0,0.9472280679848272,"{""type"":""MultiPoint"",""coordinates"":[]}"
4449,983,1.7283516968382964,0,9.004365921020508,0,0.8029899563559552,"{""type"":""MultiPoint"",""coordinates"":[]}"
4450,329,1.7487336149306114,1,0.7681578993797302,0,0.8469646143432773,"{""type"":""MultiPoint"",""coordinates"":[]}"
4451,60,3.5587117172883054,1,0.2130800634622573,2,1.416460160591012,"{""type"":""MultiPoint"",""coordinates"":[]}"
4452,298,2.301479268726176,1,0.3517114222049713,1,1.308828832219462,"{""type"":""MultiPoint"",""coordinates"":[]}"
4453,0,3.897261565999888,1,0.195092886686325,2,1.3082849417411115,"{""type"":""MultiPoint"",""coordinates"":[]}"
4454,860,1.6920157055597738,1,4.976519107818604,0,0.7235504320989972,"{""type"":""MultiPoint"",""coordinates"":[]}"
4455,131,2.2095389772555016,0,1.9571826457977293,0,1.1284533465246096,"{""type"":""MultiPoint"",""coordinates"":[]}"
4456,520,1.2376057899625017,0,0.6506978869438171,0,0.574073298716852,"{""type"":""MultiPoint"",""coordinates"":[]}"
4457,8,3.4596814363673385,1,0.0412837341427803,2,1.5997379254725246,"{""type"":""MultiPoint"",""coordinates"":[]}"
4458,470,1.6443875572388835,0,13.287245750427246,0,0.7074002068440863,"{""type"":""MultiPoint"",""coordinates"":[]}"
4459,142,1.7182660760316537,0,0.8381860852241516,0,0.7177992997940137,"{""type"":""MultiPoint"",""coordinates"":[]}"
4460,272,1.257775838898059,1,1.1762691736221311,0,0.565521217998297,"{""type"":""MultiPoint"",""coordinates"":[]}"
4461,23,2.458665887781979,0,0.1049240157008171,0,1.2538153232257707,"{""type"":""MultiPoint"",""coordinates"":[]}"
4462,3,4.286767711268862,1,0.0289840884506702,2,1.4146615339048787,"{""type"":""MultiPoint"",""coordinates"":[]}"
4463,78,2.05231950878926,1,0.0289840884506702,1,1.0068307604015068,"{""type"":""MultiPoint"",""coordinates"":[]}"
4464,409,2.204535848390983,0,11.68162727355957,0,1.2199516225617644,"{""type"":""MultiPoint"",""coordinates"":[]}"
4465,139,1.875721241408734,1,0.2358883172273636,0,0.8995736337043749,"{""type"":""MultiPoint"",""coordinates"":[]}"
4466,599,1.7357335362513466,0,6.796156406402588,0,0.7277560530858656,"{""type"":""MultiPoint"",""coordinates"":[]}"
4467,29,3.283683498548585,0,0.4386821687221527,0,2.2332737197554438,"{""type"":""MultiPoint"",""coordinates"":[]}"
4468,362,0.8765846592133175,0,8.182785987854004,0,0.429234616360076,"{""type"":""MultiPoint"",""coordinates"":[]}"
4469,81,2.102739730498381,1,0.205718383193016,1,1.1344593465104953,"{""type"":""MultiPoint"",""coordinates"":[]}"
4470,386,1.9166357015871835,1,0.5900854468345642,0,1.0349429341781196,"{""type"":""MultiPoint"",""coordinates"":[]}"
4471,11,2.689054359069071,0,0.2674282491207123,0,0.98799656205367,"{""type"":""MultiPoint"",""coordinates"":[]}"
4472,1504,1.8372268595330707,0,4.821850299835205,0,0.878225774821369,"{""type"":""MultiPoint"",""coordinates"":[]}"
4473,49,2.602150053227961,0,0.1223747879266738,0,1.0695977444986828,"{""type"":""MultiPoint"",""coordinates"":[]}"
4474,186,1.83267178536043,1,1.3653658628463743,0,0.7968506669046664,"{""type"":""MultiPoint"",""coordinates"":[]}"
4475,302,0.9637899358282246,1,0.1463381350040435,0,0.5709343496743694,"{""type"":""MultiPoint"",""coordinates"":[]}"
4476,16,2.3816246730182944,0,0.0294007882475852,0,1.270548471617031,"{""type"":""MultiPoint"",""coordinates"":[]}"
4477,879,0.9422293819287956,0,14.031235694885254,0,0.6223165707828542,"{""type"":""MultiPoint"",""coordinates"":[]}"
4478,91,2.44164787777341,1,0.3007608354091644,1,1.2138075610219312,"{""type"":""MultiPoint"",""coordinates"":[]}"
4479,17,2.2786746007704624,1,0.0657922327518463,1,1.0098406416461263,"{""type"":""MultiPoint"",""coordinates"":[]}"
4480,252,1.6784466555484834,0,2.947110176086426,0,0.7820336566740402,"{""type"":""MultiPoint"",""coordinates"":[]}"
4481,422,2.2403403073775485,0,0.406853049993515,0,1.2532822945785425,"{""type"":""MultiPoint"",""coordinates"":[]}"
4482,268,0.9873686342570468,1,0.3871047496795654,0,0.4680277514187679,"{""type"":""MultiPoint"",""coordinates"":[]}"
4483,501,1.7717244920737516,1,0.6283356547355652,0,0.8508001127958511,"{""type"":""MultiPoint"",""coordinates"":[]}"
4484,34,2.8183431705906083,0,0.2644669115543365,0,1.134009020297249,"{""type"":""MultiPoint"",""coordinates"":[]}"
4485,86,1.758897143644027,0,0.1312444806098938,0,1.0959963165880626,"{""type"":""MultiPoint"",""coordinates"":[]}"
4486,1064,1.550143223870268,0,10.964767456054688,0,0.6312344336029411,"{""type"":""MultiPoint"",""coordinates"":[]}"
4487,98,2.1284576866011413,0,1.0429331064224243,0,1.0754998313439286,"{""type"":""MultiPoint"",""coordinates"":[]}"
4488,29,2.1494848059143785,1,0.1196262836456298,1,0.9395237677766868,"{""type"":""MultiPoint"",""coordinates"":[]}"
4489,93,2.294812533359307,1,0.5388907790184021,1,1.0780094846793993,"{""type"":""MultiPoint"",""coordinates"":[]}"
4491,588,0.958510706432984,0,2.020608425140381,0,0.5146952480218067,"{""type"":""MultiPoint"",""coordinates"":[]}"
4492,149,1.7274274656245896,1,0.1468700766563415,0,0.7876577020055245,"{""type"":""MultiPoint"",""coordinates"":[]}"
4493,2266,1.070849218577952,0,5.91205644607544,0,0.5468696344954341,"{""type"":""MultiPoint"",""coordinates"":[]}"
4494,17,2.290804350628066,1,0.0297810062766075,1,1.0539631506221605,"{""type"":""MultiPoint"",""coordinates"":[]}"
4495,130,2.235184249889635,0,0.1951673626899719,0,1.266213932103443,"{""type"":""MultiPoint"",""coordinates"":[]}"
4496,54,1.948628699252423,1,0.1183630377054214,0,0.916229924324172,"{""type"":""MultiPoint"",""coordinates"":[]}"
4497,60,2.071469598901983,0,0.3384509682655334,0,0.9555152795806304,"{""type"":""MultiPoint"",""coordinates"":[]}"
4498,877,3.0436809294223983,1,0.6342324614524841,2,1.4955746716115963,"{""type"":""MultiPoint"",""coordinates"":[]}"
4499,129,1.956034310333757,0,0.1721120625734329,0,0.996196596214332,"{""type"":""MultiPoint"",""coordinates"":[]}"
4500,324,1.3485773829049117,0,4.744582653045654,0,0.5935693008239511,"{""type"":""MultiPoint"",""coordinates"":[]}"
4501,63,2.1635453510753284,0,0.1964979618787765,0,1.022350214820426,"{""type"":""MultiPoint"",""coordinates"":[]}"
4502,155,2.069870512057886,1,0.406854510307312,1,1.029222091587706,"{""type"":""MultiPoint"",""coordinates"":[]}"
4503,36,2.278866217228426,1,0.0917821526527404,1,1.2294660124340169,"{""type"":""MultiPoint"",""coordinates"":[]}"
4504,332,0.6945765586270385,0,0.8641753792762756,0,0.397646419455644,"{""type"":""MultiPoint"",""coordinates"":[]}"
4505,117,1.7553587522477971,1,0.4437095522880554,0,0.7710815206218904,"{""type"":""MultiPoint"",""coordinates"":[]}"
4506,8,2.1409018724094837,1,0.0414048917591571,1,0.9277353566231704,"{""type"":""MultiPoint"",""coordinates"":[]}"
4507,38,2.138001300276209,1,0.290420651435852,1,0.9645446520258474,"{""type"":""MultiPoint"",""coordinates"":[]}"
4508,357,1.7103526455417346,1,0.3779442310333252,0,0.9271995075013888,"{""type"":""MultiPoint"",""coordinates"":[]}"
4509,412,1.942052846298259,1,0.2028877884149551,0,1.0167353396217025,"{""type"":""MultiPoint"",""coordinates"":[]}"
4510,9,3.387048073408114,1,0.0586287453770637,2,1.4899161889713326,"{""type"":""MultiPoint"",""coordinates"":[]}"
4511,226,2.6394971574009283,1,0.355405330657959,1,1.437197426591855,"{""type"":""MultiPoint"",""coordinates"":[]}"
4512,41,2.8266678369905978,1,0.2131568342447281,1,1.1553516310294438,"{""type"":""MultiPoint"",""coordinates"":[]}"
4513,148,1.8372268595330707,1,0.8037809729576111,0,0.878225774821369,"{""type"":""MultiPoint"",""coordinates"":[]}"
4514,44,3.9859106545231486,0,0.9719870686531068,0,1.823745154639664,"{""type"":""MultiPoint"",""coordinates"":[]}"
4515,206,2.1090073093189075,0,0.291610449552536,0,1.003478902432761,"{""type"":""MultiPoint"",""coordinates"":[]}"
4516,569,1.2571589847499378,0,18.16230583190918,0,0.6375893246430799,"{""type"":""MultiPoint"",""coordinates"":[]}"
4517,19,2.003108931994663,1,0.0658559575676918,1,0.8958363081773946,"{""type"":""MultiPoint"",""coordinates"":[]}"
4518,177,1.5814405711930346,1,0.2903321087360382,0,0.6441467025669999,"{""type"":""MultiPoint"",""coordinates"":[]}"
4519,87,1.726702431370379,0,0.4785992801189422,0,0.8082994644889508,"{""type"":""MultiPoint"",""coordinates"":[]}"
4520,51,2.116957493309911,0,0.2050286680459976,0,0.9577441338093376,"{""type"":""MultiPoint"",""coordinates"":[]}"
4521,1819,0.8369741441131859,0,3.3045244216918945,0,0.4029493038610932,"{""type"":""MultiPoint"",""coordinates"":[]}"
4522,145,1.7274274656245896,1,0.1209921613335609,0,0.7876577020055245,"{""type"":""MultiPoint"",""coordinates"":[]}"
4523,129,1.915444685119298,0,0.8810451030731201,0,0.8199650180028971,"{""type"":""MultiPoint"",""coordinates"":[]}"
4524,18,2.5100614786846163,1,0.0586328841745853,1,1.1237174694748568,"{""type"":""MultiPoint"",""coordinates"":[]}"
4525,113,2.1120066764009686,1,0.0412469841539859,1,1.056252694940343,"{""type"":""MultiPoint"",""coordinates"":[]}"
4526,480,2.155852290131217,0,3.696774482727051,0,1.1219718132963958,"{""type"":""MultiPoint"",""coordinates"":[]}"
4527,55,2.0614545973311063,0,0.0928095057606697,0,1.138118941830842,"{""type"":""MultiPoint"",""coordinates"":[]}"
4528,298,1.135358993764874,1,0.6209457516670227,0,0.5133034072630792,"{""type"":""MultiPoint"",""coordinates"":[]}"
4529,81,2.0145380665366046,1,0.2057992219924926,1,1.15396923528573,"{""type"":""MultiPoint"",""coordinates"":[]}"
4530,1310,0.7751033377425832,0,2.9652187824249268,0,0.4504174748577105,"{""type"":""MultiPoint"",""coordinates"":[]}"
4531,29,2.351583031650633,1,0.2675195038318634,1,1.0175481487282003,"{""type"":""MultiPoint"",""coordinates"":[]}"
4532,4,4.438335026040506,1,0.0413612276315689,2,1.6189982186630254,"{""type"":""MultiPoint"",""coordinates"":[]}"
4533,799,0.9702445692723723,0,1.923608422279358,0,0.5471202713497683,"{""type"":""MultiPoint"",""coordinates"":[]}"
4534,19,2.810553572146565,1,0.0656179711222648,1,1.280525992684996,"{""type"":""MultiPoint"",""coordinates"":[]}"
4535,72,2.0382469465213418,1,0.1299933195114135,1,1.1457349451270944,"{""type"":""MultiPoint"",""coordinates"":[]}"
4536,55,1.8680290226720828,1,0.1196089312434196,0,1.190999734828575,"{""type"":""MultiPoint"",""coordinates"":[]}"
4537,962,2.052540043945101,0,9.588223457336426,0,1.068842908696514,"{""type"":""MultiPoint"",""coordinates"":[]}"
4538,512,2.434789458820881,1,1.47588849067688,1,1.002738989223768,"{""type"":""MultiPoint"",""coordinates"":[]}"
4539,211,1.178930109454576,1,0.4733065962791443,0,0.5596304794022788,"{""type"":""MultiPoint"",""coordinates"":[]}"
4540,231,1.0724314435870987,1,0.3905004858970642,0,0.4842199447142442,"{""type"":""MultiPoint"",""coordinates"":[]}"
4541,279,1.7782638243715374,0,2.381969690322876,0,0.9420326145580314,"{""type"":""MultiPoint"",""coordinates"":[]}"
4542,187,2.0542483723281806,1,0.2526323497295379,1,1.195668084217728,"{""type"":""MultiPoint"",""coordinates"":[]}"
4543,486,1.7717244920737516,0,0.4936074316501617,0,0.8508001127958511,"{""type"":""MultiPoint"",""coordinates"":[]}"
4544,513,1.331253402555589,0,17.09575653076172,0,0.5482023181233213,"{""type"":""MultiPoint"",""coordinates"":[]}"
4545,22,2.742457548763407,1,0.1049874275922775,1,1.3083727349820846,"{""type"":""MultiPoint"",""coordinates"":[]}"
4546,377,2.482434841184193,0,0.8262803554534912,0,1.0960786866726342,"{""type"":""MultiPoint"",""coordinates"":[]}"
4547,421,2.160553218047412,1,0.3527822196483612,1,0.9328210051260508,"{""type"":""MultiPoint"",""coordinates"":[]}"
4548,201,1.5131244370298182,1,0.696212112903595,0,0.7722649610133244,"{""type"":""MultiPoint"",""coordinates"":[]}"
4550,30,2.2274142495321763,0,0.065729059278965,0,0.982113353815436,"{""type"":""MultiPoint"",""coordinates"":[]}"
4551,913,2.558798585247073,1,0.9373177289962769,1,1.282320038157156,"{""type"":""MultiPoint"",""coordinates"":[]}"
4552,187,2.8560684715919704,1,0.5697833895683289,1,1.608191438513046,"{""type"":""MultiPoint"",""coordinates"":[]}"
4553,18,2.816676834286981,0,0.1159362122416496,0,1.3341897024734255,"{""type"":""MultiPoint"",""coordinates"":[]}"
4554,118,2.0537491532827814,1,0.1196888610720634,1,1.0279110750382665,"{""type"":""MultiPoint"",""coordinates"":[]}"
4555,38,1.9896957909339823,1,0.0928848683834075,0,1.1683925318940265,"{""type"":""MultiPoint"",""coordinates"":[]}"
4556,99,2.110807341175938,1,0.1764290183782577,1,1.0425833300293896,"{""type"":""MultiPoint"",""coordinates"":[]}"
4557,449,1.7418197882446225,1,0.9981576800346376,0,0.7444466933926196,"{""type"":""MultiPoint"",""coordinates"":[]}"
4558,166,1.83267178536043,1,0.4563681185245514,0,0.7968506669046664,"{""type"":""MultiPoint"",""coordinates"":[]}"
4559,147,1.9958351623602448,1,0.4154320359230041,0,0.9824868860850364,"{""type"":""MultiPoint"",""coordinates"":[]}"
4560,35,2.795942643530674,1,0.129943385720253,1,1.3222583472391365,"{""type"":""MultiPoint"",""coordinates"":[]}"
4561,95,2.474469157199223,1,0.2415133267641067,1,0.977116238692242,"{""type"":""MultiPoint"",""coordinates"":[]}"
4562,32,2.13178008436859,0,0.1196813285350799,0,0.9545885580542528,"{""type"":""MultiPoint"",""coordinates"":[]}"
4563,407,2.261136553505791,1,0.2605225145816803,1,1.1778701854987146,"{""type"":""MultiPoint"",""coordinates"":[]}"
4564,109,1.907411086826503,1,0.15093994140625,0,0.9704787255411736,"{""type"":""MultiPoint"",""coordinates"":[]}"
4565,159,2.086271675086428,0,0.0918696448206901,0,1.171984507647336,"{""type"":""MultiPoint"",""coordinates"":[]}"
4566,111,1.7688213698717272,0,0.3102496266365051,0,1.022249742594675,"{""type"":""MultiPoint"",""coordinates"":[]}"
4567,167,1.7326549464553125,0,0.3178406953811645,0,0.9158738273596893,"{""type"":""MultiPoint"",""coordinates"":[]}"
4568,909,1.8162669919164105,0,3.324930191040039,0,1.0127746809738716,"{""type"":""MultiPoint"",""coordinates"":[]}"
4569,378,1.5519300603457844,0,0.3400936424732208,0,0.6345126223174369,"{""type"":""MultiPoint"",""coordinates"":[]}"
4570,143,2.1284576866011413,1,0.1320042312145233,1,1.0754998313439286,"{""type"":""MultiPoint"",""coordinates"":[]}"
4571,14,2.462034616713609,1,0.1807286888360977,1,1.034758313643206,"{""type"":""MultiPoint"",""coordinates"":[]}"
4572,361,1.1013447127036189,1,1.2487224340438845,0,0.593999924642169,"{""type"":""MultiPoint"",""coordinates"":[]}"
4573,177,1.9777471441717536,1,0.8036534786224365,0,1.0509397199831674,"{""type"":""MultiPoint"",""coordinates"":[]}"
4574,28,2.19969615804166,1,0.1800242811441421,1,0.9560836443942974,"{""type"":""MultiPoint"",""coordinates"":[]}"
4575,-1,3.7801756705438,1,0.0413301587104797,2,1.2412172756980309,"{""type"":""MultiPoint"",""coordinates"":[]}"
4576,510,2.4478969227123013,0,0.980174720287323,0,1.330664224354993,"{""type"":""MultiPoint"",""coordinates"":[]}"
4577,107,2.0639767040893053,1,0.0826602727174758,1,0.9765029064711752,"{""type"":""MultiPoint"",""coordinates"":[]}"
4578,387,2.1514531233815206,1,0.4754780232906341,1,1.0049885167315835,"{""type"":""MultiPoint"",""coordinates"":[]}"
4579,495,2.2626477521000283,1,0.5075413584709167,1,1.2003657769798153,"{""type"":""MultiPoint"",""coordinates"":[]}"
4580,14,3.4369017480228576,0,0.1495023518800735,0,1.5041077415747506,"{""type"":""MultiPoint"",""coordinates"":[]}"
4581,317,2.7522984475725547,0,0.2509521842002868,0,1.4267621157173778,"{""type"":""MultiPoint"",""coordinates"":[]}"
4582,300,2.7140013685020192,1,0.3257339000701904,1,1.4858715638309463,"{""type"":""MultiPoint"",""coordinates"":[]}"
4583,339,3.1124446173759326,0,0.4946936964988708,0,1.4599905703486864,"{""type"":""MultiPoint"",""coordinates"":[]}"
4584,48,2.168269914880928,0,0.2992515563964844,0,1.0611779354863704,"{""type"":""MultiPoint"",""coordinates"":[]}"
4585,484,1.651223712674906,0,5.340476989746094,0,0.7727290307275118,"{""type"":""MultiPoint"",""coordinates"":[]}"
4586,24,2.46254168276631,1,0.1874959468841552,1,0.9632302035094896,"{""type"":""MultiPoint"",""coordinates"":[]}"
4587,138,1.6315029477766607,1,0.2913262248039245,0,0.8129547165058789,"{""type"":""MultiPoint"",""coordinates"":[]}"
4588,554,1.0502422247688274,1,1.9398833513259888,0,0.6202176927058112,"{""type"":""MultiPoint"",""coordinates"":[]}"
4589,1085,1.0109102808526278,0,1.764953851699829,0,0.5356639033018847,"{""type"":""MultiPoint"",""coordinates"":[]}"
4590,2,4.300230971520628,0,0.0,0,1.6607166385762078,"{""type"":""MultiPoint"",""coordinates"":[]}"
4591,34,2.13841624685957,1,0.0655892267823219,1,1.183964197383948,"{""type"":""MultiPoint"",""coordinates"":[]}"
4592,182,2.078304720271292,0,1.5939892530441284,0,1.0465160135966152,"{""type"":""MultiPoint"",""coordinates"":[]}"
4593,1181,1.6437523469089603,0,16.361648559570312,0,0.6994719132404654,"{""type"":""MultiPoint"",""coordinates"":[]}"
4594,17,2.462034616713609,0,0.0830448120832443,0,1.034758313643206,"{""type"":""MultiPoint"",""coordinates"":[]}"
4595,469,2.3888785221282034,0,2.5195000171661377,0,1.3825751085647755,"{""type"":""MultiPoint"",""coordinates"":[]}"
4596,103,2.30861979426877,1,0.2702234983444214,1,1.086556713014008,"{""type"":""MultiPoint"",""coordinates"":[]}"
4597,1878,0.8369741441131859,1,0.910044014453888,0,0.4029493038610932,"{""type"":""MultiPoint"",""coordinates"":[]}"
4598,53,2.5009143160347893,1,0.0590178519487381,1,1.216882312279236,"{""type"":""MultiPoint"",""coordinates"":[]}"
4599,91,2.0859450276861926,0,0.1809117496013641,0,1.0420993842586066,"{""type"":""MultiPoint"",""coordinates"":[]}"
4600,316,1.80747792158444,0,0.9061341881752014,0,1.0303626374749932,"{""type"":""MultiPoint"",""coordinates"":[]}"
4601,136,1.6359889091720794,0,0.1867116242647171,0,1.0748538325657255,"{""type"":""MultiPoint"",""coordinates"":[]}"
4602,317,1.8730275072697224,1,0.5257046818733215,0,0.954718548604666,"{""type"":""MultiPoint"",""coordinates"":[]}"
4603,198,1.8152208222852475,0,0.4707247018814087,0,0.7869891805566256,"{""type"":""MultiPoint"",""coordinates"":[]}"
4604,81,1.9278790362922764,0,0.251215398311615,0,1.0028276589671363,"{""type"":""MultiPoint"",""coordinates"":[]}"
4605,185,1.2693967427615442,1,0.5989142656326294,0,0.674146131488558,"{""type"":""MultiPoint"",""coordinates"":[]}"
4606,136,1.9450736579560892,1,0.2524748742580414,0,1.1134808879613365,"{""type"":""MultiPoint"",""coordinates"":[]}"
4607,418,2.744700487538522,1,0.1196355000138282,1,1.2419342746927704,"{""type"":""MultiPoint"",""coordinates"":[]}"
4608,22,2.56260290726543,0,0.1456088870763778,0,1.2729719228912093,"{""type"":""MultiPoint"",""coordinates"":[]}"
4609,127,2.6346532034173635,1,0.3490542769432068,1,1.3551939638365855,"{""type"":""MultiPoint"",""coordinates"":[]}"
4610,150,1.811207548873552,0,0.4738544225692749,0,0.8872362507354711,"{""type"":""MultiPoint"",""coordinates"":[]}"
4611,75,2.4138560221977032,0,0.347804844379425,0,1.1514869986583305,"{""type"":""MultiPoint"",""coordinates"":[]}"
4612,453,1.8184831977831264,0,10.99089241027832,0,0.9817468124264698,"{""type"":""MultiPoint"",""coordinates"":[]}"
4613,401,1.627636450661884,0,4.9529290199279785,0,0.648440294314128,"{""type"":""MultiPoint"",""coordinates"":[]}"
4614,168,2.5317844513446537,0,0.4641036093235016,0,1.427240182725711,"{""type"":""MultiPoint"",""coordinates"":[]}"
4615,108,1.7553587522477971,1,0.4348417818546295,0,0.7710815206218904,"{""type"":""MultiPoint"",""coordinates"":[]}"
4616,6,2.630827559701042,0,0.0919065624475479,0,1.143407009152817,"{""type"":""MultiPoint"",""coordinates"":[]}"
4617,922,1.79821677720833,0,19.31881523132324,0,0.7546480935971488,"{""type"":""MultiPoint"",""coordinates"":[]}"
4618,160,2.6373947079838347,1,0.394699215888977,1,1.4956269054305869,"{""type"":""MultiPoint"",""coordinates"":[]}"
4619,11,2.1409018724094837,0,0.0650741830468177,0,0.9277353566231704,"{""type"":""MultiPoint"",""coordinates"":[]}"
4620,979,1.6920157055597738,0,8.169856071472168,0,0.7235504320989972,"{""type"":""MultiPoint"",""coordinates"":[]}"
4621,12,3.242573291650058,0,0.1049264967441558,0,1.469048200324495,"{""type"":""MultiPoint"",""coordinates"":[]}"
4622,137,2.0227306967743552,1,0.2075064182281494,1,1.053610794696671,"{""type"":""MultiPoint"",""coordinates"":[]}"
4623,139,1.7901540430231635,1,0.158273696899414,0,0.899874145093655,"{""type"":""MultiPoint"",""coordinates"":[]}"
4624,184,1.9968617862348896,1,0.5347102880477905,0,1.0273501785591308,"{""type"":""MultiPoint"",""coordinates"":[]}"
4625,107,1.726702431370379,1,0.3846378624439239,0,0.8082994644889508,"{""type"":""MultiPoint"",""coordinates"":[]}"
4626,166,2.8560684715919704,1,0.3967291116714477,1,1.608191438513046,"{""type"":""MultiPoint"",""coordinates"":[]}"
4627,13,5.245728107561302,0,0.041263710707426,0,2.157653861935447,"{""type"":""MultiPoint"",""coordinates"":[]}"
4628,40,2.4251162151711245,1,0.0654942169785499,1,1.2160259115136245,"{""type"":""MultiPoint"",""coordinates"":[]}"
4629,1033,1.4083894959987169,0,1.652477502822876,0,0.8120946363045193,"{""type"":""MultiPoint"",""coordinates"":[]}"
4630,194,1.3481772946534774,0,2.2156684398651123,0,0.7261472878513459,"{""type"":""MultiPoint"",""coordinates"":[]}"
4631,548,1.5519300603457844,0,4.658770561218262,0,0.6345126223174369,"{""type"":""MultiPoint"",""coordinates"":[]}"
4632,69,2.040842300538537,0,0.4169193506240845,0,0.9598085531872788,"{""type"":""MultiPoint"",""coordinates"":[]}"
4633,84,2.024878301817492,0,0.2101292908191681,0,0.9854259496946136,"{""type"":""MultiPoint"",""coordinates"":[]}"
4634,465,2.1799657043343,1,0.2285267561674118,1,1.13526210821122,"{""type"":""MultiPoint"",""coordinates"":[]}"
4635,138,2.257675416646365,0,0.4505210220813751,0,1.2849880021561613,"{""type"":""MultiPoint"",""coordinates"":[]}"
4636,284,1.2821207816550702,1,0.310875654220581,0,0.5371173827853747,"{""type"":""MultiPoint"",""coordinates"":[]}"
4637,16,2.5248766802448377,0,0.0931507274508476,0,0.988051272945059,"{""type"":""MultiPoint"",""coordinates"":[]}"
4638,149,1.8372268595330707,1,0.7068803906440735,0,0.878225774821369,"{""type"":""MultiPoint"",""coordinates"":[]}"
4639,586,2.757200717599005,1,0.5068506598472595,1,1.4532985503594034,"{""type"":""MultiPoint"",""coordinates"":[]}"
4640,379,1.7017127565520775,0,14.081304550170898,0,0.7037100684447265,"{""type"":""MultiPoint"",""coordinates"":[]}"
4641,9,2.630827559701042,0,0.1225527673959732,0,1.143407009152817,"{""type"":""MultiPoint"",""coordinates"":[]}"
4642,372,1.8348848225587413,0,8.6452054977417,0,0.9698711085940532,"{""type"":""MultiPoint"",""coordinates"":[]}"
4643,145,1.6443875572388835,1,5.49352502822876,0,0.7074002068440863,"{""type"":""MultiPoint"",""coordinates"":[]}"
4644,216,2.57002730603416,0,0.5505437254905701,0,1.0150098968781966,"{""type"":""MultiPoint"",""coordinates"":[]}"
4645,129,1.7508474420901976,1,0.1761991530656814,0,0.811622569100407,"{""type"":""MultiPoint"",""coordinates"":[]}"
4646,282,0.8903994285218789,1,0.2318714708089828,0,0.3962414861549275,"{""type"":""MultiPoint"",""coordinates"":[]}"
4647,980,1.155723824318392,0,13.792941093444824,0,0.6294016067920348,"{""type"":""MultiPoint"",""coordinates"":[]}"
4648,192,1.5497406099336624,1,0.238190546631813,0,0.7649252692926983,"{""type"":""MultiPoint"",""coordinates"":[]}"
4649,208,2.1278645520503097,1,1.800382375717163,1,1.1858232932499178,"{""type"":""MultiPoint"",""coordinates"":[]}"
4650,276,3.3594297759706966,1,0.1475268900394439,2,1.7484056569308168,"{""type"":""MultiPoint"",""coordinates"":[]}"
4651,173,2.2095389772555016,0,5.370044708251953,0,1.1284533465246096,"{""type"":""MultiPoint"",""coordinates"":[]}"
4652,160,1.560810435125923,1,0.2662138044834137,0,0.6518463947948696,"{""type"":""MultiPoint"",""coordinates"":[]}"
4653,901,1.7487272618680816,0,6.473374366760254,0,0.869918451208872,"{""type"":""MultiPoint"",""coordinates"":[]}"
4654,739,2.891766927940416,1,0.5540277361869812,1,1.5006790576009856,"{""type"":""MultiPoint"",""coordinates"":[]}"
4655,11,3.3487027220453616,0,0.2211747765541076,0,1.4897968453683563,"{""type"":""MultiPoint"",""coordinates"":[]}"
4656,783,1.7554474928741874,1,6.210111618041992,0,0.7733480851064848,"{""type"":""MultiPoint"",""coordinates"":[]}"
4657,149,1.3861983624674004,0,0.6372929215431213,0,0.8462344102296303,"{""type"":""MultiPoint"",""coordinates"":[]}"
4658,786,1.598868100672954,0,1.3359817266464231,0,0.9418055378480062,"{""type"":""MultiPoint"",""coordinates"":[]}"
4659,50,2.0614545973311063,0,0.065534733235836,0,1.138118941830842,"{""type"":""MultiPoint"",""coordinates"":[]}"
4660,5,3.9039519514595606,1,0.0655361115932464,2,1.7336661686572463,"{""type"":""MultiPoint"",""coordinates"":[]}"
4661,361,1.4472466380357785,0,5.992978572845459,0,0.7843494939631143,"{""type"":""MultiPoint"",""coordinates"":[]}"
4662,24,4.200403303363268,0,0.2049900591373443,0,1.5678915878089972,"{""type"":""MultiPoint"",""coordinates"":[]}"
4663,94,2.049554942131888,1,0.1223870143294334,1,0.9974735105651484,"{""type"":""MultiPoint"",""coordinates"":[]}"
4664,325,2.7522984475725547,1,0.3850835263729095,1,1.4267621157173778,"{""type"":""MultiPoint"",""coordinates"":[]}"
4665,128,2.0537491532827814,1,0.0891981050372123,1,1.0279110750382665,"{""type"":""MultiPoint"",""coordinates"":[]}"
4666,19,2.46254168276631,1,0.065678596496582,1,0.9632302035094896,"{""type"":""MultiPoint"",""coordinates"":[]}"
4667,390,1.806919845504693,0,4.139417171478272,0,0.7160985633699634,"{""type"":""MultiPoint"",""coordinates"":[]}"
4668,5,3.01301361255501,1,0.0886994674801826,2,1.2391661260236466,"{""type"":""MultiPoint"",""coordinates"":[]}"
4669,166,1.9654001816491795,1,0.1718501597642898,0,1.07878139791955,"{""type"":""MultiPoint"",""coordinates"":[]}"
4670,21,2.810553572146565,1,0.0656194239854812,1,1.280525992684996,"{""type"":""MultiPoint"",""coordinates"":[]}"
4671,152,2.1284576866011413,0,2.3844895362854004,0,1.0754998313439286,"{""type"":""MultiPoint"",""coordinates"":[]}"
4672,28,2.278866217228426,0,0.0289840884506702,0,1.2294660124340169,"{""type"":""MultiPoint"",""coordinates"":[]}"
4673,118,2.397161053279313,1,0.0918163135647773,1,1.1244164273060475,"{""type"":""MultiPoint"",""coordinates"":[]}"
4674,603,2.439260532105558,0,0.7541277408599854,0,1.3054530314640032,"{""type"":""MultiPoint"",""coordinates"":[]}"
4675,63,1.7672514351740545,0,0.1056212484836578,0,1.1538629006469336,"{""type"":""MultiPoint"",""coordinates"":[]}"
4676,90,2.019650128643471,1,0.324987381696701,1,1.1254407702942757,"{""type"":""MultiPoint"",""coordinates"":[]}"
4677,14,4.200403303363268,0,0.320163369178772,0,1.5678915878089972,"{""type"":""MultiPoint"",""coordinates"":[]}"
4678,1760,1.7427547596147346,0,10.871142387390137,0,0.7715009046774661,"{""type"":""MultiPoint"",""coordinates"":[]}"
4679,127,1.9943921899668164,0,2.113697290420532,0,1.0253399121221662,"{""type"":""MultiPoint"",""coordinates"":[]}"
4680,350,1.5729592329858646,1,1.7866055965423584,0,0.8107232565827517,"{""type"":""MultiPoint"",""coordinates"":[]}"
4681,175,1.8286456894173773,1,0.165938138961792,0,0.9919989458417408,"{""type"":""MultiPoint"",""coordinates"":[]}"
4682,415,2.6120082202415427,1,0.4659321308135986,1,1.31704546735355,"{""type"":""MultiPoint"",""coordinates"":[]}"
4683,16,4.200403303363268,1,0.1449201554059982,2,1.5678915878089972,"{""type"":""MultiPoint"",""coordinates"":[]}"
4684,206,1.5832791589191029,1,0.5078892707824707,0,0.6790427343731306,"{""type"":""MultiPoint"",""coordinates"":[]}"
4685,15,3.580573824285928,0,0.0825445130467414,0,1.6109334388838634,"{""type"":""MultiPoint"",""coordinates"":[]}"
4686,145,1.6105968047818155,1,0.297033816576004,0,0.6650021774477994,"{""type"":""MultiPoint"",""coordinates"":[]}"
4687,274,2.783648997576605,1,0.4079967439174652,1,1.5455659817590313,"{""type"":""MultiPoint"",""coordinates"":[]}"
4688,526,2.439500571204455,0,4.664656639099121,0,1.393165234279148,"{""type"":""MultiPoint"",""coordinates"":[]}"
4689,451,0.6239959494871417,0,5.541516780853272,0,0.2403351964390008,"{""type"":""MultiPoint"",""coordinates"":[]}"
4690,113,2.2163036601794066,1,0.526336133480072,1,1.0104542609916265,"{""type"":""MultiPoint"",""coordinates"":[]}"
4691,115,2.1598476073445965,0,0.8388013243675232,0,1.05161235003313,"{""type"":""MultiPoint"",""coordinates"":[]}"
4692,193,2.515996820424739,1,0.4935995638370514,1,1.306135334308581,"{""type"":""MultiPoint"",""coordinates"":[]}"
4693,55,2.602150053227961,0,0.3190879225730896,0,1.0695977444986828,"{""type"":""MultiPoint"",""coordinates"":[]}"
4694,317,1.4260127235551272,1,0.5538448095321655,0,0.6434349084300436,"{""type"":""MultiPoint"",""coordinates"":[]}"
4696,74,2.525223014652472,0,0.0918238312005996,0,1.287440359206909,"{""type"":""MultiPoint"",""coordinates"":[]}"
4697,15,4.07086929441581,0,0.1159362122416496,0,1.7377325559458956,"{""type"":""MultiPoint"",""coordinates"":[]}"
4698,18,2.816676834286981,0,0.0825178623199462,0,1.3341897024734255,"{""type"":""MultiPoint"",""coordinates"":[]}"
4699,248,1.9131939355811451,1,0.6546623706817627,0,1.0898861784725191,"{""type"":""MultiPoint"",""coordinates"":[]}"
4700,606,1.5578379363704489,0,8.215185165405273,0,0.7168065748550353,"{""type"":""MultiPoint"",""coordinates"":[]}"
4701,116,1.993117633404856,1,0.1594821661710739,0,0.9906699444490358,"{""type"":""MultiPoint"",""coordinates"":[]}"
4702,863,1.050891731090793,0,3.1097261905670166,0,0.6056321559090924,"{""type"":""MultiPoint"",""coordinates"":[]}"
4703,204,1.4316702340579643,1,0.9304548501968384,0,0.6341081981377864,"{""type"":""MultiPoint"",""coordinates"":[]}"
4704,865,2.9389729516091823,1,1.1486910581588743,1,1.4703900287185852,"{""type"":""MultiPoint"",""coordinates"":[]}"
4705,264,1.697954597229979,1,1.5768561363220217,0,0.6638169401251471,"{""type"":""MultiPoint"",""coordinates"":[]}"
4706,464,1.973339745410363,1,0.1802323460578918,0,0.9882268760097608,"{""type"":""MultiPoint"",""coordinates"":[]}"
4707,117,2.235184249889635,0,0.364747554063797,0,1.266213932103443,"{""type"":""MultiPoint"",""coordinates"":[]}"
4708,97,2.118410044206491,0,0.4347886741161346,0,1.014976032250512,"{""type"":""MultiPoint"",""coordinates"":[]}"
4709,255,1.202644680547507,0,0.4100570976734161,0,0.5043144269079569,"{""type"":""MultiPoint"",""coordinates"":[]}"
4710,300,1.9958530707866595,1,1.6527836322784424,0,1.009434931686851,"{""type"":""MultiPoint"",""coordinates"":[]}"
4711,4,3.0780966390344866,1,0.0,2,1.0311547234398388,"{""type"":""MultiPoint"",""coordinates"":[]}"
4712,68,2.167439215572556,1,0.1865779310464859,1,1.1548776517086072,"{""type"":""MultiPoint"",""coordinates"":[]}"
4713,15,3.3203940628041697,1,0.156604379415512,2,1.3075032450706383,"{""type"":""MultiPoint"",""coordinates"":[]}"
4714,93,2.8410632176775223,0,0.8805230855941772,0,1.744181476849681,"{""type"":""MultiPoint"",""coordinates"":[]}"
4715,63,2.0988124483179624,1,0.1449201554059982,1,1.0135742599130222,"{""type"":""MultiPoint"",""coordinates"":[]}"
4716,40,2.0149579718092663,0,0.0917826369404792,0,1.147746779894302,"{""type"":""MultiPoint"",""coordinates"":[]}"
4717,17,3.727250890980716,0,0.0587466396391391,0,1.662407314695008,"{""type"":""MultiPoint"",""coordinates"":[]}"
4718,194,1.497130263435558,1,0.580118715763092,0,0.7562579700868141,"{""type"":""MultiPoint"",""coordinates"":[]}"
4719,22,2.222533379583518,0,0.2451296746730804,0,1.0090283056278075,"{""type"":""MultiPoint"",""coordinates"":[]}"
4720,36,1.9936513517306025,1,0.2301061600446701,0,0.9330435730478652,"{""type"":""MultiPoint"",""coordinates"":[]}"
4721,309,1.4265786444870092,1,0.6955729722976685,0,0.5893091237502357,"{""type"":""MultiPoint"",""coordinates"":[]}"
4722,188,2.070448935202554,1,0.1245852932333946,1,1.1411267869794004,"{""type"":""MultiPoint"",""coordinates"":[]}"
4723,197,1.3233415901636938,1,0.4763509631156921,0,0.6085599989712202,"{""type"":""MultiPoint"",""coordinates"":[]}"
4724,73,2.993705832068715,0,0.2673542201519012,0,1.1834967747592036,"{""type"":""MultiPoint"",""coordinates"":[]}"
4725,4,4.591636762713184,1,0.0589986890554428,2,1.6273784474898614,"{""type"":""MultiPoint"",""coordinates"":[]}"
4726,191,2.0542483723281806,1,0.2441932708024978,1,1.195668084217728,"{""type"":""MultiPoint"",""coordinates"":[]}"
4728,117,2.397161053279313,0,0.1868564188480377,0,1.1244164273060475,"{""type"":""MultiPoint"",""coordinates"":[]}"
4729,66,2.372773015873868,0,0.2062912732362747,0,1.168433747457306,"{""type"":""MultiPoint"",""coordinates"":[]}"
4730,444,1.490243160746712,0,3.933239221572876,0,0.5829310548124843,"{""type"":""MultiPoint"",""coordinates"":[]}"
4731,212,2.685778959712429,1,0.5225558876991272,1,1.5195772923322075,"{""type"":""MultiPoint"",""coordinates"":[]}"
4732,318,2.2046535180537106,0,0.1196246147155761,0,1.1319046333744505,"{""type"":""MultiPoint"",""coordinates"":[]}"
4733,277,1.124794861069113,1,0.6170967817306519,0,0.5986513695856246,"{""type"":""MultiPoint"",""coordinates"":[]}"
4734,67,2.0230092821312216,0,0.5137280225753784,0,1.1162361341731648,"{""type"":""MultiPoint"",""coordinates"":[]}"
4735,226,1.9461653963129637,1,0.4769225716590881,0,1.1195601930278385,"{""type"":""MultiPoint"",""coordinates"":[]}"
4736,104,2.35226451331523,1,0.2279990166425705,1,1.1378207334629442,"{""type"":""MultiPoint"",""coordinates"":[]}"
4737,109,1.9447757377019352,1,0.2913495004177093,0,0.9654447200382998,"{""type"":""MultiPoint"",""coordinates"":[]}"
4738,30,2.175535203986444,0,0.1739040166139602,0,0.9948537326456138,"{""type"":""MultiPoint"",""coordinates"":[]}"
4739,23,2.2732417784726247,0,0.1478983610868454,0,0.9937698446144936,"{""type"":""MultiPoint"",""coordinates"":[]}"
4740,125,2.332153046326891,0,0.1179421693086624,0,1.1375679856956458,"{""type"":""MultiPoint"",""coordinates"":[]}"
4741,2073,1.189481581742856,0,3.696455478668213,0,0.6876972408139139,"{""type"":""MultiPoint"",""coordinates"":[]}"
4742,189,0.9422293819287956,0,1.16848623752594,0,0.6223165707828542,"{""type"":""MultiPoint"",""coordinates"":[]}"
4743,97,2.1120066764009686,1,0.1864906847476959,1,1.056252694940343,"{""type"":""MultiPoint"",""coordinates"":[]}"
4744,857,3.1127530519053828,1,0.3598716557025909,2,1.5637980651906522,"{""type"":""MultiPoint"",""coordinates"":[]}"
4745,1180,1.1123376722256595,0,2.1443400382995605,0,0.6609501013500717,"{""type"":""MultiPoint"",""coordinates"":[]}"
4746,94,2.4138560221977032,1,0.5066802501678467,1,1.1514869986583305,"{""type"":""MultiPoint"",""coordinates"":[]}"
4747,87,2.4371559329601764,0,0.4377055466175079,0,1.203936654710691,"{""type"":""MultiPoint"",""coordinates"":[]}"
4748,87,1.9065465821938905,1,0.0655807107686996,0,1.1692963905089864,"{""type"":""MultiPoint"",""coordinates"":[]}"
4749,412,2.052540043945101,1,1.605534315109253,1,1.068842908696514,"{""type"":""MultiPoint"",""coordinates"":[]}"
4750,413,1.9737195792517217,1,0.4347530305385589,0,1.0404390091045057,"{""type"":""MultiPoint"",""coordinates"":[]}"
4751,393,2.383130190152734,0,0.2602174878120422,0,1.1193763513817032,"{""type"":""MultiPoint"",""coordinates"":[]}"
4752,59,1.7672514351740545,0,0.1968315094709396,0,1.1538629006469336,"{""type"":""MultiPoint"",""coordinates"":[]}"
4753,46,2.1939305066929173,0,0.5176597237586975,0,0.9776776464201248,"{""type"":""MultiPoint"",""coordinates"":[]}"
4754,36,2.607913557447403,0,0.2513731718063354,0,1.08408523776899,"{""type"":""MultiPoint"",""coordinates"":[]}"
4755,115,1.897806734288321,0,0.1564405560493469,0,0.9722481594308688,"{""type"":""MultiPoint"",""coordinates"":[]}"
4756,101,1.8086068015887176,0,0.1055694222450256,0,1.0499367955639256,"{""type"":""MultiPoint"",""coordinates"":[]}"
4757,759,1.6877174799546553,0,3.0473790168762207,0,0.9173964656875736,"{""type"":""MultiPoint"",""coordinates"":[]}"
4758,55,1.804191435269273,0,0.1478569060564041,0,0.8448756499881416,"{""type"":""MultiPoint"",""coordinates"":[]}"
4759,330,0.968201318801544,0,4.189023017883301,0,0.4524544970867372,"{""type"":""MultiPoint"",""coordinates"":[]}"
4760,117,2.3744881954145782,0,0.4965114295482635,0,1.3433675534109326,"{""type"":""MultiPoint"",""coordinates"":[]}"
4761,95,2.0716556248041917,1,0.066166266798973,1,1.0164784432786105,"{""type"":""MultiPoint"",""coordinates"":[]}"
4762,84,2.0327740631834503,1,0.0579681657254695,1,1.0793418842073628,"{""type"":""MultiPoint"",""coordinates"":[]}"
4763,37,1.9936513517306025,0,0.2337781935930252,0,0.9330435730478652,"{""type"":""MultiPoint"",""coordinates"":[]}"
4764,521,2.2547610235036246,0,2.827148675918579,0,1.1943867667893708,"{""type"":""MultiPoint"",""coordinates"":[]}"
4765,67,2.4568972128858846,0,0.165419653058052,0,1.1372184224275492,"{""type"":""MultiPoint"",""coordinates"":[]}"
4766,31,2.188557917028646,0,0.1868348568677902,0,0.9156217348593348,"{""type"":""MultiPoint"",""coordinates"":[]}"
4767,132,1.581695047081311,1,0.1786335408687591,0,0.7108086032618779,"{""type"":""MultiPoint"",""coordinates"":[]}"
4768,231,1.3682686089587384,0,0.6545360684394836,0,0.6477416253433287,"{""type"":""MultiPoint"",""coordinates"":[]}"
4769,218,0.9729920560587868,0,0.8248681426048279,0,0.4679121691226711,"{""type"":""MultiPoint"",""coordinates"":[]}"
4770,919,2.245956656386427,0,4.281322002410889,0,1.1626437644204233,"{""type"":""MultiPoint"",""coordinates"":[]}"
4771,182,1.2719835160218238,1,0.5394689440727234,0,0.5973433394654137,"{""type"":""MultiPoint"",""coordinates"":[]}"
4772,38,2.524470492473766,1,0.1835434287786483,1,1.2679466072646317,"{""type"":""MultiPoint"",""coordinates"":[]}"
4773,15,3.4435160397678573,1,0.0929372608661651,2,1.4468531194205192,"{""type"":""MultiPoint"",""coordinates"":[]}"
4774,14,5.076889003252751,0,0.1052851900458335,0,2.076369304303505,"{""type"":""MultiPoint"",""coordinates"":[]}"
4775,89,1.7056410902921253,0,0.0826169773936271,0,1.144282281909932,"{""type"":""MultiPoint"",""coordinates"":[]}"
4776,126,1.8432383035193995,0,0.2481438517570495,0,0.9390615947338564,"{""type"":""MultiPoint"",""coordinates"":[]}"
4777,163,2.086271675086428,0,0.9727479815483092,0,1.171984507647336,"{""type"":""MultiPoint"",""coordinates"":[]}"
4778,649,1.6494764090507272,0,11.276598930358888,0,0.792575230247747,"{""type"":""MultiPoint"",""coordinates"":[]}"
4779,124,2.0255595874405965,1,0.2080619186162948,1,1.0038241369000604,"{""type"":""MultiPoint"",""coordinates"":[]}"
4780,495,2.2626477521000283,1,0.3732720613479614,1,1.2003657769798153,"{""type"":""MultiPoint"",""coordinates"":[]}"
4781,380,2.443693577618349,1,0.514146089553833,1,1.305968204412328,"{""type"":""MultiPoint"",""coordinates"":[]}"
4782,6,2.652579034850977,0,0.0869522094726562,0,0.9380584134153644,"{""type"":""MultiPoint"",""coordinates"":[]}"
4783,797,1.8184831977831264,0,0.4347530305385589,0,0.9817468124264698,"{""type"":""MultiPoint"",""coordinates"":[]}"
4784,743,1.403476903994285,0,5.046268463134766,0,0.6125195449365191,"{""type"":""MultiPoint"",""coordinates"":[]}"
4785,129,1.948794607732201,1,0.6229172945022583,0,1.015261189608036,"{""type"":""MultiPoint"",""coordinates"":[]}"
4786,115,2.0128422229215146,1,0.1883858740329742,1,0.9795304925095526,"{""type"":""MultiPoint"",""coordinates"":[]}"
4787,1737,1.0926319120850605,1,13.754441261291504,0,0.5715738573120102,"{""type"":""MultiPoint"",""coordinates"":[]}"
4788,136,2.6346532034173635,1,0.2067959308624267,1,1.3551939638365855,"{""type"":""MultiPoint"",""coordinates"":[]}"
4789,334,2.137501126267872,0,0.402660995721817,0,1.187743891442212,"{""type"":""MultiPoint"",""coordinates"":[]}"
4790,515,1.2372003881403797,0,1.8713403940200808,0,0.6415180405319193,"{""type"":""MultiPoint"",""coordinates"":[]}"
4791,71,2.42678833813838,0,0.2280720323324203,0,1.2054060711655288,"{""type"":""MultiPoint"",""coordinates"":[]}"
4792,412,3.1680271155024,1,0.4591253101825714,2,1.5545917663605922,"{""type"":""MultiPoint"",""coordinates"":[]}"
4793,140,1.8525295889397095,1,0.3013916015625,0,0.8749580024208224,"{""type"":""MultiPoint"",""coordinates"":[]}"
4794,58,2.4863289421819954,0,0.0657587870955467,0,1.212644654071403,"{""type"":""MultiPoint"",""coordinates"":[]}"
4795,143,1.8686871753988128,0,0.7439969778060913,0,0.9396686248204348,"{""type"":""MultiPoint"",""coordinates"":[]}"
4796,782,0.9637899358282246,0,3.568522453308105,0,0.5709343496743694,"{""type"":""MultiPoint"",""coordinates"":[]}"
4797,255,0.8081290910926276,1,0.6787795424461365,0,0.4277897792625033,"{""type"":""MultiPoint"",""coordinates"":[]}"
4798,88,2.1598476073445965,1,0.1695907115936279,1,1.05161235003313,"{""type"":""MultiPoint"",""coordinates"":[]}"
4799,377,2.09141092600366,0,2.1948959827423096,0,1.190310825613172,"{""type"":""MultiPoint"",""coordinates"":[]}"
4800,11,4.370330472364077,0,0.0927492976188659,0,1.862196094096915,"{""type"":""MultiPoint"",""coordinates"":[]}"
4801,307,2.1831748171277265,0,1.89581835269928,0,1.2370064284468276,"{""type"":""MultiPoint"",""coordinates"":[]}"
4802,1175,1.0015449012281097,0,5.882801532745361,0,0.5083224442196695,"{""type"":""MultiPoint"",""coordinates"":[]}"
4803,23,2.3966901560514065,1,0.0929557457566261,1,1.118238185995054,"{""type"":""MultiPoint"",""coordinates"":[]}"
4804,449,1.2011499197530948,1,0.8134174942970276,0,0.624665659212447,"{""type"":""MultiPoint"",""coordinates"":[]}"
4805,342,1.5519300603457844,0,1.0281422138214111,0,0.6345126223174369,"{""type"":""MultiPoint"",""coordinates"":[]}"
4806,252,1.751044154817072,0,8.583062171936035,0,0.9325950072808764,"{""type"":""MultiPoint"",""coordinates"":[]}"
4807,61,2.4065181092234385,0,0.20502670109272,0,1.1445074922349985,"{""type"":""MultiPoint"",""coordinates"":[]}"
4808,242,1.2921279513466042,1,0.5236676335334778,0,0.5625875635163692,"{""type"":""MultiPoint"",""coordinates"":[]}"
4809,95,1.8712271396112707,0,0.7637165784835815,0,1.040123040057489,"{""type"":""MultiPoint"",""coordinates"":[]}"
4810,107,1.7406761552041128,0,0.0413079336285591,0,1.1571692362975383,"{""type"":""MultiPoint"",""coordinates"":[]}"
4811,93,2.0327740631834503,1,0.2480745613574981,1,1.0793418842073628,"{""type"":""MultiPoint"",""coordinates"":[]}"
4812,2,3.4117452649048827,1,0.0,2,1.427630176729881,"{""type"":""MultiPoint"",""coordinates"":[]}"
4813,111,2.4349036725234177,1,0.2392570227384567,1,1.211331508928924,"{""type"":""MultiPoint"",""coordinates"":[]}"
4814,298,1.960924505340819,1,0.3899559378623962,0,1.1233080380977305,"{""type"":""MultiPoint"",""coordinates"":[]}"
4815,33,2.3411873238279406,1,0.0,1,1.0880672118109942,"{""type"":""MultiPoint"",""coordinates"":[]}"
4816,242,2.023959366021848,0,1.2453516721725464,0,1.1965752604875162,"{""type"":""MultiPoint"",""coordinates"":[]}"
4817,29,2.290412878890094,1,0.3284803926944732,1,0.9817058749755094,"{""type"":""MultiPoint"",""coordinates"":[]}"
4818,300,0.7548123853211001,0,2.277449131011963,0,0.2985670346760287,"{""type"":""MultiPoint"",""coordinates"":[]}"
4819,23,2.003108931994663,1,0.2970429956912994,1,0.8958363081773946,"{""type"":""MultiPoint"",""coordinates"":[]}"
4820,65,1.7199518795196225,0,0.2318714708089828,0,1.163797340250066,"{""type"":""MultiPoint"",""coordinates"":[]}"
4821,16,2.988909539571328,0,0.5323007106781006,0,1.2250435326091096,"{""type"":""MultiPoint"",""coordinates"":[]}"
4822,38,1.836997822049356,0,0.0588376633822917,0,1.171700113453496,"{""type"":""MultiPoint"",""coordinates"":[]}"
4823,294,0.8044527163923082,1,0.3939665853977203,0,0.3688414992881844,"{""type"":""MultiPoint"",""coordinates"":[]}"
4824,118,1.8686871753988128,1,0.2480098754167556,0,0.9396686248204348,"{""type"":""MultiPoint"",""coordinates"":[]}"
4825,211,3.011218229942956,1,0.4973238408565521,2,1.6632052774995478,"{""type"":""MultiPoint"",""coordinates"":[]}"
4826,357,1.2571589847499378,0,7.133513927459717,0,0.6375893246430799,"{""type"":""MultiPoint"",""coordinates"":[]}"
4827,52,2.4820165565990746,0,0.1196337565779686,0,1.1770125307684445,"{""type"":""MultiPoint"",""coordinates"":[]}"
4828,102,1.925394411909376,1,0.4592990577220917,0,0.9686687640810038,"{""type"":""MultiPoint"",""coordinates"":[]}"
4829,24,2.3966901560514065,1,0.0656208768486976,1,1.118238185995054,"{""type"":""MultiPoint"",""coordinates"":[]}"
4830,118,1.4604237903858783,1,0.2694146633148193,0,0.7190260837080846,"{""type"":""MultiPoint"",""coordinates"":[]}"
4831,906,1.2706688059130569,0,0.3432876169681549,0,0.7476622345494036,"{""type"":""MultiPoint"",""coordinates"":[]}"
4832,276,2.359339829239384,0,0.4057705104351043,0,0.985266440719838,"{""type"":""MultiPoint"",""coordinates"":[]}"
4833,79,1.9031294384785529,1,0.2393010258674621,0,0.8945651146373838,"{""type"":""MultiPoint"",""coordinates"":[]}"
4834,396,1.9641607914160828,0,10.834568977355955,0,1.110563225029989,"{""type"":""MultiPoint"",""coordinates"":[]}"
4835,111,2.0128422229215146,1,0.2099267691373825,1,0.9795304925095526,"{""type"":""MultiPoint"",""coordinates"":[]}"
4836,52,2.028554713421638,1,0.1242164820432663,1,0.9418939605590472,"{""type"":""MultiPoint"",""coordinates"":[]}"
4837,8,2.74663348351555,1,0.0,1,1.2102160143135006,"{""type"":""MultiPoint"",""coordinates"":[]}"
4838,334,0.3051108396630596,0,1.8087129592895508,0,0.179258296811627,"{""type"":""MultiPoint"",""coordinates"":[]}"
4839,409,2.137501126267872,0,0.3906944692134857,0,1.187743891442212,"{""type"":""MultiPoint"",""coordinates"":[]}"
4840,110,2.2865196730253947,0,0.2433808743953704,0,1.0712257014689797,"{""type"":""MultiPoint"",""coordinates"":[]}"
4841,250,1.9359130776270967,0,0.9877872467041016,0,1.09561885035678,"{""type"":""MultiPoint"",""coordinates"":[]}"
4842,302,3.001020128610526,1,0.5255571007728577,2,1.6535381388161965,"{""type"":""MultiPoint"",""coordinates"":[]}"
4843,565,1.3102892528384564,0,0.6243451237678528,0,0.7542784577775778,"{""type"":""MultiPoint"",""coordinates"":[]}"
4844,88,2.053390745727516,1,0.1704975962638855,1,1.0287678255692372,"{""type"":""MultiPoint"",""coordinates"":[]}"
4845,105,2.049554942131888,1,0.2484191656112671,1,0.9974735105651484,"{""type"":""MultiPoint"",""coordinates"":[]}"
4846,161,1.344615355995886,1,0.2753926515579223,0,0.7769218427403821,"{""type"":""MultiPoint"",""coordinates"":[]}"
4847,499,1.6170446798503637,0,2.4411580562591557,0,0.6744572389315943,"{""type"":""MultiPoint"",""coordinates"":[]}"
4848,324,0.9637899358282246,0,0.6169030070304871,0,0.5709343496743694,"{""type"":""MultiPoint"",""coordinates"":[]}"
4849,378,1.5519300603457844,0,0.3400936424732208,0,0.6345126223174369,"{""type"":""MultiPoint"",""coordinates"":[]}"
4850,139,1.3861983624674004,1,0.6705060601234436,0,0.8462344102296303,"{""type"":""MultiPoint"",""coordinates"":[]}"
4851,67,1.9384573365541895,1,0.2624982893466949,0,0.9936710761710712,"{""type"":""MultiPoint"",""coordinates"":[]}"
4852,649,1.8162669919164105,0,3.9599316120147705,0,1.0127746809738716,"{""type"":""MultiPoint"",""coordinates"":[]}"
4853,17,3.074210892970932,1,0.0936703905463218,2,1.2253674441452318,"{""type"":""MultiPoint"",""coordinates"":[]}"
4854,459,1.4765121872049636,1,6.9566731452941895,0,0.8208416841317092,"{""type"":""MultiPoint"",""coordinates"":[]}"
4855,72,2.0762379443625067,1,0.3402336239814758,1,0.9687966741844356,"{""type"":""MultiPoint"",""coordinates"":[]}"
4856,93,1.909610978900916,0,0.1238760203123092,0,1.12766017027658,"{""type"":""MultiPoint"",""coordinates"":[]}"
4857,-1,3.7801756705438,0,0.0,0,1.2412172756980309,"{""type"":""MultiPoint"",""coordinates"":[]}"
4858,514,1.2199809799003871,0,13.776444435119627,0,0.6093934360772675,"{""type"":""MultiPoint"",""coordinates"":[]}"
4859,137,2.257675416646365,0,0.4486277401447296,0,1.2849880021561613,"{""type"":""MultiPoint"",""coordinates"":[]}"
4860,365,3.214826133709053,1,0.6017754673957825,2,1.5779176602777578,"{""type"":""MultiPoint"",""coordinates"":[]}"
4861,2252,0.8955512404603164,0,10.515776634216309,0,0.5250658554465338,"{""type"":""MultiPoint"",""coordinates"":[]}"
4862,337,1.3221929349466883,1,4.533536911010742,0,0.5440395214341774,"{""type"":""MultiPoint"",""coordinates"":[]}"
4863,28,3.270920647136681,0,0.2752867043018341,0,1.4302298705784455,"{""type"":""MultiPoint"",""coordinates"":[]}"
4864,225,1.2719835160218238,1,0.2510793805122375,0,0.5973433394654137,"{""type"":""MultiPoint"",""coordinates"":[]}"
4865,686,0.9502485108094212,0,2.9384984970092773,0,0.5160339438735938,"{""type"":""MultiPoint"",""coordinates"":[]}"
4866,50,1.8853312195131424,0,0.3242169618606567,0,0.9683394271901012,"{""type"":""MultiPoint"",""coordinates"":[]}"
4867,37,2.1520457866889044,1,0.029447890818119,1,1.0051973630041022,"{""type"":""MultiPoint"",""coordinates"":[]}"
4868,247,2.262707373106334,1,0.3902299702167511,1,1.2125403041504406,"{""type"":""MultiPoint"",""coordinates"":[]}"
4869,92,2.3402583729185724,0,0.6196904182434082,0,1.0787738628895782,"{""type"":""MultiPoint"",""coordinates"":[]}"
4870,1319,1.4316702340579643,0,13.093525886535645,0,0.6341081981377864,"{""type"":""MultiPoint"",""coordinates"":[]}"
4871,1318,1.155723824318392,0,14.077717781066896,0,0.6294016067920348,"{""type"":""MultiPoint"",""coordinates"":[]}"
4872,161,1.9542075903542773,1,0.1764265298843383,0,1.0237817021256497,"{""type"":""MultiPoint"",""coordinates"":[]}"
4873,379,1.8184831977831264,0,0.4748946726322174,0,0.9817468124264698,"{""type"":""MultiPoint"",""coordinates"":[]}"
4874,86,1.9384573365541895,1,0.4223881959915161,0,0.9936710761710712,"{""type"":""MultiPoint"",""coordinates"":[]}"
4875,29,1.9780620592278777,1,0.065555453300476,0,1.1657015362483876,"{""type"":""MultiPoint"",""coordinates"":[]}"
4876,447,2.118257958694973,0,2.0850789546966557,0,1.1064264628845188,"{""type"":""MultiPoint"",""coordinates"":[]}"
4877,399,1.7782638243715374,0,2.66363263130188,0,0.9420326145580314,"{""type"":""MultiPoint"",""coordinates"":[]}"
4878,388,3.1680271155024,1,0.4045324623584747,2,1.5545917663605922,"{""type"":""MultiPoint"",""coordinates"":[]}"
4879,86,1.7056410902921253,1,0.3671828210353851,0,1.144282281909932,"{""type"":""MultiPoint"",""coordinates"":[]}"
4880,259,1.0882707665458964,1,0.1060085594654083,0,0.4820544104404801,"{""type"":""MultiPoint"",""coordinates"":[]}"
4881,12,3.3469782978874507,1,0.3380517363548279,2,1.3043208803266186,"{""type"":""MultiPoint"",""coordinates"":[]}"
4882,195,2.559478692729965,1,0.1474834680557251,1,1.4097191977036696,"{""type"":""MultiPoint"",""coordinates"":[]}"
4883,181,1.2199809799003871,1,0.289838433265686,0,0.6093934360772675,"{""type"":""MultiPoint"",""coordinates"":[]}"
4884,196,1.124794861069113,1,0.2764648795127868,0,0.5986513695856246,"{""type"":""MultiPoint"",""coordinates"":[]}"
4885,191,2.051384158980655,1,0.6851362586021423,1,1.124440119531671,"{""type"":""MultiPoint"",""coordinates"":[]}"
4886,36,2.13178008436859,1,0.1594386547803878,1,0.9545885580542528,"{""type"":""MultiPoint"",""coordinates"":[]}"
4887,584,1.7782638243715374,0,1.6683473587036133,0,0.9420326145580314,"{""type"":""MultiPoint"",""coordinates"":[]}"
4888,125,1.6315029477766607,1,0.2099407017230987,0,0.8129547165058789,"{""type"":""MultiPoint"",""coordinates"":[]}"
4889,374,2.1514531233815206,0,0.445981353521347,0,1.0049885167315835,"{""type"":""MultiPoint"",""coordinates"":[]}"
4890,82,2.149712260057518,1,0.3514131903648376,1,1.001066307233956,"{""type"":""MultiPoint"",""coordinates"":[]}"
4891,216,1.9940263273884185,0,2.1447231769561768,0,1.0900795391873226,"{""type"":""MultiPoint"",""coordinates"":[]}"
4892,9,3.828765266112223,1,0.0829765200614929,2,1.4623091873082827,"{""type"":""MultiPoint"",""coordinates"":[]}"
4893,2103,0.91453184028237,1,2.6208362579345703,0,0.5511523434337091,"{""type"":""MultiPoint"",""coordinates"":[]}"
4894,5,3.4117452649048827,0,0.1724379807710647,0,1.427630176729881,"{""type"":""MultiPoint"",""coordinates"":[]}"
4895,310,0.9216965127803376,0,0.7109761834144592,0,0.5004200450571196,"{""type"":""MultiPoint"",""coordinates"":[]}"
4896,192,1.8152208222852475,1,0.4583757221698761,0,0.7869891805566256,"{""type"":""MultiPoint"",""coordinates"":[]}"
4897,28,3.283683498548585,0,0.701270580291748,0,2.2332737197554438,"{""type"":""MultiPoint"",""coordinates"":[]}"
4898,10,3.580573824285928,0,0.0587526485323905,0,1.6109334388838634,"{""type"":""MultiPoint"",""coordinates"":[]}"
4899,595,2.322381376183638,1,0.6201109290122986,1,1.2499884715203136,"{""type"":""MultiPoint"",""coordinates"":[]}"
4900,171,2.3455152403386923,1,0.3588740527629852,1,1.1570419226116906,"{""type"":""MultiPoint"",""coordinates"":[]}"
4901,20,2.35375255836849,1,0.0589952282607555,1,0.9515416028136016,"{""type"":""MultiPoint"",""coordinates"":[]}"
4902,297,2.1532205106792737,0,0.8323339223861694,0,0.8561089917271784,"{""type"":""MultiPoint"",""coordinates"":[]}"
4903,110,1.8417131648502696,1,0.3242779076099396,0,0.8989112911627106,"{""type"":""MultiPoint"",""coordinates"":[]}"
4904,31,2.1669869154937227,1,0.1463097929954528,1,0.9713429299621524,"{""type"":""MultiPoint"",""coordinates"":[]}"
4905,156,1.9542075903542773,1,0.3977216780185699,0,1.0237817021256497,"{""type"":""MultiPoint"",""coordinates"":[]}"
4906,7,3.3487027220453616,0,0.0880622267723083,0,1.4897968453683563,"{""type"":""MultiPoint"",""coordinates"":[]}"
4907,113,2.0785784333785915,1,0.3451310396194458,1,0.9611038669959924,"{""type"":""MultiPoint"",""coordinates"":[]}"
4908,513,1.8242419730265589,0,12.311504364013672,0,0.9598417601498442,"{""type"":""MultiPoint"",""coordinates"":[]}"
4909,32,1.9896957909339823,1,0.0917917937040329,0,1.1683925318940265,"{""type"":""MultiPoint"",""coordinates"":[]}"
4910,72,2.102739730498381,1,0.1966117620468139,1,1.1344593465104953,"{""type"":""MultiPoint"",""coordinates"":[]}"
4911,122,1.4604237903858783,1,0.1498147100210189,0,0.7190260837080846,"{""type"":""MultiPoint"",""coordinates"":[]}"
4912,1,4.591636762713184,1,0.0413519404828548,2,1.6273784474898614,"{""type"":""MultiPoint"",""coordinates"":[]}"
4913,143,2.050010317903169,1,0.2606315910816192,1,1.0813183451517556,"{""type"":""MultiPoint"",""coordinates"":[]}"
4914,181,1.8286456894173773,1,0.0936326161026954,0,0.9919989458417408,"{""type"":""MultiPoint"",""coordinates"":[]}"
4915,841,2.7691550720859484,0,1.612271428108215,0,1.4503332782349398,"{""type"":""MultiPoint"",""coordinates"":[]}"
4916,267,1.9338413518101345,1,0.1483086347579956,0,1.1166382858759014,"{""type"":""MultiPoint"",""coordinates"":[]}"
4917,11,2.5474804875293584,1,0.0650346428155899,1,0.9245107734293332,"{""type"":""MultiPoint"",""coordinates"":[]}"
4918,900,2.9389729516091823,1,1.2177444696426392,1,1.4703900287185852,"{""type"":""MultiPoint"",""coordinates"":[]}"
4919,124,2.6558239025111066,0,0.373871773481369,0,1.4791094314036304,"{""type"":""MultiPoint"",""coordinates"":[]}"
4920,13,2.616496620769912,1,0.0827063024044036,1,0.959741696521171,"{""type"":""MultiPoint"",""coordinates"":[]}"
4921,58,2.4923539015163496,1,0.2692609131336212,1,1.17648591442247,"{""type"":""MultiPoint"",""coordinates"":[]}"
4922,50,2.135617035590709,0,0.4700286388397217,0,0.9901842087419594,"{""type"":""MultiPoint"",""coordinates"":[]}"
4923,43,1.9593171597329653,0,0.1159362122416496,0,0.9141591731717722,"{""type"":""MultiPoint"",""coordinates"":[]}"
4924,129,1.7508474420901976,1,0.1210182607173919,0,0.811622569100407,"{""type"":""MultiPoint"",""coordinates"":[]}"
4925,14,2.5005390416487407,1,0.0650547966361045,1,1.0269418407305848,"{""type"":""MultiPoint"",""coordinates"":[]}"
4926,54,1.9772015245798376,1,0.1881599575281143,0,0.9638475032056366,"{""type"":""MultiPoint"",""coordinates"":[]}"
4927,1024,1.6154651677710825,0,15.133101463317873,0,0.6853129840286423,"{""type"":""MultiPoint"",""coordinates"":[]}"
4928,5,4.058009311842343,1,0.0289840884506702,2,1.748389081757882,"{""type"":""MultiPoint"",""coordinates"":[]}"
4929,86,1.984474621203263,1,0.1872071325778961,0,0.97892692016483,"{""type"":""MultiPoint"",""coordinates"":[]}"
4930,99,2.240173735042616,1,0.3987564146518707,1,1.1037384270940032,"{""type"":""MultiPoint"",""coordinates"":[]}"
4931,353,1.7103526455417346,1,0.2347998917102813,0,0.9271995075013888,"{""type"":""MultiPoint"",""coordinates"":[]}"
4932,10,3.400399477243745,1,0.0289840884506702,2,1.254855804442809,"{""type"":""MultiPoint"",""coordinates"":[]}"
4933,27,2.252882089477688,1,0.1054621338844299,1,1.1920550506796133,"{""type"":""MultiPoint"",""coordinates"":[]}"
4934,491,1.7283516968382964,1,4.992769241333008,0,0.8029899563559552,"{""type"":""MultiPoint"",""coordinates"":[]}"
4935,72,1.896093817163664,1,0.1800356954336166,0,0.9042637616116588,"{""type"":""MultiPoint"",""coordinates"":[]}"
4936,702,1.960924505340819,0,11.245180130004885,0,1.1233080380977305,"{""type"":""MultiPoint"",""coordinates"":[]}"
4937,133,1.8023968247437585,1,0.3177992403507232,0,0.768915950055204,"{""type"":""MultiPoint"",""coordinates"":[]}"
4938,743,0.7883568858392318,0,21.125757217407227,0,0.3933613813732576,"{""type"":""MultiPoint"",""coordinates"":[]}"
4939,40,2.079126024103008,0,0.2625466585159302,0,0.9596526141372124,"{""type"":""MultiPoint"",""coordinates"":[]}"
4940,162,1.5497406099336624,1,0.1565110385417938,0,0.7649252692926983,"{""type"":""MultiPoint"",""coordinates"":[]}"
4941,1192,0.7297211580512621,0,21.135730743408203,0,0.3584854003577742,"{""type"":""MultiPoint"",""coordinates"":[]}"
4942,862,1.2944814379883134,0,4.453761577606201,0,0.7226111840330136,"{""type"":""MultiPoint"",""coordinates"":[]}"
4943,340,2.526174079868013,1,0.3516701161861419,1,1.3134674239240225,"{""type"":""MultiPoint"",""coordinates"":[]}"
4944,32,2.3966901560514065,1,0.1212858706712722,1,1.118238185995054,"{""type"":""MultiPoint"",""coordinates"":[]}"
4945,431,1.9474103576336348,1,0.8024694323539734,0,0.977167471922742,"{""type"":""MultiPoint"",""coordinates"":[]}"
4946,30,2.0452643686298835,1,0.1197008937597274,1,0.9614242990428868,"{""type"":""MultiPoint"",""coordinates"":[]}"
4947,711,1.7723582065156538,0,13.545318603515623,0,0.9733183442676924,"{""type"":""MultiPoint"",""coordinates"":[]}"
4948,189,2.2095389772555016,0,1.426222562789917,0,1.1284533465246096,"{""type"":""MultiPoint"",""coordinates"":[]}"
4949,85,2.024878301817492,0,0.1322981566190719,0,0.9854259496946136,"{""type"":""MultiPoint"",""coordinates"":[]}"
4950,68,2.0762379443625067,1,0.2913558483123779,1,0.9687966741844356,"{""type"":""MultiPoint"",""coordinates"":[]}"
4951,140,2.6346532034173635,1,0.3490541279315948,1,1.3551939638365855,"{""type"":""MultiPoint"",""coordinates"":[]}"
4952,25,2.290412878890094,1,0.2143265902996063,1,0.9817058749755094,"{""type"":""MultiPoint"",""coordinates"":[]}"
4953,446,1.7011457482924832,0,2.064121723175049,0,0.8928892864479229,"{""type"":""MultiPoint"",""coordinates"":[]}"
4954,139,1.9943921899668164,1,0.3913138210773468,0,1.0253399121221662,"{""type"":""MultiPoint"",""coordinates"":[]}"
4955,180,2.0646243154625803,1,0.4786380529403686,1,1.07382761467884,"{""type"":""MultiPoint"",""coordinates"":[]}"
4956,164,1.8993703875191728,1,0.1764221340417862,0,0.9642304681687548,"{""type"":""MultiPoint"",""coordinates"":[]}"
4957,8,5.722340724637564,0,0.1763663291931152,0,2.3290538090819206,"{""type"":""MultiPoint"",""coordinates"":[]}"
4958,286,2.757095951055113,0,8.799905776977539,0,1.2136010282735823,"{""type"":""MultiPoint"",""coordinates"":[]}"
4960,112,1.7904691775371175,1,0.2113541960716247,0,0.8573914466307963,"{""type"":""MultiPoint"",""coordinates"":[]}"
4961,346,2.0814856100378942,1,1.049231767654419,1,1.0140682818582918,"{""type"":""MultiPoint"",""coordinates"":[]}"
4962,69,1.840153981232626,1,0.158952847123146,0,0.8740432951942065,"{""type"":""MultiPoint"",""coordinates"":[]}"
4963,9,3.342437234959725,1,0.0295221470296382,2,1.2811879768499272,"{""type"":""MultiPoint"",""coordinates"":[]}"
4964,66,2.474469157199223,1,0.1863956153392791,1,0.977116238692242,"{""type"":""MultiPoint"",""coordinates"":[]}"
4965,451,1.9474103576336348,1,0.9158595204353333,0,0.977167471922742,"{""type"":""MultiPoint"",""coordinates"":[]}"
4966,378,2.780821110896866,0,0.4756188094615936,0,1.2935047681928766,"{""type"":""MultiPoint"",""coordinates"":[]}"
4967,102,1.9943921899668164,1,0.3227800726890564,0,1.0253399121221662,"{""type"":""MultiPoint"",""coordinates"":[]}"
4968,643,1.644613627221271,0,10.001076698303224,0,0.8694260611066856,"{""type"":""MultiPoint"",""coordinates"":[]}"
4969,360,2.019124627443309,0,2.7645061016082764,0,0.8158398453786491,"{""type"":""MultiPoint"",""coordinates"":[]}"
4970,186,1.5930156539969214,0,0.2232614457607269,0,0.6690939232854187,"{""type"":""MultiPoint"",""coordinates"":[]}"
4971,416,2.242346549235826,1,0.4827147424221039,1,1.2274409587268864,"{""type"":""MultiPoint"",""coordinates"":[]}"
4972,889,2.9389729516091823,1,0.2535031735897064,1,1.4703900287185852,"{""type"":""MultiPoint"",""coordinates"":[]}"
4973,134,2.192453244832324,1,0.2608550190925598,1,1.0480655895478093,"{""type"":""MultiPoint"",""coordinates"":[]}"
4974,15,2.810553572146565,1,0.0917976573109626,1,1.280525992684996,"{""type"":""MultiPoint"",""coordinates"":[]}"
4975,365,3.1124446173759326,0,0.4553125500679016,0,1.4599905703486864,"{""type"":""MultiPoint"",""coordinates"":[]}"
4976,79,2.05231950878926,1,0.1515143364667892,1,1.0068307604015068,"{""type"":""MultiPoint"",""coordinates"":[]}"
4977,52,2.080404199985755,0,0.1449201554059982,0,0.9484819171503132,"{""type"":""MultiPoint"",""coordinates"":[]}"
4978,186,1.9943921899668164,0,1.7952966690063477,0,1.0253399121221662,"{""type"":""MultiPoint"",""coordinates"":[]}"
4979,16,2.547343700285216,0,0.0919030755758285,0,1.0923091190885366,"{""type"":""MultiPoint"",""coordinates"":[]}"
4980,115,1.5596914185035582,0,0.1765124946832656,0,0.9472280679848272,"{""type"":""MultiPoint"",""coordinates"":[]}"
4981,143,1.7274274656245896,1,0.529086709022522,0,0.7876577020055245,"{""type"":""MultiPoint"",""coordinates"":[]}"
4982,104,2.35226451331523,0,0.2747865617275238,0,1.1378207334629442,"{""type"":""MultiPoint"",""coordinates"":[]}"
4983,21,3.0098895063241966,0,0.459658145904541,0,1.1887415501652376,"{""type"":""MultiPoint"",""coordinates"":[]}"
4984,100,1.671767778083762,1,0.1461783498525619,0,0.7547243336390591,"{""type"":""MultiPoint"",""coordinates"":[]}"
4985,295,1.7160565515423594,1,0.3032214045524597,0,0.691144891169714,"{""type"":""MultiPoint"",""coordinates"":[]}"
4986,724,1.3485773829049117,0,8.303783416748047,0,0.5935693008239511,"{""type"":""MultiPoint"",""coordinates"":[]}"
4987,51,1.9714578588614824,1,0.6382882595062256,0,0.913283897299722,"{""type"":""MultiPoint"",""coordinates"":[]}"
4988,816,1.5353033584540965,1,0.4876062572002411,0,0.8950433260978984,"{""type"":""MultiPoint"",""coordinates"":[]}"
4989,302,2.3729240259761477,1,0.6403548121452332,1,1.209537386209789,"{""type"":""MultiPoint"",""coordinates"":[]}"
4990,892,1.3094079629475326,0,3.4350175857543945,0,0.6230038874788038,"{""type"":""MultiPoint"",""coordinates"":[]}"
4991,161,1.1683503395656725,1,0.1967627257108688,0,0.6342923810416271,"{""type"":""MultiPoint"",""coordinates"":[]}"
4992,207,1.9461653963129637,1,0.4158115983009338,0,1.1195601930278385,"{""type"":""MultiPoint"",""coordinates"":[]}"
4993,49,2.066769624228556,0,0.1590332686901092,0,0.9400326133263244,"{""type"":""MultiPoint"",""coordinates"":[]}"
4994,39,2.1549844194097347,0,0.0881699174642562,0,1.1828644728585924,"{""type"":""MultiPoint"",""coordinates"":[]}"
4995,41,2.09337716886276,1,0.147081658244133,1,1.0049798702985877,"{""type"":""MultiPoint"",""coordinates"":[]}"
4996,587,1.7302708221032854,0,9.16780948638916,0,0.9053685850748944,"{""type"":""MultiPoint"",""coordinates"":[]}"
4997,64,2.1683963670613355,1,0.0886828750371933,1,1.007022232198593,"{""type"":""MultiPoint"",""coordinates"":[]}"
4998,277,0.958510706432984,1,2.35318660736084,0,0.5146952480218067,"{""type"":""MultiPoint"",""coordinates"":[]}"
4999,133,1.7508474420901976,1,0.105469599366188,0,0.811622569100407,"{""type"":""MultiPoint"",""coordinates"":[]}"
